siteID,seas,yr,Criteria1,Criteria2,Criteria3,Ca,Mg,K,Na,NH4,NO3,totalN,Cl,SO4,hplus,svol,ppt,fullChemLab,daysSample,startDate,endDate
CO98,10,1983,100,100,100,0.0796381,0.0145325,0.0093008,0.034878,0.0441788,0.3266906,.108,0.0511544,0.6086211,.008,2220.5,5.813,4,28,"Oct  4 1983 12:00AM","Nov  1 1983 12:00AM"
CO98,11,1983,75,100,91,0.0938729,0.0138501,0.0230835,0.0261613,0.0569393,0.4201197,.139,0.1061841,0.7202052,.008,3455.8,15.389,3,28,"Nov  1 1983 12:00AM","Nov 29 1983 12:00AM"
CO98,12,1983,60,100,65,0.041691,0.011759,0.004276,0.0261905,0.0069485,0.2346455,.058,0.0400875,0.355977,.003,451.9,5.345,3,35,"Nov 29 1983 12:00AM","Jan  3 1984 12:00AM"
CO98,8,1983,50,50,100,0.0682644,0.0076284,0.0123228,0.0152568,0.0598536,0.3659676,.129,0.0279708,0.3117864,.006,1224.4,1.956,2,14,"Aug 16 1983 12:00AM","Aug 30 1983 12:00AM"
CO98,9,1983,100,100,100,0.2182185,0.0301203,0.0227439,0.0497907,0.0989667,0.6036354,.213,0.0805257,0.6706377,.006,2880.8,6.147,5,35,"Aug 30 1983 12:00AM","Oct  4 1983 12:00AM"
CO98,1,1984,75,100,90,0.046655,0.0157294,0.015996,0.0517204,0.0109306,0.1815546,.050,0.0469216,0.1655586,.001,465.5,2.666,3,28,"Jan  3 1984 12:00AM","Jan 31 1984 12:00AM"
CO98,10,1984,50,100,52,0.10176,0.02067,0.01272,0.04293,0.16854,0.94287,.344,0.06996,0.83793,.016,3945.5,15.900,2,28,"Oct  2 1984 12:00AM","Oct 30 1984 12:00AM"
CO98,11,1984,80,100,83,0.2164967,0.083055,0.0326683,0.2281244,0.0315609,0.5448408,.148,0.1616804,0.6655474,.002,390.4,5.537,4,35,"Oct 30 1984 12:00AM","Dec  4 1984 12:00AM"
CO98,12,1984,48,100,65,0.1130112,0.0455184,0.0125568,0.0878976,0.007848,0.2966544,.073,0.0533664,0.4598928,.004,876.9,7.848,2,29,"Dec  4 1984 12:00AM","Jan  2 1985 12:00AM"
CO98,2,1984,100,100,100,0.0953008,0.0128016,0.0056896,0.0419608,0.040894,0.3602228,.113,0.0423164,0.2290064,.001,1263.7,3.556,3,28,"Jan 31 1984 12:00AM","Feb 28 1984 12:00AM"
CO98,3,1984,100,100,100,0.22311,0.03441,0.0111,0.05772,0.23976,0.90909,.392,0.03885,0.69708,.006,4173.9,11.100,5,35,"Feb 28 1984 12:00AM","Apr  3 1984 12:00AM"
CO98,4,1984,100,100,100,0.28581,0.0587952,0.0195984,0.08166,0.253146,1.0109508,.425,0.1045248,1.2281664,.008,4740.1,16.332,4,28,"Apr  3 1984 12:00AM","May  1 1984 12:00AM"
CO98,5,1984,75,100,97,0.1446648,0.0284163,0.0189442,0.0387495,0.0964432,0.4357166,.173,0.0964432,0.464994,.002,3393.9,8.611,3,28,"May  1 1984 12:00AM","May 29 1984 12:00AM"
CO98,6,1984,100,100,100,0.1731756,0.0421838,0.0355232,0.044404,0.1432029,0.6094449,.249,0.122111,0.8203639,.008,6268.9,11.101,5,35,"May 29 1984 12:00AM","Jul  3 1984 12:00AM"
CO98,7,1984,50,100,54,0.1250922,0.0208487,0.0340163,0.0285298,0.1349679,0.8471156,.296,0.120703,0.8811319,.016,4046.9,10.973,2,28,"Jul  3 1984 12:00AM","Jul 31 1984 12:00AM"
CO98,8,1984,80,100,92,0.095328,0.0201248,0.015888,0.0296576,0.0974464,0.7848672,.253,0.084736,0.709664,.015,6460.3,10.592,4,35,"Jul 31 1984 12:00AM","Sep  4 1984 12:00AM"
CO98,9,1984,75,100,80,0.2271728,0.0283966,0.0152372,0.041556,0.1135864,0.619877,.228,0.0803416,0.7189188,.007,3519.6,6.926,3,28,"Sep  4 1984 12:00AM","Oct  2 1984 12:00AM"
CO98,1,1985,74,100,86,0.127803,0.0596414,0.0255606,0.1232152,0.0085202,0.3204906,.079,0.1199382,0.452226,.003,750.8,6.554,3,27,"Jan  2 1985 12:00AM","Jan 29 1985 12:00AM"
CO98,10,1985,50,100,69,0.0425628,0.0121608,0.005067,0.0172278,0.0096273,0.2908458,.073,0.0141876,0.2589237,.005,1444.1,5.067,2,28,"Oct  1 1985 12:00AM","Oct 29 1985 12:00AM"
CO98,11,1985,80,100,74,0.181664,0.0408744,0.0204372,0.0635824,0.022708,0.5881372,.151,0.079478,0.6994064,.018,2877.7,22.708,4,35,"Oct 29 1985 12:00AM","Dec  3 1985 12:00AM"
CO98,12,1985,75,100,86,0.2765148,0.0682492,0.038698,0.1189084,0.0182936,0.9491564,.229,0.1484596,1.2798484,.010,2233.9,7.036,3,28,"Dec  3 1985 12:00AM","Dec 31 1985 12:00AM"
CO98,2,1985,75,100,73,0.1514857,0.0243319,0.0133433,0.0588675,0.007849,0.1750327,.046,0.07849,0.2707905,.004,1441.9,7.849,3,28,"Jan 29 1985 12:00AM","Feb 26 1985 12:00AM"
CO98,3,1985,100,100,100,0.5845112,0.0681688,0.03626,0.1276352,0.1972544,1.290856,.445,0.159544,1.1864272,.003,2377.4,14.504,5,35,"Feb 26 1985 12:00AM","Apr  2 1985 12:00AM"
CO98,4,1985,100,100,100,0.36247,0.0541,0.107118,0.161218,0.174202,0.931602,.346,0.257516,0.875338,.003,2720.3,10.820,4,28,"Apr  2 1985 12:00AM","Apr 30 1985 12:00AM"
CO98,5,1985,100,100,100,0.2494756,0.032922,0.0299956,0.0541384,0.2004584,1.0439932,.392,0.1031556,0.9598592,.010,3443.5,7.316,5,35,"Apr 30 1985 12:00AM","Jun  4 1985 12:00AM"
CO98,6,1985,50,100,67,0.1248909,0.0213084,0.0621495,0.029595,0.0834579,0.5646726,.192,0.0627414,0.6025542,.009,2161.2,5.919,2,28,"Jun  4 1985 12:00AM","Jul  2 1985 12:00AM"
CO98,7,1985,100,100,100,0.1016,0.01905,0.04445,0.02032,0.167005,0.75057,.299,0.089535,0.633095,.011,3724.7,6.350,4,28,"Jul  2 1985 12:00AM","Jul 30 1985 12:00AM"
CO98,8,1985,80,100,85,0.220077,0.04104,0.022059,0.053865,0.136458,0.896724,.309,0.091827,0.804384,.008,2077.2,5.130,4,35,"Jul 30 1985 12:00AM","Sep  3 1985 12:00AM"
CO98,9,1985,100,100,100,0.1437112,0.0253608,0.0137371,0.0327577,0.1046133,0.7745611,.256,0.0686855,0.9034785,.015,4950.9,10.567,4,28,"Sep  3 1985 12:00AM","Oct  1 1985 12:00AM"
CO98,1,1986,80,100,97,0.1384848,0.0297312,0.0262104,0.0551592,0.00978,0.7479744,.177,0.082152,0.7135488,.009,291.0,3.912,4,35,"Dec 31 1985 12:00AM","Feb  4 1986 12:00AM"
CO98,10,1986,100,100,100,0.04172,0.004768,0.002384,0.039336,0.081056,0.486336,.173,0.01788,0.462496,.008,5625.7,11.920,5,35,"Sep 30 1986 12:00AM","Nov  4 1986 12:00AM"
CO98,11,1986,100,100,100,0.18564,0.045305,0.034255,0.17238,0.09282,0.882895,.272,0.089505,0.73814,.008,1626.3,11.050,4,28,"Nov  4 1986 12:00AM","Dec  2 1986 12:00AM"
CO98,12,1986,75,100,93,0.0059224,0.0018844,0.0005384,0.0164212,0.017498,0.1354076,.044,0.005384,0.1025652,.003,1160.9,2.692,2,28,"Dec  2 1986 12:00AM","Dec 30 1986 12:00AM"
CO98,2,1986,75,75,100,0.1580123,0.0260797,0.0168751,0.0567617,0.122728,0.951142,.310,0.076705,0.7486408,.011,510.4,15.341,2,28,"Feb  4 1986 12:00AM","Mar  4 1986 12:00AM"
CO98,3,1986,75,100,86,0.1204528,0.0179521,0.0098447,0.0318505,0.0555936,0.4684919,.149,0.0416952,0.3746777,.005,1261.8,5.791,3,28,"Mar  4 1986 12:00AM","Apr  1 1986 12:00AM"
CO98,4,1986,100,100,100,0.491022,0.0563766,0.0400092,0.0781998,0.6074124,1.5767262,.828,0.1509438,1.5803634,.004,4245.9,18.186,4,28,"Apr  1 1986 12:00AM","Apr 29 1986 12:00AM"
CO98,5,1986,60,100,84,0.327218,0.0284163,0.017222,0.0973043,0.0180831,0.2264693,.065,0.0869711,0.6690747,.003,3165.8,8.611,2,35,"Apr 29 1986 12:00AM","Jun  3 1986 12:00AM"
CO98,6,1986,25,100,0,-9,-9,-9,-9,-9,-9,-9.000,-9,-9,-9.000,.0,5.856,0,28,"Jun  3 1986 12:00AM","Jul  1 1986 12:00AM"
CO98,7,1986,0,100,0,-9,-9,-9,-9,-9,-9,-9.000,-9,-9,-9.000,.0,5.283,0,28,"Jul  1 1986 12:00AM","Jul 29 1986 12:00AM"
CO98,8,1986,0,100,0,-9,-9,-9,-9,-9,-9,-9.000,-9,-9,-9.000,.0,7.341,0,35,"Jul 29 1986 12:00AM","Sep  2 1986 12:00AM"
CO98,9,1986,0,100,0,-9,-9,-9,-9,-9,-9,-9.000,-9,-9,-9.000,.0,10.262,0,28,"Sep  2 1986 12:00AM","Sep 30 1986 12:00AM"
CO98,1,1987,100,100,100,0.0783,0.01479,0.0087,0.24099,0.05481,0.42108,.138,0.087,0.45153,.003,662.0,8.700,5,35,"Dec 30 1986 12:00AM","Feb  3 1987 12:00AM"
CO98,10,1987,100,100,100,0.0243096,0.0040516,0.0063668,0.0243096,0.0179428,0.13023,.043,0.023152,0.2239956,.003,2523.5,5.788,4,35,"Sep 29 1987 12:00AM","Nov  3 1987 12:00AM"
CO98,11,1987,100,100,100,0.0213614,0.003683,0.0022098,0.0375666,0.0228346,0.2607564,.077,0.0279908,0.1429004,.004,2163.6,7.366,4,28,"Nov  3 1987 12:00AM","Dec  1 1987 12:00AM"
CO98,12,1987,50,100,38,0.1533384,0.0198772,0.014198,0.0738296,0.0482732,0.7127396,.199,0.1036454,0.4983498,.004,386.5,14.198,2,28,"Dec  1 1987 12:00AM","Dec 29 1987 12:00AM"
CO98,2,1987,100,100,100,0.0167994,0.0043554,0.0012444,0.0130662,0.049776,0.2974116,.106,0.0223992,0.1692384,.004,1765.0,6.222,4,28,"Feb  3 1987 12:00AM","Mar  3 1987 12:00AM"
CO98,3,1987,100,100,100,0.0521234,0.0117698,0.0033628,0.0470792,0.0865921,0.3993325,.157,0.033628,0.2337146,.004,2292.8,8.407,4,28,"Mar  3 1987 12:00AM","Mar 31 1987 12:00AM"
CO98,4,1987,100,100,100,0.0963852,0.0132141,0.0101049,0.0373104,0.0202098,0.2261943,.067,0.0497472,0.2549544,.004,3700.4,7.773,4,28,"Mar 31 1987 12:00AM","Apr 28 1987 12:00AM"
CO98,5,1987,80,100,49,0.1540656,0.0246077,0.0224679,0.042796,0.2321683,1.0324535,.414,0.0898716,1.0014264,.011,3214.0,10.699,4,35,"Apr 28 1987 12:00AM","Jun  2 1987 12:00AM"
CO98,6,1987,100,100,100,0.060766,0.0089828,0.0248348,0.031704,0.0914132,0.3915444,.159,0.03963,0.3233808,.005,3455.3,5.284,3,28,"Jun  2 1987 12:00AM","Jun 30 1987 12:00AM"
CO98,7,1987,100,100,100,0.175605,0.0241775,0.02545,0.0547175,0.190875,1.1745175,.414,0.099255,0.878025,.015,8197.7,12.725,5,35,"Jun 30 1987 12:00AM","Aug  4 1987 12:00AM"
CO98,8,1987,100,100,100,0.0649125,0.0109053,0.0098667,0.0405054,0.0316773,0.368703,.108,0.0592002,0.2923659,.004,3261.3,5.193,4,28,"Aug  4 1987 12:00AM","Sep  1 1987 12:00AM"
CO98,9,1987,75,100,43,0.1583288,0.0205989,0.0210028,0.0553343,0.2027578,0.7932596,.337,0.0650279,0.6514907,.007,1181.2,4.039,2,28,"Sep  1 1987 12:00AM","Sep 29 1987 12:00AM"
CO98,1,1988,60,100,89,0.0631152,0.0093504,0.0046752,0.0549336,0.011688,0.46752,.115,0.0514272,0.5060904,.009,824.4,11.688,3,35,"Dec 29 1987 12:00AM","Feb  2 1988 12:00AM"
CO98,10,1988,50,100,27,0.0491862,0.0065856,0.005145,0.0413658,0.0314874,0.2432556,.079,0.0353976,0.2239104,.000,251.7,2.058,2,28,"Oct  4 1988 12:00AM","Nov  1 1988 12:00AM"
CO98,11,1988,100,100,100,0.030982,0.0048686,0.0039834,0.026556,0.0123928,0.1367634,.041,0.0230152,0.1668602,.002,2199.2,4.426,4,28,"Nov  1 1988 12:00AM","Nov 29 1988 12:00AM"
CO98,12,1988,80,100,83,0.0223272,0.0055818,0.0015948,0.071766,0.007974,0.2001474,.051,0.0310986,0.2057292,.002,1586.4,7.974,3,35,"Nov 29 1988 12:00AM","Jan  3 1989 12:00AM"
CO98,2,1988,75,100,87,0.060697,0.0073255,0.0031395,0.037674,0.0136045,0.2773225,.073,0.035581,0.328601,.006,1326.7,10.465,3,28,"Feb  2 1988 12:00AM","Mar  1 1988 12:00AM"
CO98,3,1988,100,100,100,0.1344932,0.0105326,0.0032408,0.0842608,0.0745384,0.5096158,.173,0.0461814,0.3338024,.003,2543.0,8.102,4,28,"Mar  1 1988 12:00AM","Mar 29 1988 12:00AM"
CO98,4,1988,40,80,74,0.1855958,0.016055,0.0083486,0.0391742,0.1233024,0.1945866,.140,0.0378898,0.4000906,.002,2009.2,6.422,2,35,"Mar 29 1988 12:00AM","May  3 1988 12:00AM"
CO98,5,1988,100,100,100,0.0547445,0.006378,0.0047835,0.0154135,0.0292325,0.338034,.099,0.0334845,0.2886045,.006,3425.5,5.315,3,28,"May  3 1988 12:00AM","May 31 1988 12:00AM"
CO98,6,1988,25,100,32,0.16458,0.0197496,0.0488254,0.05486,0.005486,0.636376,.148,0.060346,0.641862,.006,1048.6,5.486,1,28,"May 31 1988 12:00AM","Jun 28 1988 12:00AM"
CO98,7,1988,100,100,100,0.2402816,0.0321024,0.0379392,0.0719872,0.0797696,0.9056768,.267,0.1089536,0.9659904,.013,5923.1,9.728,5,35,"Jun 28 1988 12:00AM","Aug  2 1988 12:00AM"
CO98,8,1988,50,100,68,0.0277305,0.0047538,0.0029051,0.0134691,0.0404073,0.3121662,.102,0.0261459,0.2115441,.004,959.5,2.641,2,28,"Aug  2 1988 12:00AM","Aug 30 1988 12:00AM"
CO98,9,1988,60,100,75,0.0340101,0.0054855,0.003657,0.0179193,0.0416898,0.3262044,.106,0.0285246,0.2625726,.005,1919.4,3.657,3,35,"Aug 30 1988 12:00AM","Oct  4 1988 12:00AM"
CO98,1,1989,100,100,100,0.0437515,0.004953,0.003302,0.1180465,0.0239395,0.3178175,.090,0.0421005,0.179959,.002,1489.5,8.255,3,28,"Jan  3 1989 12:00AM","Jan 31 1989 12:00AM"
CO98,10,1989,100,100,100,0.0611028,0.0129612,0.0160472,0.0567824,0.0382664,0.2413252,.084,0.03086,0.3123032,.002,2077.2,6.172,4,28,"Oct  3 1989 12:00AM","Oct 31 1989 12:00AM"
CO98,11,1989,50,100,87,0.0727584,0.0121264,0.0033072,0.0474032,0.0672464,0.451984,.154,0.0617344,0.2381184,.005,1287.3,11.024,2,28,"Oct 31 1989 12:00AM","Nov 28 1989 12:00AM"
CO98,12,1989,60,100,70,0.009656,0.0028968,0.0067592,0.0545564,0.0342788,0.308992,.096,0.0429692,0.1627036,.001,130.7,4.828,2,35,"Nov 28 1989 12:00AM","Jan  2 1990 12:00AM"
CO98,2,1989,100,100,100,0.0156345,0.0040203,0.0008934,0.0647715,0.004467,0.1603653,.040,0.0250152,0.2327307,.001,687.7,4.467,3,28,"Jan 31 1989 12:00AM","Feb 28 1989 12:00AM"
CO98,3,1989,100,100,100,0.4744845,0.0542268,0.0195819,0.1822623,0.0948969,0.6808476,.228,0.0888717,0.9173367,.003,2479.6,15.063,5,35,"Feb 28 1989 12:00AM","Apr  4 1989 12:00AM"
CO98,4,1989,100,100,100,0.165354,0.019812,0.006096,0.076962,0.1143,0.59817,.224,0.06477,0.526542,.003,2592.5,7.620,3,28,"Apr  4 1989 12:00AM","May  2 1989 12:00AM"
CO98,5,1989,100,100,100,0.277387,0.0323895,0.0240845,0.0722535,0.21593,0.810568,.351,0.112948,0.8429575,.003,3904.2,8.305,4,28,"May  2 1989 12:00AM","May 30 1989 12:00AM"
CO98,6,1989,100,100,100,0.1009142,0.0136271,0.0092075,0.0246761,0.0692404,0.4003421,.144,0.0408813,0.2865374,.002,2774.9,3.683,4,35,"May 30 1989 12:00AM","Jul  4 1989 12:00AM"
CO98,7,1989,75,100,93,0.090216,0.009308,0.011456,0.020764,0.294276,1.008128,.456,0.052268,0.603588,.008,4633.8,7.160,2,28,"Jul  4 1989 12:00AM","Aug  1 1989 12:00AM"
CO98,8,1989,100,100,100,0.117018,0.0203895,0.019503,0.039006,0.205668,0.8217855,.345,0.0859905,0.659556,.009,6665.5,8.865,4,28,"Aug  1 1989 12:00AM","Aug 29 1989 12:00AM"
CO98,9,1989,100,100,100,0.0950152,0.0121296,0.0040432,0.022743,0.0737884,0.5549292,.183,0.045486,0.3760176,.006,2762.6,5.054,4,35,"Aug 29 1989 12:00AM","Oct  3 1989 12:00AM"
CO98,1,1990,75,100,74,0.1489956,0.0210122,0.0143265,0.1413548,0.0210122,0.5128887,.132,0.1279834,0.2712484,.002,678.6,9.551,3,28,"Jan  2 1990 12:00AM","Jan 30 1990 12:00AM"
CO98,10,1990,100,100,100,0.0793363,0.0106327,0.0106327,0.0196296,0.0834258,0.4539345,.167,0.0441666,0.4326691,.006,3864.1,8.179,2,28,"Oct  2 1990 12:00AM","Oct 30 1990 12:00AM"
CO98,11,1990,80,100,87,0.06959,0.0076549,0.0076549,0.0257483,0.1099522,0.5741175,.215,0.0563679,0.1357005,.003,1251.8,6.959,3,35,"Oct 30 1990 12:00AM","Dec  4 1990 12:00AM"
CO98,12,1990,72,100,56,0.0235251,0.0026139,0.0095843,0.0313668,0.0845161,0.3798868,.151,0.0487928,0.2579048,.007,674.2,8.713,3,29,"Dec  4 1990 12:00AM","Jan  2 1991 12:00AM"
CO98,2,1990,50,100,48,0.1300256,0.0174336,0.0050848,0.0523008,0.094432,0.8455296,.264,0.0523008,0.3675584,.003,346.3,7.264,2,28,"Jan 30 1990 12:00AM","Feb 27 1990 12:00AM"
CO98,3,1990,60,100,45,0.2200675,0.0347475,0.0115825,0.0857105,0.166788,1.9481765,.570,0.1413065,0.7713945,.019,2383.2,23.165,3,35,"Feb 27 1990 12:00AM","Apr  3 1990 12:00AM"
CO98,4,1990,100,100,100,0.2986941,0.0477365,0.0204585,0.0654672,0.2100406,1.0720254,.405,0.1186593,0.7146836,.003,3475.1,13.639,4,28,"Apr  3 1990 12:00AM","May  1 1990 12:00AM"
CO98,5,1990,100,100,100,0.6853356,0.0838488,0.0231012,0.0992496,0.14973,0.9172032,.324,0.1214952,0.8624448,.002,3592.2,8.556,4,28,"May  1 1990 12:00AM","May 29 1990 12:00AM"
CO98,6,1990,100,100,100,0.07315,0.01045,0.014725,0.0285,0.0627,0.265525,.109,0.04275,0.23275,.002,1623.4,4.750,4,35,"May 29 1990 12:00AM","Jul  3 1990 12:00AM"
CO98,7,1990,100,100,100,0.0917644,0.0131092,0.0141176,0.0242016,0.2036968,0.8097452,.341,0.0937812,0.615124,.010,6710.7,10.084,4,28,"Jul  3 1990 12:00AM","Jul 31 1990 12:00AM"
CO98,8,1990,100,100,100,0.144936,0.0209352,0.0265716,0.0330132,0.2705472,1.0201884,.441,0.0837408,0.8204988,.012,5556.5,8.052,5,35,"Jul 31 1990 12:00AM","Sep  4 1990 12:00AM"
CO98,9,1990,100,100,100,0.0303199,0.0032877,0.0014612,0.0065754,0.0420095,0.2224677,.083,0.0284934,0.1760746,.003,2517.0,3.653,4,28,"Sep  4 1990 12:00AM","Oct  2 1990 12:00AM"
CO98,1,1991,74,100,71,0.0201264,0.0028752,0.0050316,0.05391,0.0186888,0.2206716,.064,0.057504,0.1854504,.004,422.5,7.188,3,27,"Jan  2 1991 12:00AM","Jan 29 1991 12:00AM"
CO98,10,1991,100,100,100,0.027024,0.0027024,0.0060804,0.010134,0.013512,0.104718,.034,0.023646,0.108096,.003,1386.5,3.378,1,28,"Oct  1 1991 12:00AM","Oct 29 1991 12:00AM"
CO98,11,1991,100,100,100,0.0378557,0.0065836,0.0065836,0.0279803,0.0592524,0.872327,.243,0.082295,0.5908781,.015,3850.1,16.459,5,35,"Oct 29 1991 12:00AM","Dec  3 1991 12:00AM"
CO98,12,1991,100,100,100,0.0242847,0.0044154,0.004014,0.0216756,0.0212742,0.224784,.067,0.0309078,0.1047654,.000,114.8,2.007,2,28,"Dec  3 1991 12:00AM","Dec 31 1991 12:00AM"
CO98,2,1991,100,100,100,0.0283713,0.0044504,0.0038941,0.0511796,0.0267024,0.3732773,.105,0.0539611,0.2375401,.004,697.1,5.563,2,28,"Jan 29 1991 12:00AM","Feb 26 1991 12:00AM"
CO98,3,1991,100,100,100,0.3114436,0.0354614,0.0323778,0.2143102,0.15418,1.063842,.360,0.1757652,0.6645158,.003,1933.7,15.418,5,35,"Feb 26 1991 12:00AM","Apr  2 1991 12:00AM"
CO98,4,1991,100,100,100,0.262444,0.0272538,0.020188,0.065611,0.0898366,0.772191,.244,0.075705,0.5531512,.003,3488.0,10.094,4,28,"Apr  2 1991 12:00AM","Apr 30 1991 12:00AM"
CO98,5,1991,80,100,66,0.344212,0.039115,0.039115,0.0954406,0.445911,1.3111348,.643,0.148637,1.126512,.003,5770.6,15.646,4,35,"Apr 30 1991 12:00AM","Jun  4 1991 12:00AM"
CO98,6,1991,75,100,81,0.119634,0.016014,0.019311,0.029673,0.100794,0.520926,.196,0.092787,0.416364,.003,2372.1,4.710,3,28,"Jun  4 1991 12:00AM","Jul  2 1991 12:00AM"
CO98,7,1991,100,100,100,0.0685152,0.0078507,0.0164151,0.0235521,0.0963495,0.6915753,.231,0.0613782,0.4667598,.008,3039.1,7.137,4,28,"Jul  2 1991 12:00AM","Jul 30 1991 12:00AM"
CO98,8,1991,100,100,100,0.0885762,0.0113076,0.0103653,0.0216729,0.1215567,0.7481862,.263,0.0424035,0.6445332,.011,6113.7,9.423,5,35,"Jul 30 1991 12:00AM","Sep  3 1991 12:00AM"
CO98,9,1991,75,100,99,0.0340106,0.0039624,0.003302,0.0188214,0.031369,0.206375,.071,0.0250952,0.1974596,.003,1694.3,3.302,3,28,"Sep  3 1991 12:00AM","Oct  1 1991 12:00AM"
CO98,1,1992,60,100,71,0.01778,0.002667,0.003556,0.0120015,0.0200025,0.254254,.073,0.0244475,0.078232,.002,472.7,4.445,2,35,"Dec 31 1991 12:00AM","Feb  4 1992 12:00AM"
CO98,10,1992,100,100,100,0.0489114,0.0059031,0.0033732,0.0210825,0.0615609,0.3314169,.123,0.0160227,0.3314169,.005,2209.9,8.433,3,35,"Sep 29 1992 12:00AM","Nov  3 1992 12:00AM"
CO98,11,1992,100,100,100,0.068278,0.0068278,0.0039016,0.0321882,0.073155,0.8554258,.250,0.0321882,0.2760382,.008,2165.5,9.754,4,28,"Nov  3 1992 12:00AM","Dec  1 1992 12:00AM"
CO98,12,1992,50,100,59,0.0610362,0.0075438,0.0048006,0.0370332,0.010287,1.0636758,.248,0.051435,0.1159002,.010,754.8,6.858,2,28,"Dec  1 1992 12:00AM","Dec 29 1992 12:00AM"
CO98,2,1992,75,100,82,0.0112302,0.0013212,0.0026424,0.0211392,0.0254331,0.1182474,.046,0.0290664,0.0941355,.000,436.0,3.303,2,28,"Feb  4 1992 12:00AM","Mar  3 1992 12:00AM"
CO98,3,1992,100,100,100,0.093742,0.0102264,0.0102264,0.0409056,0.1244212,0.7175524,.259,0.0903332,0.5692696,.009,5200.7,17.044,4,28,"Mar  3 1992 12:00AM","Mar 31 1992 12:00AM"
CO98,4,1992,71,100,85,0.0769202,0.007849,0.0109886,0.039245,0.1342179,0.4207064,.199,0.0361054,0.3516352,.002,2315.7,7.849,3,28,"Mar 31 1992 12:00AM","Apr 28 1992 12:00AM"
CO98,5,1992,100,100,100,0.1541078,0.020014,0.0150105,0.0480336,0.2141498,0.9046328,.371,0.0690483,0.7495243,.007,5671.8,10.007,5,35,"Apr 28 1992 12:00AM","Jun  2 1992 12:00AM"
CO98,6,1992,100,100,100,0.2023968,0.0273352,0.0529256,0.0500176,0.139584,0.6839616,.263,0.0750264,0.6130064,.004,3429.0,5.816,4,28,"Jun  2 1992 12:00AM","Jun 30 1992 12:00AM"
CO98,7,1992,100,100,100,0.0870087,0.0107967,0.0139722,0.038106,0.1289253,0.5512668,.225,0.0533484,0.4972833,.006,4315.3,6.351,5,35,"Jun 30 1992 12:00AM","Aug  4 1992 12:00AM"
CO98,8,1992,100,100,100,0.1055814,0.0134634,0.0262182,0.0361386,0.1176276,0.6171906,.231,0.0687342,0.5201124,.005,4387.5,7.086,4,28,"Aug  4 1992 12:00AM","Sep  1 1992 12:00AM"
CO98,9,1992,75,100,62,0.178872,0.028536,0.016008,0.054984,0.116928,0.59856,.226,0.070992,0.700176,.006,2627.7,6.960,3,28,"Sep  1 1992 12:00AM","Sep 29 1992 12:00AM"
CO98,1,1993,60,100,68,0.04056,0.007605,0.0063375,0.0697125,0.0874575,0.6248775,.209,0.09633,0.4905225,.001,148.6,12.675,3,35,"Dec 29 1992 12:00AM","Feb  2 1993 12:00AM"
CO98,10,1993,80,100,55,0.09086,0.009086,0.028556,0.04543,0.081774,0.568524,.192,0.061006,0.593186,.008,1928.5,12.980,3,35,"Sep 28 1993 12:00AM","Nov  2 1993 12:00AM"
CO98,11,1993,100,100,100,0.0520098,0.0061188,0.010198,0.0499702,0.1764254,0.6853056,.292,0.045891,0.418118,.005,2747.3,10.198,4,28,"Nov  2 1993 12:00AM","Nov 30 1993 12:00AM"
CO98,12,1993,40,100,37,0.18136,0.0371788,0.6139036,2.180854,0.2339544,1.4717364,.514,3.1339008,0.7245332,.003,202.8,9.068,2,35,"Nov 30 1993 12:00AM","Jan  4 1994 12:00AM"
CO98,2,1993,100,100,100,0.011844,0.001692,0.001692,0.016074,0.02961,0.296946,.090,0.01269,0.158202,.005,3610.5,8.460,4,28,"Feb  2 1993 12:00AM","Mar  2 1993 12:00AM"
CO98,3,1993,100,100,100,0.0518795,0.0084455,0.028956,0.038608,0.178562,0.550164,.263,0.0663575,0.564642,.007,3415.1,12.065,4,28,"Mar  2 1993 12:00AM","Mar 30 1993 12:00AM"
CO98,4,1993,100,100,100,0.304861,0.0430392,0.0161397,0.0986315,0.2564419,1.4328467,.523,0.0806985,1.2319971,.008,5239.4,17.933,5,35,"Mar 30 1993 12:00AM","May  4 1993 12:00AM"
CO98,5,1993,100,100,100,0.1267745,0.0188117,0.0122685,0.0417129,0.1431325,0.6485947,.258,0.0588888,0.6355083,.007,4644.7,8.179,4,28,"May  4 1993 12:00AM","Jun  1 1993 12:00AM"
CO98,6,1993,100,100,100,0.34548,0.034548,0.0362754,0.0639138,0.0475035,0.5294481,.157,0.077733,0.5035371,.002,3290.2,8.637,3,28,"Jun  1 1993 12:00AM","Jun 29 1993 12:00AM"
CO98,7,1993,80,100,95,0.102258,0.014421,0.025346,0.053751,0.086963,0.384997,.155,0.062054,0.350474,.001,2066.5,4.370,4,35,"Jun 29 1993 12:00AM","Aug  3 1993 12:00AM"
CO98,8,1993,100,100,100,0.078256,0.010184,0.02144,0.04824,0.139896,0.579416,.240,0.070216,0.505984,.006,3503.8,5.360,4,28,"Aug  3 1993 12:00AM","Aug 31 1993 12:00AM"
CO98,9,1993,75,100,51,0.2303082,0.0300402,0.0244772,0.083445,0.2903886,1.329557,.526,0.1134852,1.0814472,.011,3510.5,11.126,3,28,"Aug 31 1993 12:00AM","Sep 28 1993 12:00AM"
CO98,1,1994,75,100,60,0.060687,0.007356,0.0045975,0.0818355,0.1278105,0.634455,.243,0.108501,0.327342,.011,1070.7,9.195,2,28,"Jan  4 1994 12:00AM","Feb  1 1994 12:00AM"
CO98,10,1994,100,100,100,0.0473484,0.0027852,0.0055704,0.0250668,0.083556,0.519904,.182,0.0427064,0.352792,.009,1966.2,9.284,3,28,"Oct  4 1994 12:00AM","Nov  1 1994 12:00AM"
CO98,11,1994,75,100,74,0.0498729,0.0039116,0.0048895,0.0156464,0.0537845,0.4469003,.143,0.0303149,0.2552319,.009,1542.6,9.779,3,28,"Nov  1 1994 12:00AM","Nov 29 1994 12:00AM"
CO98,12,1994,60,100,70,0.0389732,0.0050288,0.0050288,0.0213724,0.0364588,1.1955972,.298,0.037716,0.3143,.020,926.4,12.572,2,35,"Nov 29 1994 12:00AM","Jan  3 1995 12:00AM"
CO98,2,1994,100,100,100,0.0546735,0.0066675,0.005334,0.074676,0.1026795,0.738759,.247,0.101346,0.48006,.015,1592.1,13.335,4,28,"Feb  1 1994 12:00AM","Mar  1 1994 12:00AM"
CO98,3,1994,75,100,45,0.1410944,0.0154322,0.011023,0.0617288,0.4122602,1.223553,.597,0.0584219,0.7683031,.009,1828.8,11.023,3,28,"Mar  1 1994 12:00AM","Mar 29 1994 12:00AM"
CO98,4,1994,100,100,100,0.335475,0.038766,0.025347,0.053676,0.371259,1.508892,.629,0.067095,1.085448,.010,5597.5,14.910,5,35,"Mar 29 1994 12:00AM","May  3 1994 12:00AM"
CO98,5,1994,100,100,100,0.0927108,0.0114898,0.0202062,0.0194138,0.1675926,0.5023816,.244,0.03962,0.4429516,.004,2160.8,3.962,4,28,"May  3 1994 12:00AM","May 31 1994 12:00AM"
CO98,6,1994,50,100,66,0.0307224,0.012801,0.0238952,0.012801,0.0908871,0.3716557,.155,0.0477904,0.2829021,.006,1934.1,4.267,2,28,"May 31 1994 12:00AM","Jun 28 1994 12:00AM"
CO98,7,1994,80,100,83,0.165256,0.0225184,0.0283296,0.0305088,0.1220352,0.6399584,.239,0.0642864,0.468528,.005,1829.1,3.632,4,35,"Jun 28 1994 12:00AM","Aug  2 1994 12:00AM"
CO98,8,1994,100,100,100,0.1500603,0.0192738,0.0385476,0.0468078,0.2973672,1.4028573,.548,0.0894855,1.0283949,.023,5037.8,13.767,4,28,"Aug  2 1994 12:00AM","Aug 30 1994 12:00AM"
CO98,9,1994,100,100,100,0.1299845,0.0169545,0.0350393,0.0440817,0.1864995,1.2376785,.425,0.0881634,0.9404096,.021,3976.2,11.303,5,35,"Aug 30 1994 12:00AM","Oct  4 1994 12:00AM"
CO98,1,1995,75,100,36,0.0303107,0.0035245,0.0105735,0.0133931,0.0338352,0.2488297,.083,0.014098,0.2079455,.006,317.0,7.049,2,28,"Jan  3 1995 12:00AM","Jan 31 1995 12:00AM"
CO98,10,1995,75,100,88,0.118965,0.013905,0.009785,0.02163,0.049955,0.323935,.112,0.026265,0.322905,.004,2321.2,5.150,3,28,"Oct  3 1995 12:00AM","Oct 31 1995 12:00AM"
CO98,11,1995,100,100,100,0.0362064,0.004764,0.0076224,0.0438288,0.080988,0.3868368,.150,0.0314424,0.3553944,.008,3378.2,9.528,3,28,"Oct 31 1995 12:00AM","Nov 28 1995 12:00AM"
CO98,12,1995,33,100,48,0.1732032,0.0196416,0.0303552,0.0839232,0.1374912,0.7517376,.277,0.0607104,0.5071104,.009,339.7,17.856,2,42,"Nov 28 1995 12:00AM","Jan  9 1996 12:00AM"
CO98,2,1995,100,100,100,0.069059,0.010424,0.018242,0.029969,0.074271,0.558987,.184,0.044302,0.323144,.010,2210.5,13.030,4,28,"Jan 31 1995 12:00AM","Feb 28 1995 12:00AM"
CO98,3,1995,100,100,100,0.0759206,0.0087122,0.0049784,0.0584962,0.1070356,0.8986012,.286,0.0709422,0.385826,.013,2443.2,12.446,5,35,"Feb 28 1995 12:00AM","Apr  4 1995 12:00AM"
CO98,4,1995,100,100,100,0.2386584,0.0309372,0.0088392,0.0928116,0.2342388,0.8772906,.380,0.077343,0.7557516,.013,8917.3,22.098,4,28,"Apr  4 1995 12:00AM","May  2 1995 12:00AM"
CO98,5,1995,100,100,100,0.1821352,0.0263328,0.0153608,0.076804,0.175552,1.0247848,.368,0.0899704,0.8931208,.023,10545.2,21.944,4,28,"May  2 1995 12:00AM","May 30 1995 12:00AM"
CO98,6,1995,80,100,76,0.28448,0.0270256,0.0455168,0.0938784,0.2517648,1.052576,.433,0.1081024,1.0497312,.016,5470.6,14.224,4,35,"May 30 1995 12:00AM","Jul  4 1995 12:00AM"
CO98,7,1995,75,100,94,0.0734187,0.0113411,0.035814,0.0376047,0.0943102,0.4996053,.186,0.0549148,0.3927602,.010,3787.6,5.969,3,28,"Jul  4 1995 12:00AM","Aug  1 1995 12:00AM"
CO98,8,1995,100,100,100,0.072556,0.010098,0.008228,0.030668,0.082654,0.487696,.174,0.038522,0.2992,.007,2390.9,3.740,4,28,"Aug  1 1995 12:00AM","Aug 29 1995 12:00AM"
CO98,9,1995,80,100,95,0.14706,0.019608,0.0254904,0.0627456,0.2225508,0.990204,.397,0.088236,0.6598092,.012,5417.5,9.804,4,35,"Aug 29 1995 12:00AM","Oct  3 1995 12:00AM"
CO98,1,1996,50,100,31,0.208989,0.0303984,0.0284985,0.1500921,0.2336877,1.3584285,.488,0.1576917,1.3185306,.026,525.5,18.999,2,28,"Jan  9 1996 12:00AM","Feb  6 1996 12:00AM"
CO98,10,1996,75,100,87,0.1424178,0.0144018,0.016002,0.0352044,0.1496187,0.7624953,.289,0.048006,0.4440555,.006,353.8,8.001,2,28,"Oct  1 1996 12:00AM","Oct 29 1996 12:00AM"
CO98,11,1996,100,100,100,0.0282702,0.0040386,0.0094234,0.0323088,0.0915416,0.7929118,.250,0.053848,0.3850132,.014,3151.0,13.462,5,35,"Oct 29 1996 12:00AM","Dec  3 1996 12:00AM"
CO98,12,1996,79,100,70,0.1011183,0.0147978,0.0172641,0.1109835,0.024663,0.8114127,.202,0.1997703,0.5277882,.019,808.5,24.663,3,28,"Dec  3 1996 12:00AM","Dec 31 1996 12:00AM"
CO98,2,1996,100,100,100,0.042672,0.0048768,0.006096,0.0463296,0.0755904,0.2731008,.120,0.048768,0.3072384,.008,1610.5,12.192,2,21,"Feb  6 1996 12:00AM","Feb 27 1996 12:00AM"
CO98,3,1996,100,100,100,0.187761,0.0187761,0.0259289,0.0947746,0.1958079,0.9531106,.367,0.1171271,0.4077096,.008,3320.4,8.941,5,35,"Feb 27 1996 12:00AM","Apr  2 1996 12:00AM"
CO98,4,1996,100,100,100,0.2422652,0.028956,0.014478,0.0936244,0.1216152,0.6206236,.235,0.1187196,0.4941824,.004,922.9,9.652,4,28,"Apr  2 1996 12:00AM","Apr 30 1996 12:00AM"
CO98,5,1996,60,100,38,0.3054985,0.0399415,0.038862,0.116586,0.241808,1.174496,.453,0.153289,0.9424035,.009,702.6,10.795,3,35,"Apr 30 1996 12:00AM","Jun  4 1996 12:00AM"
CO98,6,1996,75,100,80,0.0576023,0.0069296,0.0164578,0.0264191,0.1026447,0.3672688,.163,0.0363804,0.2659234,.004,2476.7,4.331,2,28,"Jun  4 1996 12:00AM","Jul  2 1996 12:00AM"
CO98,7,1996,100,100,100,0.0444246,0.0058674,0.0184404,0.0595122,0.096393,0.4760976,.182,0.0871728,0.3906012,.012,4890.6,8.382,4,28,"Jul  2 1996 12:00AM","Jul 30 1996 12:00AM"
CO98,8,1996,100,100,100,0.1241655,0.0140361,0.0172752,0.0266326,0.1831891,0.7770241,.318,0.0547048,0.4185637,.005,2353.9,3.599,5,35,"Jul 30 1996 12:00AM","Sep  3 1996 12:00AM"
CO98,9,1996,25,100,24,0.15265,0.018318,0.021371,0.0595335,0.259505,0.870105,.398,0.076325,0.809045,.016,2327.0,15.265,1,28,"Sep  3 1996 12:00AM","Oct  1 1996 12:00AM"
CO98,1,1997,80,100,95,0.0475488,0.0073152,0.0310896,0.1115568,0.0658368,0.7187184,.214,0.164592,0.6693408,.017,764.7,18.288,4,35,"Dec 31 1996 12:00AM","Feb  4 1997 12:00AM"
CO98,10,1997,100,100,100,0.1091057,0.009017,0.0135255,0.0432816,0.0459867,0.3399409,.113,0.0315595,0.324612,.005,2835.8,9.017,4,28,"Sep 30 1997 12:00AM","Oct 28 1997 12:00AM"
CO98,11,1997,100,100,100,0.0535178,0.0065532,0.0065532,0.0404114,0.1343406,0.759079,.276,0.0371348,0.4084828,.010,3067.0,10.922,5,35,"Oct 28 1997 12:00AM","Dec  2 1997 12:00AM"
CO98,12,1997,75,100,94,0.0043307,0.0007874,0.0007874,0.0031496,0.0137795,0.173228,.050,0.0059055,0.0653542,.004,813.3,3.937,2,28,"Dec  2 1997 12:00AM","Dec 30 1997 12:00AM"
CO98,2,1997,100,100,100,0.0285082,0.002909,0.0017454,0.0168722,0.0517802,0.4078418,.132,0.0197812,0.1343958,.005,2192.4,5.818,4,28,"Feb  4 1997 12:00AM","Mar  4 1997 12:00AM"
CO98,3,1997,100,100,100,0.113411,0.0125349,0.0077597,0.0429768,0.0746125,0.6124194,.196,0.0555117,0.2954655,.005,1402.1,5.969,4,28,"Mar  4 1997 12:00AM","Apr  1 1997 12:00AM"
CO98,4,1997,75,100,76,0.618189,0.04323,0.021615,0.090783,0.2745105,1.38336,.526,0.103752,0.8710845,.009,5446.5,21.615,3,28,"Apr  1 1997 12:00AM","Apr 29 1997 12:00AM"
CO98,5,1997,100,100,100,0.1391294,0.0186637,0.0118769,0.0441142,0.2002106,1.1622395,.418,0.0610812,0.9450619,.021,7357.5,16.967,5,35,"Apr 29 1997 12:00AM","Jun  3 1997 12:00AM"
CO98,6,1997,75,100,86,0.0690372,0.0105156,0.0260604,0.03429,0.13716,0.5033772,.220,0.0466344,0.3959352,.006,2657.7,4.572,3,28,"Jun  3 1997 12:00AM","Jul  1 1997 12:00AM"
CO98,7,1997,75,100,93,0.0483489,0.0054864,0.0085725,0.0126873,0.1381887,0.5633847,.235,0.020574,0.329184,.006,1885.7,3.429,2,28,"Jul  1 1997 12:00AM","Jul 29 1997 12:00AM"
CO98,8,1997,80,100,96,0.097536,0.0146304,0.0211328,0.0341376,0.1641856,0.85344,.320,0.056896,0.5185664,.013,10114.4,16.256,4,35,"Jul 29 1997 12:00AM","Sep  2 1997 12:00AM"
CO98,9,1997,100,100,100,0.063119,0.00889,0.019558,0.02667,0.067564,0.611632,.191,0.048895,0.4445,.012,6502.1,8.890,4,28,"Sep  2 1997 12:00AM","Sep 30 1997 12:00AM"
CO98,1,1998,60,100,62,0.025044,0.004174,0.002087,0.0073045,0.027131,0.457053,.124,0.0365225,0.202439,.010,828.5,10.435,3,35,"Dec 30 1997 12:00AM","Feb  3 1998 12:00AM"
CO98,10,1998,80,100,53,0.2623208,0.0217028,0.0915292,0.184002,0.1217244,0.7586544,.266,0.1972124,0.75488,.007,1230.5,9.436,2,35,"Sep 29 1998 12:00AM","Nov  3 1998 12:00AM"
CO98,11,1998,0,100,0,-9,-9,-9,-9,-9,-9,-9.000,-9,-9,-9.000,.0,5.207,0,28,"Nov  3 1998 12:00AM","Dec  1 1998 12:00AM"
CO98,12,1998,75,100,73,0.1888682,0.0192211,0.0434564,0.0367708,0.0559919,0.7621584,.216,0.0635132,0.4328926,.006,559.4,8.357,3,28,"Dec  1 1998 12:00AM","Dec 29 1998 12:00AM"
CO98,2,1998,75,100,98,0.0087,0.001044,0.00174,0.002088,0.015312,0.195924,.056,0.008004,0.123192,.005,1140.3,3.480,3,28,"Feb  3 1998 12:00AM","Mar  3 1998 12:00AM"
CO98,3,1998,75,100,97,0.0449834,0.0039116,0.0029337,0.0146685,0.1222375,0.3471545,.173,0.0244475,0.2747899,.006,2980.7,9.779,3,28,"Mar  3 1998 12:00AM","Mar 31 1998 12:00AM"
CO98,4,1998,100,100,100,0.1492504,0.0129159,0.0057404,0.0186563,0.1750822,0.8050911,.318,0.0373126,0.4635373,.007,7116.2,14.351,4,28,"Mar 31 1998 12:00AM","Apr 28 1998 12:00AM"
CO98,5,1998,100,100,100,0.1683672,0.0196044,0.0149916,0.0305598,0.1049412,0.69192,.238,0.0420918,0.4347564,.006,2702.9,5.766,4,35,"Apr 28 1998 12:00AM","Jun  2 1998 12:00AM"
CO98,6,1998,100,100,100,0.4311396,0.0429387,0.0578358,0.0473202,0.0998982,0.8833104,.277,0.0850011,0.6265545,.004,2741.6,8.763,3,28,"Jun  2 1998 12:00AM","Jun 30 1998 12:00AM"
CO98,7,1998,100,100,100,0.0843648,0.0114244,0.0369096,0.0184548,0.1520324,0.7144644,.280,0.035152,0.408642,.009,4522.6,8.788,3,28,"Jun 30 1998 12:00AM","Jul 28 1998 12:00AM"
CO98,8,1998,100,100,100,0.130702,0.0180972,0.0271458,0.0241296,0.1317074,1.281885,.392,0.0874698,0.8254334,.024,4958.5,10.054,5,35,"Jul 28 1998 12:00AM","Sep  1 1998 12:00AM"
CO98,9,1998,50,100,28,0.0445909,0.0119522,0.0082746,0.0482685,0.059761,0.335581,.122,0.059761,0.501073,.009,773.7,4.597,1,28,"Sep  1 1998 12:00AM","Sep 29 1998 12:00AM"
CO98,1,1999,40,100,0,-9,-9,-9,-9,-9,-9,-9.000,-9,-9,-9.000,.1,13.716,0,35,"Dec 29 1998 12:00AM","Feb  2 1999 12:00AM"
CO98,10,1999,100,100,100,0.1853184,0.0191008,0.0247904,0.038608,0.0544576,0.3974592,.132,0.0495808,0.2893568,.001,1894.1,4.064,4,35,"Sep 28 1999 12:00AM","Nov  2 1999 12:00AM"
CO98,11,1999,75,100,83,0.033909,0.002667,0.002667,0.002667,0.08382,0.20193,.111,0.005715,0.08763,.001,1211.9,3.810,1,28,"Nov  2 1999 12:00AM","Nov 30 1999 12:00AM"
CO98,12,1999,50,100,60,0.03048,0.004953,0.003048,0.006096,0.01524,0.138684,.043,0.014097,0.066294,.002,598.0,3.810,2,28,"Nov 30 1999 12:00AM","Dec 28 1999 12:00AM"
CO98,2,1999,0,100,0,-9,-9,-9,-9,-9,-9,-9.000,-9,-9,-9.000,.0,5.715,0,28,"Feb  2 1999 12:00AM","Mar  2 1999 12:00AM"
CO98,3,1999,25,100,0,-9,-9,-9,-9,-9,-9,-9.000,-9,-9,-9.000,.0,4.839,0,28,"Mar  2 1999 12:00AM","Mar 30 1999 12:00AM"
CO98,4,1999,100,100,100,0.6432804,0.0544576,0.0306324,0.0816864,0.2603754,1.7307306,.593,0.1293368,0.8032496,.004,1030.2,17.018,4,28,"Mar 30 1999 12:00AM","Apr 27 1999 12:00AM"
CO98,5,1999,20,100,59,0.268605,0.035814,0.0143256,0.0590931,0.340233,1.987677,.713,0.071628,1.360932,.026,3944.3,17.907,1,35,"Apr 27 1999 12:00AM","Jun  1 1999 12:00AM"
CO98,6,1999,25,100,0,-9,-9,-9,-9,-9,-9,-9.000,-9,-9,-9.000,22.3,6.439,0,28,"Jun  1 1999 12:00AM","Jun 29 1999 12:00AM"
CO98,7,1999,80,100,98,0.0640842,0.0081026,0.0243078,0.0088392,0.0913384,0.7999476,.252,0.0324104,0.4147058,.013,4434.0,7.366,4,35,"Jun 29 1999 12:00AM","Aug  3 1999 12:00AM"
CO98,8,1999,100,100,100,0.06477,0.006858,0.012954,0.014478,0.079248,0.755904,.232,0.0381,0.395478,.012,4980.0,7.620,4,28,"Aug  3 1999 12:00AM","Aug 31 1999 12:00AM"
CO98,9,1999,100,100,100,0.0666496,0.0067691,0.0130175,0.0098933,0.0499872,0.3821938,.125,0.0239522,0.2374392,.006,3173.6,5.207,4,28,"Aug 31 1999 12:00AM","Sep 28 1999 12:00AM"
CO98,1,2000,0,100,0,-9,-9,-9,-9,-9,-9,-9.000,-9,-9,-9.000,.0,8.001,0,35,"Dec 28 1999 12:00AM","Feb  1 2000 12:00AM"
CO98,10,2000,100,100,100,0.0290576,0.0036576,0.003048,0.0058928,0.033528,0.2828544,.090,0.0158496,0.1560576,.004,973.8,2.032,4,28,"Oct  3 2000 12:00AM","Oct 31 2000 12:00AM"
CO98,11,2000,0,100,0,-9,-9,-9,-9,-9,-9,-9.000,-9,-9,-9.000,.0,7.493,0,28,"Oct 31 2000 12:00AM","Nov 28 2000 12:00AM"
CO98,12,2000,60,100,71,0.0638064,0.005908,0.0070896,0.0319032,0.0543536,0.6179768,.182,0.02954,0.3816568,.011,494.3,11.816,3,35,"Nov 28 2000 12:00AM","Jan  2 2001 12:00AM"
CO98,2,2000,100,100,100,0.008264,0.0006198,0.0002066,0.0014462,0.002066,0.04132,.011,0.004132,0.018594,.001,44.2,2.066,2,28,"Feb  1 2000 12:00AM","Feb 29 2000 12:00AM"
CO98,3,2000,25,100,10,0.5842,0.041656,0.064008,0.083312,0.33528,1.453896,.589,0.119888,0.710184,.001,103.2,10.160,1,28,"Feb 29 2000 12:00AM","Mar 28 2000 12:00AM"
CO98,4,2000,100,100,100,0.3140075,0.0277495,0.02921,0.046736,0.5652135,1.1581765,.701,0.070104,0.7959725,.003,4439.9,14.605,5,35,"Mar 28 2000 12:00AM","May  2 2000 12:00AM"
CO98,5,2000,75,100,85,0.184743,0.018948,0.0208428,0.0265272,0.1714794,0.7380246,.300,0.0454752,0.5220174,.005,3502.3,9.474,3,28,"May  2 2000 12:00AM","May 30 2000 12:00AM"
CO98,6,2000,100,100,100,0.0720222,0.0091793,0.014122,0.0183586,0.0515453,0.3848245,.127,0.035305,0.2485472,.006,4391.3,7.061,3,28,"May 30 2000 12:00AM","Jun 27 2000 12:00AM"
CO98,7,2000,80,100,98,0.0980655,0.0110638,0.0176015,0.0145841,0.2182586,0.8745431,.367,0.0367117,0.4093606,.007,3248.0,5.029,3,35,"Jun 27 2000 12:00AM","Aug  1 2000 12:00AM"
CO98,8,2000,75,100,91,0.043327,0.0052695,0.0076115,0.0099535,0.087825,0.631169,.211,0.025762,0.2628895,.008,3800.6,5.855,2,28,"Aug  1 2000 12:00AM","Aug 29 2000 12:00AM"
CO98,9,2000,100,100,100,0.2699385,0.0318389,0.0235331,0.0304546,0.13843,0.8942578,.310,0.1411986,0.7212203,.011,7485.2,13.843,4,35,"Aug 29 2000 12:00AM","Oct  3 2000 12:00AM"
CO98,1,2001,75,100,94,0.01143,0.001143,0.0006858,0.0048006,0.0397764,0.1952244,.075,0.0123444,0.0569214,.001,433.2,2.286,2,28,"Jan  2 2001 12:00AM","Jan 30 2001 12:00AM"
CO98,10,2001,75,100,94,0.0467752,0.0061442,0.0196218,0.0065406,0.0382526,0.2124704,.078,0.0130812,0.136758,.001,1013.0,1.982,3,28,"Oct  2 2001 12:00AM","Oct 30 2001 12:00AM"
CO98,11,2001,100,100,100,0.0247605,0.0024275,0.0024275,0.005826,0.0451515,0.2432355,.090,0.0150505,0.149534,.003,1573.5,4.855,4,28,"Oct 30 2001 12:00AM","Nov 27 2001 12:00AM"
CO98,12,2001,40,80,54,0.023867,0.001646,0.001646,0.001646,0.0267475,0.162954,.058,0.022221,0.112751,.002,508.0,4.115,2,35,"Nov 27 2001 12:00AM","Jan  1 2002 12:00AM"
CO98,2,2001,50,100,14,0.088965,0.0108735,0.0088965,0.063264,0.3766185,0.9341325,.504,0.128505,0.304458,.002,254.5,9.885,2,28,"Jan 30 2001 12:00AM","Feb 27 2001 12:00AM"
CO98,3,2001,100,100,100,0.0949106,0.0096112,0.0048056,0.0228266,0.2955444,1.1977958,.500,0.0456532,0.5154006,.009,3317.3,12.014,5,35,"Feb 27 2001 12:00AM","Apr  3 2001 12:00AM"
CO98,4,2001,75,100,98,0.2633472,0.0226314,0.0216027,0.0370332,0.2489454,0.6902577,.349,0.0524637,0.4402836,.001,3661.0,10.287,3,28,"Apr  3 2001 12:00AM","May  1 2001 12:00AM"
CO98,5,2001,75,100,91,0.3710432,0.039116,0.0234696,0.0592328,0.1397,0.8035544,.290,0.050292,0.5833872,.002,3548.5,11.176,3,28,"May  1 2001 12:00AM","May 29 2001 12:00AM"
CO98,6,2001,60,100,59,0.0888492,0.0094996,0.022352,0.0120142,0.1542288,0.518287,.237,0.026543,0.2699004,.001,1124.3,2.794,3,35,"May 29 2001 12:00AM","Jul  3 2001 12:00AM"
CO98,7,2001,100,100,100,0.0824568,0.0081498,0.0134232,0.0100674,0.1514904,0.759849,.289,0.0297228,0.3744114,.007,3340.7,4.794,4,28,"Jul  3 2001 12:00AM","Jul 31 2001 12:00AM"
CO98,8,2001,100,100,100,0.1745667,0.0173124,0.0403956,0.0216405,0.5525541,1.8250155,.842,0.0620361,0.9565101,.016,9724.1,14.427,4,28,"Jul 31 2001 12:00AM","Aug 28 2001 12:00AM"
CO98,9,2001,100,100,100,0.1364354,0.0147942,0.016438,0.0238351,0.1076689,0.5728643,.213,0.0427388,0.3887587,.006,4415.8,8.219,5,35,"Aug 28 2001 12:00AM","Oct  2 2001 12:00AM"
CO98,1,2002,25,100,14,0.07366,0.011049,0.0103124,0.0604012,0.162052,0.802894,.307,0.051562,0.14732,.002,70.0,7.366,1,28,"Jan  1 2002 12:00AM","Jan 29 2002 12:00AM"
CO98,10,2002,100,100,100,0.0189849,0.0017259,0.0017259,0.0028765,0.0857197,0.2968548,.134,0.0074789,0.166837,.004,2255.8,5.753,2,28,"Oct  1 2002 12:00AM","Oct 29 2002 12:00AM"
CO98,11,2002,100,100,100,0.0300125,0.002401,0.004802,0.0084035,0.0828345,0.5894455,.198,0.02401,0.242501,.008,2697.8,12.005,4,35,"Oct 29 2002 12:00AM","Dec  3 2002 12:00AM"
CO98,12,2002,25,100,20,0.002697,0.0002697,0.0002697,0.0013485,0.008091,0.08091,.025,0.002697,0.02697,.002,365.3,2.697,1,28,"Dec  3 2002 12:00AM","Dec 31 2002 12:00AM"
CO98,2,2002,100,100,100,0.060452,0.0077724,0.0017272,0.0574294,0.051816,0.401574,.131,0.038862,0.1839468,.003,1182.3,4.318,4,28,"Jan 29 2002 12:00AM","Feb 26 2002 12:00AM"
CO98,3,2002,80,100,95,0.25146,0.0176022,0.0075438,0.0427482,0.117348,0.50292,.205,0.0192786,0.1659636,.003,2679.3,8.382,4,35,"Feb 26 2002 12:00AM","Apr  2 2002 12:00AM"
CO98,4,2002,100,100,100,0.4859782,0.031369,0.0173736,0.0275082,0.0955548,0.4570222,.177,0.0400558,0.2403348,.000,1342.0,4.826,4,28,"Apr  2 2002 12:00AM","Apr 30 2002 12:00AM"
CO98,5,2002,75,100,78,0.7061835,0.058674,0.019558,0.0342265,0.1334135,0.6852285,.258,0.043307,0.244475,.002,2824.1,6.985,3,28,"Apr 30 2002 12:00AM","May 28 2002 12:00AM"
CO98,6,2002,40,100,4,0.017526,0.0017526,0.0032131,0.0049657,0.055499,0.166497,.081,0.020447,0.093472,.002,390.4,2.921,1,35,"May 28 2002 12:00AM","Jul  2 2002 12:00AM"
CO98,7,2002,100,100,100,0.1429131,0.0141732,0.0212598,0.0125984,0.385826,0.8295259,.487,0.035433,0.3984244,.000,2358.6,3.937,4,28,"Jul  2 2002 12:00AM","Jul 30 2002 12:00AM"
CO98,8,2002,80,100,89,0.1024382,0.0108077,0.009398,0.0145669,0.1108964,0.6851142,.241,0.0291338,0.3270504,.006,2908.4,4.699,4,35,"Jul 30 2002 12:00AM","Sep  3 2002 12:00AM"
CO98,9,2002,100,100,100,0.174625,0.0244475,0.057277,0.01397,0.1725295,0.7704455,.308,0.0412115,0.375793,.004,3872.2,6.985,4,28,"Sep  3 2002 12:00AM","Oct  1 2002 12:00AM"
CO98,1,2003,100,100,100,0.0113472,0.001182,0.0028368,0.0021276,0.0380604,0.2330904,.082,0.0075648,0.1035432,.003,579.4,2.364,3,28,"Dec 31 2002 12:00AM","Jan 28 2003 12:00AM"
CO98,10,2003,100,100,100,0.066294,0.0086868,0.0098298,0.0089154,0.0482346,0.2722626,.099,0.014859,0.132588,.001,1599.0,2.286,2,28,"Sep 30 2003 12:00AM","Oct 28 2003 12:00AM"
CO98,11,2003,80,100,87,0.0944118,0.0089916,0.0284734,0.0209804,0.1813306,0.651891,.288,0.0509524,0.4615688,.008,2470.1,14.986,4,35,"Oct 28 2003 12:00AM","Dec  2 2003 12:00AM"
CO98,12,2003,100,100,100,0.036576,0.0024384,0.0036576,0.0042672,0.0438912,0.3389376,.111,0.0079248,0.1030224,.004,1386.6,6.096,4,28,"Dec  2 2003 12:00AM","Dec 30 2003 12:00AM"
CO98,2,2003,100,100,100,0.0310536,0.0032688,0.0010896,0.0043584,0.0473976,0.2102928,.084,0.0103512,0.1220352,.002,2523.4,5.448,4,28,"Jan 28 2003 12:00AM","Feb 25 2003 12:00AM"
CO98,3,2003,40,100,51,0.1830335,0.0189345,0.0100984,0.0997217,0.1792466,0.7851506,.317,0.0593281,0.6033794,.006,2032.3,12.623,2,35,"Feb 25 2003 12:00AM","Apr  1 2003 12:00AM"
CO98,4,2003,100,100,100,0.1404936,0.0124488,0.002964,0.0154128,0.0788424,0.3953976,.151,0.0272688,0.2003664,.001,2433.1,5.928,3,28,"Apr  1 2003 12:00AM","Apr 29 2003 12:00AM"
CO98,5,2003,100,100,100,1.2489815,0.1047115,0.0334645,0.051816,0.1694815,0.796671,.312,0.0809625,0.531114,.001,3926.7,10.795,5,35,"Apr 29 2003 12:00AM","Jun  3 2003 12:00AM"
CO98,6,2003,50,100,39,0.1611267,0.0193795,0.077518,0.0177184,0.1683248,0.5415186,.253,0.0382053,0.4612321,.003,1607.3,5.537,2,28,"Jun  3 2003 12:00AM","Jul  1 2003 12:00AM"
CO98,7,2003,75,100,98,0.0962136,0.0098532,0.017388,0.0092736,0.3112452,0.8792532,.440,0.0365148,0.4051404,.005,3482.8,5.796,2,28,"Jul  1 2003 12:00AM","Jul 29 2003 12:00AM"
CO98,8,2003,100,100,100,0.1214501,0.0129794,0.0194691,0.0129794,0.2605151,0.9817989,.424,0.037084,0.4570603,.009,6437.1,9.271,5,35,"Jul 29 2003 12:00AM","Sep  2 2003 12:00AM"
CO98,9,2003,75,100,75,0.089408,0.0128524,0.033528,0.0122936,0.1302004,0.6403848,.246,0.02794,0.3051048,.005,2597.6,5.588,2,28,"Sep  2 2003 12:00AM","Sep 30 2003 12:00AM"
CO98,1,2004,80,100,94,0.0466193,0.0049595,0.0079352,0.0089271,0.0833196,0.4007276,.155,0.0158704,0.1973881,.005,1012.3,9.919,3,35,"Dec 30 2003 12:00AM","Feb  3 2004 12:00AM"
CO98,10,2004,100,100,100,0.0487061,0.0041452,0.0051815,0.0082904,0.1212471,0.6476875,.241,0.0227986,0.3471605,.009,4258.3,10.363,5,35,"Sep 28 2004 12:00AM","Nov  2 2004 12:00AM"
CO98,11,2004,100,100,100,0.037818,0.002292,0.002865,0.003438,0.138093,0.61884,.247,0.01146,0.265872,.006,2999.7,5.730,3,28,"Nov  2 2004 12:00AM","Nov 30 2004 12:00AM"
CO98,12,2004,50,100,15,0.025926,0.002682,0.004023,0.008046,0.015645,0.176565,.052,0.012963,0.0447,.002,174.4,4.470,2,28,"Nov 30 2004 12:00AM","Dec 28 2004 12:00AM"
CO98,2,2004,100,100,100,0.0300495,0.0023115,0.0027738,0.0055476,0.1405392,0.4461195,.210,0.0124821,0.1456245,.003,1241.0,4.623,4,28,"Feb  3 2004 12:00AM","Mar  2 2004 12:00AM"
CO98,3,2004,100,100,100,0.0296818,0.0030495,0.0036594,0.0058957,0.0311049,0.1242163,.052,0.0054891,0.0845728,.001,910.1,2.033,3,28,"Mar  2 2004 12:00AM","Mar 30 2004 12:00AM"
CO98,4,2004,75,100,95,0.1451336,0.0101256,0.0219388,0.016876,0.7881092,1.2673876,.899,0.0286892,0.8319868,.005,8583.0,16.876,3,28,"Mar 30 2004 12:00AM","Apr 27 2004 12:00AM"
CO98,5,2004,100,100,100,0.4439962,0.0392012,0.0238616,0.063915,0.1738488,0.882027,.334,0.0843678,0.5351816,.002,3707.0,8.522,4,35,"Apr 27 2004 12:00AM","Jun  1 2004 12:00AM"
CO98,6,2004,50,100,91,0.19836,0.029754,0.087058,0.058406,0.169708,1.050206,.369,0.106894,0.632548,.009,6369.3,11.020,2,28,"Jun  1 2004 12:00AM","Jun 29 2004 12:00AM"
CO98,7,2004,80,100,88,0.1102176,0.0126291,0.0241101,0.0172215,0.275544,1.1331747,.470,0.0505164,0.4741653,.012,7159.0,11.481,4,35,"Jun 29 2004 12:00AM","Aug  3 2004 12:00AM"
CO98,8,2004,100,100,100,0.101838,0.0104924,0.0104924,0.0141956,0.0882596,0.4591968,.172,0.0259224,0.253052,.005,4305.5,6.172,4,28,"Aug  3 2004 12:00AM","Aug 31 2004 12:00AM"
CO98,9,2004,100,100,100,0.1398016,0.0146304,0.0178816,0.0211328,0.0999744,0.6022848,.214,0.0382016,0.296672,.005,4453.7,8.128,4,28,"Aug 31 2004 12:00AM","Sep 28 2004 12:00AM"
CO98,1,2005,100,100,100,0.0609387,0.0064146,0.0117601,0.0171056,0.0716297,0.5356191,.177,0.0192438,0.2309256,.008,1695.9,10.691,4,35,"Dec 28 2004 12:00AM","Feb  1 2005 12:00AM"
CO98,10,2005,100,100,100,0.0369458,0.003131,0.0050096,0.0056358,0.0726392,0.25048,.113,0.0131502,0.2141604,.003,2014.1,6.262,4,35,"Sep 27 2005 12:00AM","Nov  1 2005 12:00AM"
CO98,11,2005,100,100,100,0.0912285,0.0084645,0.0197505,0.013167,0.071478,0.349866,.135,0.0253935,0.3489255,.005,1240.9,9.405,4,28,"Nov  1 2005 12:00AM","Nov 29 2005 12:00AM"
CO98,12,2005,17,100,22,0.010566,0.0014088,0.0042264,0.0084528,0.0049308,0.07044,.020,0.0151446,0.042264,.002,154.0,3.522,1,35,"Nov 29 2005 12:00AM","Jan  3 2006 12:00AM"
CO98,2,2005,100,100,100,0.0178816,0.0022352,0.002794,0.005588,0.0162052,0.3285744,.087,0.008382,0.0983488,.006,1127.2,5.588,4,28,"Feb  1 2005 12:00AM","Mar  1 2005 12:00AM"
CO98,3,2005,100,100,100,0.0927481,0.0093599,0.0068072,0.0374396,0.1140206,0.3641852,.171,0.0357378,0.2237867,.002,3089.5,8.509,4,28,"Mar  1 2005 12:00AM","Mar 29 2005 12:00AM"
CO98,4,2005,100,100,100,0.2505583,0.0221488,0.0207645,0.0401447,0.3350006,0.9302496,.470,0.0526034,0.6893814,.005,5489.3,13.843,4,35,"Mar 29 2005 12:00AM","May  3 2005 12:00AM"
CO98,5,2005,75,100,99,0.153348,0.016711,0.015728,0.034405,0.220192,0.715624,.333,0.054065,0.555395,.005,4918.2,9.830,3,28,"May  3 2005 12:00AM","May 31 2005 12:00AM"
CO98,6,2005,100,100,100,0.0967232,0.012192,0.0292608,0.0268224,0.1089152,0.6925056,.241,0.0495808,0.46736,.010,5151.5,8.128,4,28,"May 31 2005 12:00AM","Jun 28 2005 12:00AM"
CO98,7,2005,100,100,100,0.299016,0.0311475,0.0598032,0.0336393,0.485901,1.4190801,.698,0.0834753,0.8571792,.008,8200.2,12.459,4,35,"Jun 28 2005 12:00AM","Aug  2 2005 12:00AM"
CO98,8,2005,100,100,100,0.0636944,0.0074448,0.008272,0.0107536,0.119944,0.5972384,.228,0.028952,0.3135088,.008,5699.4,8.272,4,28,"Aug  2 2005 12:00AM","Aug 30 2005 12:00AM"
CO98,9,2005,100,100,100,0.0329692,0.0044704,0.0114554,0.0100584,0.0243078,0.2330196,.072,0.0192786,0.1377442,.003,1779.2,2.794,3,28,"Aug 30 2005 12:00AM","Sep 27 2005 12:00AM"
CO98,1,2006,100,100,100,0.1128195,0.008357,0.008357,0.0225639,0.041785,0.534848,.153,0.0267424,0.175497,.004,1635.0,8.357,4,28,"Jan  3 2006 12:00AM","Jan 31 2006 12:00AM"
CO98,10,2006,25,100,6,0.0748904,0.0057608,0.007201,0.0115216,0.1757044,0.8871632,.337,0.0302442,0.3226048,.010,412.7,14.402,1,28,"Oct  3 2006 12:00AM","Oct 31 2006 12:00AM"
CO98,11,2006,25,100,22,0.2130425,0.015367,0.011176,0.020955,0.16764,1.014222,.359,0.019558,0.5916295,.007,307.2,6.985,1,28,"Oct 31 2006 12:00AM","Nov 28 2006 12:00AM"
CO98,12,2006,20,100,24,0.0586435,0.0067903,0.0074076,0.0148152,0.0444456,0.3358112,.110,0.0277785,0.1802516,.004,1009.5,6.173,1,35,"Nov 28 2006 12:00AM","Jan  2 2007 12:00AM"
CO98,2,2006,100,100,100,2.131695,0.100584,0.0600075,0.1365885,0.04572,0.6269355,.177,0.0611505,0.5412105,.002,948.7,5.715,3,28,"Jan 31 2006 12:00AM","Feb 28 2006 12:00AM"
CO98,3,2006,100,100,100,0.0395684,0.0044674,0.003191,0.0076584,0.0682874,0.3912166,.141,0.0146786,0.1474242,.005,3169.2,6.382,4,28,"Feb 28 2006 12:00AM","Mar 28 2006 12:00AM"
CO98,4,2006,80,100,96,0.1463967,0.0104766,0.0096495,0.0157149,0.0487989,0.2026395,.084,0.0159906,0.1480509,.000,1801.8,2.757,3,35,"Mar 28 2006 12:00AM","May  2 2006 12:00AM"
CO98,5,2006,25,100,0,-9,-9,-9,-9,-9,-9,-9.000,-9,-9,-9.000,.0,10.160,0,28,"May  2 2006 12:00AM","May 30 2006 12:00AM"
CO98,6,2006,25,100,0,-9,-9,-9,-9,-9,-9,-9.000,-9,-9,-9.000,.0,1.406,0,28,"May 30 2006 12:00AM","Jun 27 2006 12:00AM"
CO98,7,2006,80,100,91,0.1581764,0.0173344,0.0346688,0.0476696,0.2849342,1.0032284,.448,0.086672,0.5221988,.010,7148.0,10.834,4,35,"Jun 27 2006 12:00AM","Aug  1 2006 12:00AM"
CO98,8,2006,100,100,100,0.07696,0.009152,0.012064,0.019552,0.12896,0.743808,.268,0.034528,0.317408,.008,2829.9,4.160,4,28,"Aug  1 2006 12:00AM","Aug 29 2006 12:00AM"
CO98,9,2006,100,100,100,0.217784,0.0225562,0.0412234,0.0334454,0.4565686,1.3564832,.661,0.0653352,0.6090174,.003,3943.1,7.778,5,35,"Aug 29 2006 12:00AM","Oct  3 2006 12:00AM"
CO98,1,2007,29,100,25,0.2001012,0.0145288,0.0105664,0.0323596,0.03302,0.4609592,.130,0.0277368,0.1664208,.001,863.1,6.604,1,21,"Jan  2 2007 12:00AM","Jan 23 2007 12:00AM"
CO98,10,2007,75,100,59,0.0553212,0.0050292,0.0044704,0.008382,0.0178816,0.25146,.071,0.0162052,0.081026,.002,1762.9,5.588,2,28,"Oct  2 2007 12:00AM","Oct 30 2007 12:00AM"
CO98,11,2007,25,100,66,0.0198374,0.0016764,0.0016764,0.005588,0.0472186,0.1553464,.072,0.0053086,0.0315722,.001,809.3,2.794,1,28,"Oct 30 2007 12:00AM","Nov 27 2007 12:00AM"
CO98,12,2007,40,100,57,0.0535185,0.0061164,0.0076455,0.0183492,0.0474021,0.626931,.178,0.0321111,0.1467936,.010,2662.0,15.291,2,35,"Nov 27 2007 12:00AM","Jan  1 2008 12:00AM"
CO98,2,2007,75,100,48,0.0934503,0.010326,0.0108423,0.020652,0.0686679,0.5410824,.176,0.0252987,0.1832865,.004,761.4,5.163,3,28,"Jan 30 2007 12:00AM","Feb 27 2007 12:00AM"
CO98,3,2007,100,100,100,0.0689678,0.007337,0.0124729,0.0161414,0.1474737,0.4783724,.223,0.0264132,0.2083708,.003,3659.9,7.337,4,35,"Feb 27 2007 12:00AM","Apr  3 2007 12:00AM"
CO98,4,2007,100,100,100,0.2458775,0.0241407,0.0160938,0.0375522,0.2566067,0.6580576,.348,0.0438109,0.509637,.001,3861.9,8.941,4,28,"Apr  3 2007 12:00AM","May  1 2007 12:00AM"
CO98,5,2007,50,100,82,0.1366016,0.0170752,0.0247296,0.0217856,0.1725184,0.5870336,.267,0.0335616,0.3409152,.001,1728.5,5.888,2,28,"May  1 2007 12:00AM","May 29 2007 12:00AM"
CO98,6,2007,20,100,33,0.0795064,0.0113091,0.0092529,0.0167923,0.0952706,0.2546261,.132,0.0263879,0.2868399,.001,757.5,3.427,1,35,"May 29 2007 12:00AM","Jul  3 2007 12:00AM"
CO98,7,2007,75,100,86,0.0929766,0.0104552,0.0265114,0.0097084,0.1799788,0.4749648,.247,0.0272582,0.2363622,.002,2277.9,3.734,3,28,"Jul  3 2007 12:00AM","Jul 31 2007 12:00AM"
CO98,8,2007,100,100,100,0.1157726,0.0122295,0.0228284,0.0130448,0.3440566,1.0549982,.506,0.0342426,0.4166183,.006,5527.5,8.153,4,28,"Jul 31 2007 12:00AM","Aug 28 2007 12:00AM"
CO98,9,2007,100,100,100,0.3834176,0.0372384,0.0455136,0.0468928,0.2027424,0.986128,.380,0.082752,0.6978752,.008,8497.5,13.792,5,35,"Aug 28 2007 12:00AM","Oct  2 2007 12:00AM"
CO98,1,2008,75,100,63,0.0612048,0.0063755,0.0076506,0.0242269,0.0357028,0.4297087,.125,0.0433534,0.1759638,.008,418.8,12.751,3,28,"Jan  1 2008 12:00AM","Jan 29 2008 12:00AM"
CO98,10,2008,100,100,100,0.071328,0.0068356,0.0062412,0.0083216,0.0436884,0.2306272,.086,0.0142656,0.166432,.002,1253.4,2.972,4,28,"Sep 30 2008 12:00AM","Oct 28 2008 12:00AM"
CO98,11,2008,80,100,99,0.0717465,0.0075163,0.0102495,0.0122994,0.0785795,0.3648822,.143,0.020499,0.2637538,.004,1136.7,6.833,4,35,"Oct 28 2008 12:00AM","Dec  2 2008 12:00AM"
CO98,12,2008,25,100,38,0.0567952,0.0059008,0.0029504,0.0081136,0.0567952,0.2743872,.106,0.0132768,0.0944128,.002,1061.9,7.376,1,28,"Dec  2 2008 12:00AM","Dec 30 2008 12:00AM"
CO98,2,2008,25,100,21,0.047652,0.0047652,0.0035739,0.0131043,0.0524172,0.5491893,.165,0.0226347,0.2668512,.012,769.5,11.913,1,28,"Jan 29 2008 12:00AM","Feb 26 2008 12:00AM"
CO98,3,2008,20,100,4,0.107811,0.009317,0.009317,0.019965,0.071874,0.790614,.234,0.041261,0.350053,.011,142.4,13.310,1,35,"Feb 26 2008 12:00AM","Apr  1 2008 12:00AM"
CO98,4,2008,75,100,52,1.0898573,0.1198507,0.0459241,0.2665838,0.4469199,1.3766029,.658,0.1635346,0.9711267,.001,1958.9,11.201,3,28,"Apr  1 2008 12:00AM","Apr 29 2008 12:00AM"
CO98,5,2008,80,100,79,0.5587968,0.06528,0.0352512,0.1135872,0.3224832,0.7807488,.427,0.0953088,0.8277504,.001,4220.8,13.056,3,35,"Apr 29 2008 12:00AM","Jun  3 2008 12:00AM"
CO98,6,2008,25,100,82,0.1249596,0.011124,0.0077868,0.0133488,0.03708,0.2328624,.081,0.0196524,0.1442412,.001,1518.8,3.708,1,28,"Jun  3 2008 12:00AM","Jul  1 2008 12:00AM"
CO98,7,2008,50,100,83,0.1007872,0.0113792,0.018288,0.0150368,0.2328672,0.6018784,.317,0.028448,0.272288,.001,2266.0,4.064,2,28,"Jul  1 2008 12:00AM","Jul 29 2008 12:00AM"
CO98,8,2008,80,100,99,0.110998,0.0125476,0.0115824,0.0115824,0.1438148,0.65151,.259,0.0347472,0.4073144,.009,6648.3,9.652,4,35,"Jul 29 2008 12:00AM","Sep  2 2008 12:00AM"
CO98,9,2008,100,100,100,0.142417,0.017303,0.0126445,0.0153065,0.1417515,0.62557,.251,0.037268,0.3613665,.004,4493.3,6.655,3,28,"Sep  2 2008 12:00AM","Sep 30 2008 12:00AM"
CO98,1,2009,60,100,93,0.0443992,0.0038608,0.0077216,0.0077216,0.0424688,0.308864,.103,0.028956,0.1775968,.010,2216.1,19.304,3,35,"Dec 30 2008 12:00AM","Feb  3 2009 12:00AM"
CO98,10,2009,80,100,78,0.2110134,0.0262206,0.0162318,0.0574356,0.1448376,0.767889,.286,0.0861534,0.4145352,.005,4145.9,12.486,4,35,"Sep 29 2009 12:00AM","Nov  3 2009 12:00AM"
CO98,11,2009,100,100,100,0.0903336,0.0071316,0.0055468,0.0194138,0.049525,0.2979424,.106,0.0186214,0.1454054,.001,1322.8,3.962,2,28,"Nov  3 2009 12:00AM","Dec  1 2009 12:00AM"
CO98,12,2009,0,100,0,-9,-9,-9,-9,-9,-9,-9.000,-9,-9,-9.000,.0,11.735,0,28,"Dec  1 2009 12:00AM","Dec 29 2009 12:00AM"
CO98,2,2009,100,100,100,0.2252718,0.0221421,0.0105897,0.0683517,0.1309272,0.6671511,.252,0.0500604,0.3446466,.003,1230.1,9.627,4,28,"Feb  3 2009 12:00AM","Mar  3 2009 12:00AM"
CO98,3,2009,50,100,78,0.531622,0.034671,0.021336,0.029337,0.09779,0.365379,.159,0.032893,0.208026,.000,2103.4,8.890,2,28,"Mar  3 2009 12:00AM","Mar 31 2009 12:00AM"
CO98,4,2009,50,100,23,5.153841,0.161135,0.104118,0.076849,0.359455,0.91723,.486,0.076849,1.955931,.002,2222.6,24.790,2,28,"Mar 31 2009 12:00AM","Apr 28 2009 12:00AM"
CO98,5,2009,20,100,16,0.114427,0.010795,0.0097155,0.0140335,0.153289,0.790194,.298,0.0399415,0.343281,.008,1251.9,10.795,1,35,"Apr 28 2009 12:00AM","Jun  2 2009 12:00AM"
CO98,6,2009,100,100,100,0.1617288,0.0184248,0.030708,0.0266136,0.1463748,0.6684108,.265,0.0603924,0.4565256,.007,6587.9,10.236,4,28,"Jun  2 2009 12:00AM","Jun 30 2009 12:00AM"
CO98,7,2009,75,100,98,0.0819077,0.0103245,0.0158309,0.013766,0.158309,0.5595879,.249,0.0351033,0.323501,.006,4646.4,6.883,3,28,"Jun 30 2009 12:00AM","Jul 28 2009 12:00AM"
CO98,8,2009,60,100,75,0.0690118,0.0075946,0.0085852,0.009906,0.0980694,0.3377946,.153,0.0217932,0.2133092,.002,1717.3,3.302,3,35,"Jul 28 2009 12:00AM","Sep  1 2009 12:00AM"
CO98,9,2009,75,100,73,0.0662256,0.0069552,0.0072576,0.00756,0.1257984,0.3214512,.170,0.0148176,0.1841616,.001,1517.6,3.024,3,28,"Sep  1 2009 12:00AM","Sep 29 2009 12:00AM"
CO98,1,2010,40,100,50,0.0511266,0.0055272,0.013818,0.0075999,0.0573447,0.421449,.140,0.0234906,0.0849807,.005,362.5,6.909,2,35,"Dec 29 2009 12:00AM","Feb  2 2010 12:00AM"
CO98,10,2010,80,100,99,0.0511518,0.004487,0.0071792,0.0071792,0.112175,0.2934498,.153,0.017948,0.2485798,.004,5457.7,8.974,3,35,"Sep 28 2010 12:00AM","Nov  2 2010 12:00AM"
CO98,11,2010,50,100,59,0.0484344,0.005766,0.005766,0.0080724,0.0265236,0.236406,.074,0.0196044,0.109554,.005,385.8,11.532,2,28,"Nov  2 2010 12:00AM","Nov 30 2010 12:00AM"
CO98,12,2010,0,100,0,-9,-9,-9,-9,-9,-9,-9.000,-9,-9,-9.000,.0,20.726,0,28,"Nov 30 2010 12:00AM","Dec 28 2010 12:00AM"
CO98,2,2010,100,100,100,0.0678857,0.0073611,0.0057253,0.0204475,0.0760647,0.5618973,.186,0.0343518,0.2036571,.006,1919.3,8.179,4,28,"Feb  2 2010 12:00AM","Mar  2 2010 12:00AM"
CO98,3,2010,100,100,100,0.0779,0.0076,0.00475,0.01615,0.2014,0.47405,.264,0.0247,0.25555,.003,3033.0,9.500,4,28,"Mar  2 2010 12:00AM","Mar 30 2010 12:00AM"
CO98,4,2010,50,100,51,1.9190418,0.1107795,0.068172,0.0647634,0.1891773,0.6595641,.296,0.0698763,0.6510426,.001,1338.7,17.043,2,28,"Mar 30 2010 12:00AM","Apr 27 2010 12:00AM"
CO98,5,2010,60,100,44,1.5852048,0.0927728,0.090756,0.0927728,0.1794952,1.199996,.411,0.1048736,0.9499128,.007,3831.5,20.168,2,35,"Apr 27 2010 12:00AM","Jun  1 2010 12:00AM"
CO98,6,2010,50,100,93,0.1112584,0.0100606,0.0171622,0.0195294,0.0881782,0.248556,.125,0.032549,0.1562352,.001,3618.0,5.918,1,28,"Jun  1 2010 12:00AM","Jun 29 2010 12:00AM"
CO98,7,2010,100,100,100,0.2065528,0.0244602,0.0298958,0.0462026,0.3084703,1.1577828,.501,0.0896874,0.5449189,.009,8957.7,13.589,5,35,"Jun 29 2010 12:00AM","Aug  3 2010 12:00AM"
CO98,8,2010,100,100,100,0.0347256,0.0044096,0.005512,0.008268,0.08268,0.374816,.149,0.0225992,0.176384,.005,3697.5,5.512,4,28,"Aug  3 2010 12:00AM","Aug 31 2010 12:00AM"
CO98,9,2010,100,100,100,0.0163371,0.0016614,0.0016614,0.0038766,0.0210444,0.0855621,.036,0.0116298,0.0467961,.001,1833.5,2.769,3,28,"Aug 31 2010 12:00AM","Sep 28 2010 12:00AM"
CO98,1,2011,61,100,90,0.018144,0.0018144,0.0027216,0.004536,0.0390096,0.1959552,.075,0.0127008,0.0961632,.005,1013.6,9.072,3,36,"Dec 28 2010 12:00AM","Feb  2 2011 12:00AM"
CO98,10,2011,80,100,96,0.07722,0.0092664,0.0146718,0.0069498,0.0648648,0.4030884,.141,0.0185328,0.1714284,.005,3763.6,7.722,4,35,"Sep 27 2011 12:00AM","Nov  1 2011 12:00AM"
CO98,11,2011,100,100,100,0.2348231,0.0389344,0.0778688,0.060835,0.1180199,0.4672128,.197,0.0547515,0.4100279,.003,1865.9,12.167,4,28,"Nov  1 2011 12:00AM","Nov 29 2011 12:00AM"
CO98,12,2011,80,100,99,0.0750256,0.0079354,0.0064926,0.021642,0.0620404,0.3383366,.125,0.0238062,0.1125384,.003,2275.6,7.214,4,35,"Nov 29 2011 12:00AM","Jan  3 2012 12:00AM"
CO98,2,2011,48,100,62,0.0962067,0.0197685,0.0092253,0.0250401,0.1436511,1.0055577,.339,0.079074,0.158148,.008,1442.9,13.179,2,27,"Feb  2 2011 12:00AM","Mar  1 2011 12:00AM"
CO98,3,2011,100,100,100,0.4718656,0.0399004,0.0294916,0.060718,0.138784,0.7945384,.287,0.0589832,0.511766,.005,3521.1,17.348,4,28,"Mar  1 2011 12:00AM","Mar 29 2011 12:00AM"
CO98,4,2011,80,100,76,0.6696792,0.071496,0.083412,0.0762624,0.3741624,1.5157152,.633,0.1286928,1.048608,.005,4443.5,23.832,4,35,"Mar 29 2011 12:00AM","May  3 2011 12:00AM"
CO98,5,2011,75,100,76,0.8249771,0.0861345,0.0344538,0.0918768,0.2813727,1.512139,.560,0.1244165,0.823063,.005,6566.8,19.141,3,28,"May  3 2011 12:00AM","May 31 2011 12:00AM"
CO98,6,2011,75,100,97,0.1027622,0.0113675,0.0200068,0.0150051,0.0868477,0.3264746,.141,0.0281914,0.2532679,.002,2686.7,4.547,2,28,"May 31 2011 12:00AM","Jun 28 2011 12:00AM"
CO98,7,2011,80,100,75,0.139065,0.0129794,0.0222504,0.0268859,0.2818384,1.0791444,.463,0.0445008,0.5395722,.009,4765.7,9.271,4,35,"Jun 28 2011 12:00AM","Aug  2 2011 12:00AM"
CO98,8,2011,100,100,100,0.0449235,0.0055875,0.004917,0.007152,0.0757665,0.4288965,.156,0.0203385,0.143487,.004,1639.3,2.235,4,28,"Aug  2 2011 12:00AM","Aug 30 2011 12:00AM"
CO98,9,2011,100,100,100,0.039504,0.004938,0.00823,0.00823,0.077362,0.355536,.140,0.021398,0.179414,.007,5370.3,8.230,4,28,"Aug 30 2011 12:00AM","Sep 27 2011 12:00AM"
CO98,1,2012,100,100,100,0.0993204,0.015849,0.0243018,0.0306414,0.089811,0.3465648,.148,0.0412074,0.2229426,.005,1375.1,10.566,4,28,"Jan  3 2012 12:00AM","Jan 31 2012 12:00AM"
CO98,10,2012,75,100,81,0.0648592,0.0069492,0.0063701,0.0156357,0.0642801,0.2478548,.106,0.0162148,0.179521,.003,1268.5,5.791,3,28,"Oct  2 2012 12:00AM","Oct 30 2012 12:00AM"
CO98,11,2012,100,100,100,0.0220096,0.0020272,0.001448,0.002896,0.0153488,0.0596576,.025,0.0060816,0.0385168,.001,334.7,2.896,2,28,"Oct 30 2012 12:00AM","Nov 27 2012 12:00AM"
CO98,12,2012,60,100,63,0.0520784,0.0047344,0.0071016,0.0165704,0.08877,0.5184168,.186,0.0224884,0.183458,.007,1542.8,11.836,3,35,"Nov 27 2012 12:00AM","Jan  1 2013 12:00AM"
CO98,2,2012,100,100,100,0.1695689,0.0184679,0.0151101,0.0386147,0.2316882,0.5573948,.306,0.0470092,0.3257066,.006,2418.5,16.789,4,28,"Jan 31 2012 12:00AM","Feb 28 2012 12:00AM"
CO98,3,2012,100,100,100,0.9469085,0.0596323,0.0386627,0.1166434,0.1343365,0.3197864,.177,0.0471816,0.5707663,.000,1321.5,6.553,3,35,"Feb 28 2012 12:00AM","Apr  3 2012 12:00AM"
CO98,4,2012,100,100,100,0.2199375,0.0235875,0.016575,0.024225,0.1785,0.6381375,.283,0.042075,0.3640125,.002,2599.4,6.375,4,28,"Apr  3 2012 12:00AM","May  1 2012 12:00AM"
CO98,5,2012,25,100,18,0.725424,0.06858,0.044958,0.08382,0.14859,0.919734,.323,0.09144,0.530352,.000,787.1,7.620,1,28,"May  1 2012 12:00AM","May 29 2012 12:00AM"
CO98,6,2012,60,100,50,0.0945896,0.010668,0.0131572,0.0072898,0.0336042,0.1358392,.057,0.015113,0.0833882,.000,648.3,1.778,1,35,"May 29 2012 12:00AM","Jul  3 2012 12:00AM"
CO98,7,2012,100,100,100,0.1334516,0.014097,0.023495,0.0150368,0.3326892,1.0403586,.494,0.0366522,0.4623816,.005,6588.6,9.398,4,28,"Jul  3 2012 12:00AM","Jul 31 2012 12:00AM"
CO98,8,2012,100,100,100,0.044988,0.0050856,0.0062592,0.0041076,0.0745236,0.2619084,.117,0.0131052,0.099756,.001,1425.2,1.956,3,28,"Jul 31 2012 12:00AM","Aug 28 2012 12:00AM"
CO98,9,2012,100,100,100,0.1333935,0.0167977,0.0167977,0.0158096,0.217382,0.7440393,.337,0.0375478,0.3823947,.005,6665.8,9.881,5,35,"Aug 28 2012 12:00AM","Oct  2 2012 12:00AM"
CO98,1,2013,75,100,98,0.0089804,0.0031086,0.0055264,0.0031086,0.0193424,0.0953304,.037,0.0065626,0.0210694,.002,254.7,3.454,2,28,"Jan  1 2013 12:00AM","Jan 29 2013 12:00AM"
CO98,10,2013,48,100,26,0.020955,0.002794,0.0034925,0.0020955,0.1397,0.247269,.164,0.009779,0.2577465,.004,608.8,6.985,1,29,"Sep 30 2013 12:00AM","Oct 29 2013 12:00AM"
CO98,11,2013,75,100,99,0.0874258,0.0238434,0.0363328,0.022708,0.079478,0.4462122,.163,0.0317912,0.2418402,.006,1417.5,11.354,3,28,"Oct 29 2013 12:00AM","Nov 26 2013 12:00AM"
CO98,12,2013,40,100,42,0.1296416,0.0178816,0.0156464,0.0145288,0.061468,0.7141464,.209,0.0357632,0.2089912,.007,478.6,11.176,2,35,"Nov 26 2013 12:00AM","Dec 31 2013 12:00AM"
CO98,2,2013,100,100,100,0.0501904,0.0057912,0.0057912,0.0125476,0.0887984,0.3436112,.147,0.02413,0.1525016,.005,1343.1,9.652,4,28,"Jan 29 2013 12:00AM","Feb 26 2013 12:00AM"
CO98,3,2013,100,100,100,0.2358935,0.0267771,0.0153012,0.0612048,0.3251505,1.0137045,.482,0.0969076,0.5202408,.003,3400.2,12.751,5,35,"Feb 26 2013 12:00AM","Apr  2 2013 12:00AM"
CO98,4,2013,25,100,16,1.3091864,0.1026269,0.0915321,0.1470061,1.0872904,1.8001313,1.251,0.1747431,1.5865564,.001,1928.2,27.737,1,28,"Apr  2 2013 12:00AM","Apr 30 2013 12:00AM"
CO98,5,2013,20,100,42,0.2003881,0.0215293,0.0115927,0.0231854,1.0052527,1.1062748,1.031,0.0397464,0.7336523,.001,3073.8,16.561,1,35,"Apr 30 2013 12:00AM","Jun  4 2013 12:00AM"
CO98,6,2013,75,100,80,0.0397155,0.0053535,0.010458,0.0038595,0.0832905,0.1535085,.099,0.00996,0.0700935,.000,713.5,1.245,2,28,"Jun  4 2013 12:00AM","Jul  2 2013 12:00AM"
CO98,7,2013,100,100,100,0.1014984,0.0131572,0.0263144,0.0131572,0.2763012,0.6822948,.369,0.0385318,0.2875788,.004,6372.2,9.398,4,28,"Jul  2 2013 12:00AM","Jul 30 2013 12:00AM"
CO98,8,2013,80,100,95,0.0760734,0.0084526,0.0214566,0.0110534,0.2659318,0.5858302,.339,0.0286088,0.3524084,.004,4224.4,6.502,4,35,"Jul 30 2013 12:00AM","Sep  3 2013 12:00AM"
CO98,9,2013,67,100,35,0.2829404,0.023978,0.035967,0.0287736,0.4579798,1.4482712,.683,0.0767296,0.6737818,.008,4108.9,23.978,3,27,"Sep  3 2013 12:00AM","Sep 30 2013 12:00AM"
CO98,1,2014,50,100,55,0.0500672,0.0062584,0.007823,0.0203398,0.1439432,0.5820312,.243,0.0516318,0.2472068,.008,1384.7,15.646,2,28,"Dec 31 2013 12:00AM","Jan 28 2014 12:00AM"
CO98,10,2014,100,100,100,0.0537536,0.0058112,0.0050848,0.0130752,0.101696,0.2266368,.130,0.0174336,0.2026656,.003,3176.2,7.264,3,28,"Sep 30 2014 12:00AM","Oct 28 2014 12:00AM"
CO98,11,2014,40,100,62,0.2293776,0.0320454,0.0320454,0.059031,0.3069612,1.6866,.620,0.1585404,0.5160996,.019,337.0,16.866,2,35,"Oct 28 2014 12:00AM","Dec  2 2014 12:00AM"
CO98,12,2014,50,100,70,0.2015805,0.0097736,0.0048868,0.0073302,0.0574199,0.5448782,.168,0.024434,0.1649295,.006,1769.7,12.217,2,28,"Dec  2 2014 12:00AM","Dec 30 2014 12:00AM"
CO98,2,2014,50,100,36,0.0289772,0.0041396,0.0041396,0.0082792,0.1014202,0.4180996,.173,0.0144886,0.1510954,.010,2384.6,20.698,2,28,"Jan 28 2014 12:00AM","Feb 25 2014 12:00AM"
CO98,3,2014,60,100,45,0.2861496,0.03613,0.0245684,0.065034,0.2427936,0.93938,.401,0.0635888,0.3815328,.003,2297.9,14.452,3,35,"Feb 25 2014 12:00AM","Apr  1 2014 12:00AM"
CO98,4,2014,75,100,96,0.282387,0.0287924,0.0232554,0.044296,0.1627878,0.3499384,.206,0.033222,0.2646686,.001,2734.8,11.074,3,28,"Apr  1 2014 12:00AM","Apr 29 2014 12:00AM"
CO98,5,2014,60,100,87,0.2615993,0.0317966,0.0390231,0.0679291,0.3786686,0.8296022,.482,0.0997257,0.4350353,.001,5267.6,14.453,3,35,"Apr 29 2014 12:00AM","Jun  3 2014 12:00AM"
CO98,6,2014,0,100,0,-9,-9,-9,-9,-9,-9,-9.000,-9,-9,-9.000,.0,1.956,0,28,"Jun  3 2014 12:00AM","Jul  1 2014 12:00AM"
CO98,7,2014,50,100,66,0.1497254,0.0136114,0.0272228,0.0106524,0.2325774,0.5077644,.295,0.0289982,0.2171906,.001,2712.1,5.918,2,28,"Jul  1 2014 12:00AM","Jul 29 2014 12:00AM"
CO98,8,2014,100,100,100,0.0858,0.01144,0.03289,0.01573,0.20449,0.73073,.324,0.04862,0.3003,.008,9452.7,14.300,5,35,"Jul 29 2014 12:00AM","Sep  2 2014 12:00AM"
CO98,9,2014,100,100,100,0.0604012,0.0083312,0.0145796,0.0177038,0.135382,0.390525,.193,0.0302006,0.2051558,.004,6247.0,10.414,4,28,"Sep  2 2014 12:00AM","Sep 30 2014 12:00AM"
CO98,1,2015,100,100,100,0.040779,0.005319,0.0044325,0.0168435,0.115245,0.501759,.203,0.0203895,0.258858,.008,1138.2,8.865,5,35,"Dec 30 2014 12:00AM","Feb  3 2015 12:00AM"
CO98,10,2015,100,100,100,0.0561848,0.0064008,0.0064008,0.0092456,0.081788,0.227584,.115,0.014224,0.1301496,.003,3309.2,7.112,5,35,"Sep 29 2015 12:00AM","Nov  3 2015 12:00AM"
CO98,11,2015,100,100,100,0.1921383,0.0140589,0.0140589,0.0296799,0.3155442,0.5342382,.366,0.0390525,0.2796159,.004,3549.8,15.621,4,28,"Nov  3 2015 12:00AM","Dec  1 2015 12:00AM"
CO98,12,2015,48,72,52,0.0487606,0.0042035,0.0033628,0.0109291,0.1689807,0.4514559,.233,0.0151326,0.0580083,.004,1601.0,8.407,1,29,"Dec  1 2015 12:00AM","Dec 30 2015 12:00AM"
CO98,2,2015,100,100,100,0.0506292,0.0065328,0.0048996,0.016332,0.1453548,0.3968676,.203,0.0277644,0.2090496,.008,4037.4,16.332,4,28,"Feb  3 2015 12:00AM","Mar  3 2015 12:00AM"
CO98,3,2015,100,100,100,0.1036193,0.0124968,0.0062484,0.0187452,0.1192403,0.2816987,.156,0.0161417,0.1916176,.002,1411.9,5.207,4,28,"Mar  3 2015 12:00AM","Mar 31 2015 12:00AM"
CO98,4,2015,75,100,26,0.832745,0.097869,0.041208,0.370872,0.310777,0.942633,.454,0.305626,0.810424,.003,1887.4,17.170,3,28,"Mar 31 2015 12:00AM","Apr 28 2015 12:00AM"
CO98,5,2015,100,100,100,0.161398,0.020604,0.012019,0.03434,0.238663,0.964954,.403,0.070397,0.458439,.009,9793.2,17.170,5,35,"Apr 28 2015 12:00AM","Jun  2 2015 12:00AM"
CO98,6,2015,75,100,94,0.0492822,0.0062225,0.0092093,0.0067203,0.0781546,0.2596027,.119,0.0166763,0.1162363,.001,1499.3,2.489,3,28,"Jun  2 2015 12:00AM","Jun 30 2015 12:00AM"
CO98,7,2015,100,100,100,0.0383667,0.0053848,0.0087503,0.0100965,0.0774065,0.3116453,.131,0.0262509,0.1440434,.005,4612.3,6.731,4,28,"Jun 30 2015 12:00AM","Jul 28 2015 12:00AM"
CO98,8,2015,80,100,98,0.0658746,0.0076521,0.0076521,0.0096483,0.1410648,0.422529,.205,0.0212928,0.1643538,.003,2200.6,3.327,3,35,"Jul 28 2015 12:00AM","Sep  1 2015 12:00AM"
CO98,9,2015,100,100,100,0.0321904,0.0043896,0.0076818,0.0076818,0.0486514,0.1529044,.072,0.0142662,0.0954738,.002,2347.8,3.658,4,28,"Sep  1 2015 12:00AM","Sep 29 2015 12:00AM"
CO98,1,2016,78,100,98,0.0187833,0.0019431,0.0025908,0.006477,0.0602361,0.2241042,.097,0.0103632,0.2001393,.007,303.7,6.477,3,27,"Dec 30 2015 12:00AM","Jan 26 2016 12:00AM"
CO98,10,2016,100,100,100,0.124965,0.0133296,0.0133296,0.0174951,0.1399608,0.399888,.199,0.0299916,0.2524293,.002,3466.2,8.331,5,35,"Sep 27 2016 12:00AM","Nov  1 2016 12:00AM"
CO98,11,2016,50,100,44,0.05067,0.0074316,0.0114852,0.0081072,0.081072,0.2459184,.119,0.0128364,0.1675488,.004,599.3,6.756,2,28,"Nov  1 2016 12:00AM","Nov 29 2016 12:00AM"
CO98,12,2016,20,100,17,0.0967428,0.0134365,0.0134365,0.0564333,0.2526062,0.698698,.354,0.0591206,0.3197887,.013,530.5,26.873,1,35,"Nov 29 2016 12:00AM","Jan  3 2017 12:00AM"
CO98,2,2016,60,100,53,0.0733012,0.0093576,0.0093576,0.0171556,0.2245824,0.3337544,.250,0.0265132,0.2713704,.008,980.0,15.596,3,35,"Jan 26 2016 12:00AM","Mar  1 2016 12:00AM"
CO98,3,2016,100,100,100,0.2138724,0.0212544,0.0146124,0.0305532,0.2072304,0.4463424,.262,0.0371952,0.2337984,.002,2897.5,13.284,4,28,"Mar  1 2016 12:00AM","Mar 29 2016 12:00AM"
CO98,4,2016,60,100,31,0.5908826,0.0616161,0.0426573,0.1200724,0.6193208,1.4945854,.819,0.1516704,0.8041691,.001,877.8,15.799,3,35,"Mar 29 2016 12:00AM","May  3 2016 12:00AM"
CO98,5,2016,75,100,39,0.0992892,0.0122832,0.0133068,0.0184248,0.1361388,0.4984932,.218,0.0440148,0.2210976,.004,2452.1,10.236,3,28,"May  3 2016 12:00AM","May 31 2016 12:00AM"
CO98,6,2016,75,100,94,0.0556864,0.0091168,0.0372064,0.0093632,0.0746592,0.2146144,.106,0.020944,0.1160544,.001,1624.8,2.464,2,28,"May 31 2016 12:00AM","Jun 28 2016 12:00AM"
CO98,7,2016,80,100,96,0.0565798,0.0075201,0.010743,0.0114592,0.0984775,0.2843314,.141,0.0282899,0.1077881,.001,2083.0,3.581,4,35,"Jun 28 2016 12:00AM","Aug  2 2016 12:00AM"
CO98,8,2016,100,100,100,0.15393,0.0179585,0.0230895,0.0210371,0.3170958,0.6080235,.384,0.0451528,0.2478273,.001,3360.9,5.131,4,29,"Aug  2 2016 12:00AM","Aug 31 2016 12:00AM"
CO98,9,2016,100,100,100,0.0410685,0.0047291,0.0184186,0.0072181,0.0527668,0.1232055,.069,0.0151829,0.0901018,.001,1317.7,2.489,4,27,"Aug 31 2016 12:00AM","Sep 27 2016 12:00AM"
CO98,1,2017,25,50,33,-9,-9,-9,-9,0.0479044,0.275971,.100,0.0088519,0.1572514,-9.000,37.4,5.207,0,28,"Jan  3 2017 12:00AM","Jan 31 2017 12:00AM"
CO98,10,2017,79,100,97,0.05248,0.00512,0.00416,0.00448,0.06624,0.12416,.080,0.00832,0.05504,.001,1208.8,3.200,3,28,"Oct  3 2017 12:00AM","Oct 31 2017 12:00AM"
CO98,11,2017,100,100,100,0.079413,0.008481,0.005397,0.006168,0.070161,0.193521,.098,0.014649,0.180414,.003,2682.2,7.710,3,28,"Oct 31 2017 12:00AM","Nov 28 2017 12:00AM"
CO98,12,2017,83,100,99,0.515988,0.0136815,0.011727,0.009121,0.108149,0.27363,.146,0.011727,0.09121,.002,1369.8,6.515,1,35,"Nov 28 2017 12:00AM","Jan  2 2018 12:00AM"
CO98,2,2017,100,100,100,0.194256,0.0194256,0.0194256,0.0267102,0.267102,0.7624548,.380,0.0437076,0.424935,.012,2339.0,24.282,3,28,"Jan 31 2017 12:00AM","Feb 28 2017 12:00AM"
CO98,3,2017,79,100,94,0.1502918,0.0123952,0.0092964,0.0201422,0.0782447,0.2680462,.121,0.0162687,0.1216279,.001,1592.1,7.747,2,28,"Feb 28 2017 12:00AM","Mar 28 2017 12:00AM"
CO98,4,2017,80,100,69,0.041655,0.0033324,0.0033324,0.0066648,0.2899188,0.4198824,.320,0.0233268,0.2149398,.003,4289.5,16.662,3,35,"Mar 28 2017 12:00AM","May  2 2017 12:00AM"
CO98,5,2017,100,100,100,0.3516916,0.0168363,0.0130949,0.0261898,0.3161483,0.5518565,.370,0.0505089,0.2787343,.004,3834.0,18.707,3,28,"May  2 2017 12:00AM","May 30 2017 12:00AM"
CO98,6,2017,100,100,100,0.0295012,0.0038284,0.0021394,0.0052922,0.0327666,0.087265,.045,0.0109222,0.0560748,.000,746.5,1.126,2,28,"May 30 2017 12:00AM","Jun 27 2017 12:00AM"
CO98,7,2017,60,100,88,0.060987,0.00701,0.010515,0.00701,0.251659,0.534162,.316,0.026638,0.160529,.002,3740.5,7.010,3,35,"Jun 27 2017 12:00AM","Aug  1 2017 12:00AM"
CO98,8,2017,100,100,100,0.1648426,0.019508,0.0468192,0.0234096,0.3979632,0.7130174,.470,0.0643764,0.3618734,.004,6377.8,9.754,4,28,"Aug  1 2017 12:00AM","Aug 29 2017 12:00AM"
CO98,9,2017,100,100,100,0.1426845,0.013589,0.0163068,0.0176657,0.3043936,0.8031099,.418,0.0489204,0.3274949,.005,7046.4,13.589,4,35,"Aug 29 2017 12:00AM","Oct  3 2017 12:00AM"
CO98,1,2018,100,100,100,0.2591042,0.0243478,0.01817,0.0138092,0.0374302,0.1413626,.061,0.010902,0.0512394,.001,1342.8,3.634,3,28,"Jan  2 2018 12:00AM","Jan 30 2018 12:00AM"
CO98,10,2018,100,100,100,0.0407606,0.0035444,0.008861,0.0079749,0.0930405,0.2445636,.128,0.0168359,0.0912683,.003,4689.6,8.861,3,28,"Oct  2 2018 12:00AM","Oct 30 2018 12:00AM"
CO98,11,2018,100,100,100,0.032716,0.0024537,0.0098148,0.0179938,0.0588888,0.2167435,.095,0.0220833,0.0752468,.003,2748.5,8.179,4,28,"Oct 30 2018 12:00AM","Nov 27 2018 12:00AM"
CO98,12,2018,64,64,100,0.0007264,2.27E-5,4.54E-5,0.0001362,0.0016798,0.0071051,.003,0.0005902,0.0030645,.000,153.8,.227,1,33,"Nov 27 2018 12:00AM","Dec 18 2018 12:00AM"
CO98,2,2018,50,100,54,0.1955294,0.016027,0.0112189,0.0288486,0.1426403,0.4824127,.220,0.0448756,0.1169971,.005,749.5,16.027,2,28,"Jan 30 2018 12:00AM","Feb 27 2018 12:00AM"
CO98,3,2018,100,100,100,0.2726315,0.0314185,0.0273645,0.04054,0.259456,0.638505,.346,0.0597965,0.2483075,.002,2257.7,10.135,5,35,"Feb 27 2018 12:00AM","Apr  3 2018 12:00AM"
CO98,4,2018,100,100,100,0.8890615,0.0597034,0.0350433,0.0506181,0.2478989,0.5269474,.312,0.0571076,0.3699015,.003,3709.7,12.979,4,28,"Apr  3 2018 12:00AM","May  1 2018 12:00AM"
CO98,5,2018,75,100,85,0.129456,0.01392,0.011136,0.020184,0.190704,0.510864,.264,0.038976,0.19836,.001,3758.5,6.960,3,28,"May  1 2018 12:00AM","May 29 2018 12:00AM"
CO98,6,2018,60,100,72,0.03023,0.0202541,0.0126966,0.003023,0.0314392,0.0934107,.046,0.009069,0.0396013,.001,1000.7,3.023,1,35,"May 29 2018 12:00AM","Jul  3 2018 12:00AM"
CO98,7,2018,75,100,72,0.08137,0.00824,0.01648,0.00618,0.21527,0.48616,.277,0.024205,0.167375,.002,2487.2,5.150,3,28,"Jul  3 2018 12:00AM","Jul 31 2018 12:00AM"
CO98,8,2018,100,100,100,0.083076,0.009632,0.024682,0.012642,0.202874,0.41839,.252,0.0301,0.17759,.002,3308.5,6.020,3,28,"Jul 31 2018 12:00AM","Aug 28 2018 12:00AM"
CO98,9,2018,100,100,100,0.0676032,0.0088528,0.0183092,0.0128768,0.1108612,0.2251428,.137,0.0219308,0.1118672,.000,1283.0,2.012,3,35,"Aug 28 2018 12:00AM","Oct  2 2018 12:00AM"
CO98,1,2019,44,44,100,0.0077882,0.0016689,0.0016689,0.0027815,0.0228083,0.094571,.039,0.0066756,0.0372721,.003,846.4,5.563,2,32,"Jan 15 2019 12:00AM","Jan 29 2019 12:00AM"
CO98,10,2019,88,88,100,0.357942,0.0316641,0.027534,0.0289107,0.2299089,0.5121324,.294,0.0481845,0.2946138,.002,3391.0,13.767,3,32,"Oct  1 2019 12:00AM","Oct 29 2019 12:00AM"
CO98,11,2019,83,100,99,0.0689446,0.0035661,0.0059435,0.0261514,0.1153039,0.6216901,.230,0.0534915,0.0986621,.007,1989.0,11.887,3,35,"Oct 29 2019 12:00AM","Dec  3 2019 12:00AM"
CO98,12,2019,96,96,100,0.0095557,0.0026061,0.0034748,0.0043435,0.017374,0.1198806,.041,0.0078183,0.0677586,.006,1432.5,8.687,3,28,"Dec  3 2019 12:00AM","Dec 30 2019 12:00AM"
CO98,2,2019,88,88,100,0.046967,0.004206,0.004907,0.013319,0.068698,0.253762,.111,0.024535,0.07711,.003,1141.2,7.010,4,32,"Jan 29 2019 12:00AM","Feb 26 2019 12:00AM"
CO98,3,2019,100,100,100,0.0500946,0.0051822,0.0034548,0.0120918,0.1416468,0.4007568,.201,0.0224562,0.2349264,.008,4922.8,17.274,5,31,"Feb 26 2019 12:00AM","Apr  2 2019 12:00AM"
CO98,4,2019,75,100,66,0.3520944,0.0305388,0.017964,0.0305388,0.1994004,0.4993992,.268,0.04491,0.2029932,.002,2222.6,17.964,3,28,"Apr  2 2019 12:00AM","May  7 2019 12:00AM"
CO98,5,2019,65,65,100,0.1124,0.0125888,0.013488,0.0206816,0.1546624,0.5026528,.234,0.040464,0.1429728,.002,3859.2,8.992,3,34,"May  7 2019 12:00AM","May 29 2019 12:00AM"
CO98,6,2019,100,100,100,0.1610184,0.0201273,0.0245028,0.0271281,0.227526,0.4874307,.287,0.0542562,0.2432778,.002,4996.4,8.751,5,24,"May 29 2019 12:00AM","Jul  2 2019 12:00AM"
CO98,7,2019,47,90,70,0.0625192,0.0078149,0.0105731,0.0114925,0.1415876,0.298805,.178,0.027582,0.1581368,.002,1846.3,4.597,2,30,"Jul  2 2019 12:00AM","Jul 29 2019 12:00AM"
CO98,8,2019,83,100,89,0.0365715,0.0046053,0.0043344,0.0075852,0.1172997,0.3039498,.160,0.0192339,0.10836,.001,1634.4,2.709,2,35,"Jul 29 2019 12:00AM","Sep  3 2019 12:00AM"
CO98,9,2019,100,100,100,0.1625472,0.0182784,0.0143616,0.013056,0.1658112,0.4288896,.226,0.0313344,0.2356608,.001,4110.0,6.528,2,26,"Sep  3 2019 12:00AM","Oct  1 2019 12:00AM"
CO98,1,2020,85,85,100,0.0869649,0.0107217,0.0083391,0.0631389,0.0821997,0.3478596,.142,0.0428868,0.2775729,.009,430.4,11.913,4,34,"Dec 30 2019 12:00AM","Jan 28 2020 12:00AM"
CO98,10,2020,100,100,100,0.8065464,0.0696234,0.1170939,0.0253176,0.2323794,0.2219811,.231,0.0266739,0.1948551,.000,1768.2,4.521,2,35,"Sep 29 2020 12:00AM","Nov  3 2020 12:00AM"
CO98,11,2020,100,100,100,0.4506796,0.0417128,0.0943072,0.02267,0.0979344,0.2702264,.137,0.0326448,0.1877076,.001,1440.2,9.068,4,26,"Nov  3 2020 12:00AM","Dec  1 2020 12:00AM"
CO98,12,2020,69,91,78,0.077694,0.0074316,0.0229704,0.013512,0.0385092,0.1803852,.071,0.0229704,0.0493188,.002,1409.1,6.756,2,32,"Dec  1 2020 12:00AM","Dec 30 2020 12:00AM"
CO98,2,2020,100,100,100,0.0846492,0.0073608,0.0085876,0.0257628,0.177886,0.3852152,.225,0.0380308,0.1447624,.004,4069.4,12.268,5,28,"Jan 28 2020 12:00AM","Mar  3 2020 12:00AM"
CO98,3,2020,50,100,47,0.06235,0.0043,0.00645,0.01935,0.151575,0.390225,.206,0.033325,0.198875,.005,703.0,10.750,2,28,"Mar  3 2020 12:00AM","Apr 14 2020 12:00AM"
CO98,4,2020,44,44,100,0.0871212,0.011028,0.0088224,0.0154392,0.1951956,0.2580552,.210,0.0297756,0.1588032,.003,1986.7,11.028,2,32,"Apr 14 2020 12:00AM","Apr 28 2020 12:00AM"
CO98,5,2020,90,100,81,0.1175034,0.0139608,0.0104706,0.029085,0.1925427,0.2960853,.216,0.0395556,0.1698564,.001,2999.4,5.817,4,31,"Apr 28 2020 12:00AM","Jun  2 2020 12:00AM"
CO98,6,2020,100,100,100,0.1896395,0.0211244,0.0345672,0.0283259,0.2098037,0.3447118,.241,0.0489702,0.1963609,.001,2797.6,4.801,3,28,"Jun  2 2020 12:00AM","Jun 30 2020 12:00AM"
CO98,7,2020,21,82,68,0.062186,0.0058528,0.0076818,0.012803,0.2567916,0.3123932,.270,0.0263376,0.1660732,.000,987.3,3.658,1,34,"Jun 30 2020 12:00AM","Jul 28 2020 12:00AM"
CO98,8,2020,100,100,100,0.2145259,0.0205787,0.0329823,0.0135312,0.2844371,0.3924048,.310,0.0290357,0.2108612,.000,1548.2,2.819,3,26,"Jul 28 2020 12:00AM","Sep  1 2020 12:00AM"
CO98,9,2020,93,93,100,0.0940562,0.0081788,0.011684,0.0040894,0.0829564,0.113919,.090,0.0081788,0.0479044,.001,2682.1,5.842,3,30,"Sep  1 2020 12:00AM","Sep 29 2020 12:00AM"
CO98,1,2021,100,100,100,0.0856324,0.0069904,0.0235926,0.04369,0.1686434,0.3739864,.216,0.0681564,0.139808,.003,677.0,8.738,5,34,"Dec 30 2020  6:06PM","Feb  2 2021  5:35PM"
CO98,10,2021,79,100,80,0.2006396,0.0183792,0.0214424,0.0275688,0.3997476,1.156358,.572,0.0658588,0.4089372,.007,3710.6,15.316,4,35,"Sep 28 2021  7:01PM","Nov  2 2021  4:32PM"
CO98,11,2021,100,100,90,0.0803779,0.0082138,0.0158409,0.0240547,0.1050193,0.2094519,.129,0.0340286,0.1719031,.002,600.7,5.867,3,28,"Nov  2 2021  4:32PM","Nov 30 2021  5:59PM"
CO98,12,2021,76,100,86,0.196821,0.021869,0.0371773,0.0306166,0.087476,0.5642202,.195,0.0524856,0.2274376,.007,960.2,21.869,2,29,"Nov 30 2021  5:59PM","Dec 29 2021  6:56PM"
CO98,2,2021,100,100,100,0.1821504,0.0227688,0.0341532,0.0531272,0.2144062,0.3870696,.254,0.0512298,0.2030218,.005,2900.3,18.974,4,28,"Feb  2 2021  5:35PM","Mar  2 2021  6:59PM"
CO98,3,2021,24,100,7,0.2850754,0.0191112,0.0573336,0.1003338,0.509632,0.5080394,.511,0.1226302,0.2532234,.001,233.7,15.926,1,28,"Mar  2 2021  6:59PM","Mar 30 2021  4:55PM"
CO98,4,2021,75,100,99,1.0264254,0.0753669,0.0466557,0.1579116,0.5467091,0.7763987,.600,0.155519,0.6029352,.000,3471.4,11.963,3,28,"Mar 30 2021  4:55PM","Apr 27 2021  5:55PM"
CO98,5,2021,82,100,95,0.2867152,0.0252984,0.0252984,0.0484886,0.4026662,0.5628894,.440,0.0695706,0.2782824,.003,7813.6,21.082,4,35,"Apr 27 2021  5:55PM","Jun  1 2021  5:56PM"
CO98,6,2021,75,100,74,0.1701701,0.0176525,0.0324806,0.0247135,0.2739668,0.4420186,.313,0.0480148,0.2450167,.001,2940.9,7.061,2,28,"Jun  1 2021  5:56PM","Jun 29 2021  4:21PM"
CO98,7,2021,100,100,100,0.145669,0.014097,0.0394716,0.023495,0.4802378,0.8044688,.555,0.0535686,0.2932176,.004,5977.2,9.398,4,35,"Jun 29 2021  4:21PM","Aug  3 2021  2:11PM"
CO98,8,2021,99,99,100,0.1007263,0.0132429,0.0224728,0.0164533,0.1340342,0.2628515,.164,0.0260845,0.1019302,.001,2351.9,4.013,4,28,"Aug  3 2021  2:11PM","Aug 31 2021  7:22PM"
CO98,9,2021,75,99,68,0.0849744,0.0103408,0.0206816,0.0242784,0.1542128,0.2661632,.180,0.0377664,0.12364,.001,1568.5,4.496,3,28,"Aug 31 2021  7:22PM","Sep 28 2021  7:01PM"
CO98,1,2022,79,100,98,0.0332384,0.004888,0.0078208,0.0185744,0.04888,0.1329536,.068,0.0205296,0.0351936,.003,2687.6,9.776,4,34,"Dec 29 2021  6:56PM","Feb  1 2022  9:06PM"
CO98,10,2022,100,100,100,0.0314325,0.0028575,0.008001,0.010287,0.0771525,0.1720215,.099,0.018288,0.0828675,.001,3178.8,5.715,4,35,"Sep 27 2022  6:12PM","Nov  1 2022  4:15PM"
CO98,11,2022,100,100,100,0.1020492,0.0103939,0.0160633,0.0264572,0.1303962,0.3618967,.183,0.0321266,0.1058288,.003,1878.2,9.449,4,27,"Nov  1 2022  4:15PM","Nov 28 2022  6:45PM"
CO98,12,2022,61,100,78,0.1443468,0.0177268,0.037986,0.075972,0.0962312,0.4254432,.171,0.0987636,0.3013556,.008,2500.7,25.324,3,36,"Nov 28 2022  6:45PM","Jan  3 2023  6:39PM"
CO98,2,2022,100,100,100,0.1339104,0.0130832,0.0092352,0.0246272,0.0892736,0.1877824,.112,0.0300144,0.0738816,.001,2138.2,7.696,4,28,"Feb  1 2022  9:06PM","Mar  1 2022  6:13PM"
CO98,3,2022,74,100,97,0.0511224,0.0045108,0.0067662,0.0127806,0.1187844,0.248094,.148,0.0240576,0.082698,.003,2045.5,7.518,3,28,"Mar  1 2022  6:13PM","Mar 29 2022  5:24PM"
CO98,4,2022,20,100,27,0.3179423,0.0367471,0.0191724,0.0415402,0.2779998,0.3770572,.301,0.0463333,0.2045056,.001,1090.7,15.977,1,35,"Mar 29 2022  5:24PM","May  3 2022  5:15PM"
CO98,5,2022,74,100,54,0.7831075,0.1022,0.0421575,0.1009225,0.283605,0.5173875,.337,0.1060325,0.2874375,.000,2633.2,12.775,2,28,"May  3 2022  5:15PM","May 31 2022  4:05PM"
CO98,6,2022,75,100,55,0.264922,0.02667,0.0306705,0.081788,0.147574,0.344932,.193,0.089789,0.156464,.000,1449.3,4.445,3,28,"May 31 2022  4:05PM","Jun 28 2022  9:09PM"
CO98,7,2022,100,100,100,0.1079086,0.0125647,0.0251294,0.0214339,0.2350338,0.5240219,.301,0.044346,0.1803404,.001,4568.8,7.391,5,35,"Jun 28 2022  9:09PM","Aug  2 2022  2:58PM"
CO98,8,2022,74,100,93,0.1014222,0.0108966,0.0192786,0.0184404,0.3445002,0.5716524,.397,0.04191,0.222123,.002,4755.5,8.382,3,28,"Aug  2 2022  2:58PM","Aug 30 2022  7:19PM"
CO98,9,2022,74,100,89,0.0168216,0.0015648,0.0066504,0.0046944,0.0524208,0.1510032,.075,0.0101712,0.0578976,.002,1897.0,3.912,2,28,"Aug 30 2022  7:19PM","Sep 27 2022  6:12PM"
CO98,1,2023,100,100,100,0.0607026,0.0057812,0.0202342,0.0549214,0.0823821,0.332419,.139,0.0751556,0.1141787,.006,1236.3,14.453,4,28,"Jan  3 2023  6:39PM","Jan 31 2023  8:35PM"
CO98,10,2023,74,99,33,0.0442584,0.0049176,0.0073764,0.0104499,0.067617,0.2188332,.102,0.0202851,0.147528,.004,489.3,6.147,1,28,"Oct  3 2023  3:30PM","Oct 31 2023  6:00PM"
CO98,11,2023,100,100,100,0.1325165,0.011278,0.0084585,0.0067668,0.0800738,0.3152201,.133,0.016917,0.0952991,.002,1379.1,5.639,3,28,"Oct 31 2023  6:00PM","Nov 28 2023  7:00PM"
CO98,12,2023,99,99,100,0.0390906,0.0030861,0.0082296,0.0123444,0.0452628,0.2026539,.081,0.010287,0.0761238,.004,851.2,10.287,3,29,"Nov 28 2023  7:00PM","Dec 27 2023  7:05PM"
CO98,2,2023,100,100,100,0.11176,0.012192,0.027432,0.058928,0.107696,0.321056,.156,0.072136,0.120904,.002,972.9,10.160,4,28,"Jan 31 2023  8:35PM","Feb 28 2023  5:51PM"
CO98,3,2023,100,100,100,0.1954198,0.0215293,0.016561,0.0480269,0.0861172,0.3610298,.148,0.0679001,0.1639539,.005,2610.7,16.561,4,28,"Feb 28 2023  5:51PM","Mar 28 2023  5:35PM"
CO98,4,2023,100,100,100,3.3638604,0.1030906,0.0946174,0.1398078,0.2725546,0.4575528,.315,0.077671,0.5761776,.001,3788.8,14.122,5,35,"Mar 28 2023  5:35PM","May  2 2023  4:42PM"
CO98,5,2023,75,100,94,0.1756472,0.0163212,0.015544,0.0178756,0.1461136,0.306994,.183,0.0256476,0.1740928,.001,3516.6,7.772,3,28,"May  2 2023  4:42PM","May 30 2023  4:35PM"
CO98,6,2023,100,100,100,0.0496584,0.0069696,0.017424,0.0200376,0.1149984,0.4347288,.188,0.0365904,0.117612,.004,5386.0,8.712,3,28,"May 30 2023  4:35PM","Jun 27 2023  2:52PM"
CO98,7,2023,79,100,95,0.2416161,0.0313335,0.0396891,0.0320298,0.243705,0.6461664,.335,0.0689337,0.3049794,.002,4204.0,6.963,4,35,"Jun 27 2023  2:52PM","Aug  1 2023  2:34PM"
CO98,8,2023,74,100,99,0.096558,0.0095095,0.013167,0.013167,0.2421265,0.5157075,.305,0.030723,0.184338,.001,4067.5,7.315,3,28,"Aug  1 2023  2:34PM","Aug 29 2023  6:13PM"
CO98,9,2023,99,99,100,0.0692306,0.0082138,0.0134941,0.0181877,0.0833114,0.2470007,.121,0.0322685,0.205345,.003,3382.7,5.867,5,35,"Aug 29 2023  6:13PM","Oct  3 2023  3:30PM"
CO98,1,2024,20,100,5,0.0285045,0.001839,0.0027585,0.0395385,0.080916,0.535149,.184,0.069882,0.0891915,.016,150.8,9.195,1,34,"Dec 27 2023  7:05PM","Jan 30 2024  7:00PM"
CO98,10,2024,25,100,0,-9,-9,-9,-9,-9,-9,-9.000,-9,-9,-9.000,1.8,9.296,0,28,"Oct  1 2024  2:05PM","Oct 29 2024  4:37PM"
CO98,11,2024,80,100,68,0.1519293,0.0156189,0.0127791,0.0241383,0.1363104,0.4586277,.210,0.0383373,0.2016258,.004,2502.3,14.199,4,35,"Oct 29 2024  4:37PM","Dec  3 2024  7:37PM"
CO98,12,2024,75,100,93,0.0610589,0.0061572,0.0035917,0.0148799,0.0271943,0.1713754,.060,0.0118013,0.1098034,.002,906.3,5.131,3,28,"Dec  3 2024  7:37PM","Dec 31 2024  6:17PM"
CO98,2,2024,100,100,100,0.0578026,0.0055938,0.0121199,0.0102553,0.1407773,0.37292,.194,0.018646,0.1351835,.003,2918.7,9.323,4,28,"Jan 30 2024  7:00PM","Feb 27 2024  5:52PM"
CO98,3,2024,79,100,82,0.0777262,0.006371,0.0076452,0.0101936,0.1121296,0.1764767,.127,0.0140162,0.0739036,.002,3268.5,6.371,4,35,"Feb 27 2024  5:52PM","Apr  2 2024  4:38PM"
CO98,4,2024,100,100,100,0.2322747,0.0245259,0.0216405,0.0447237,0.259686,0.4486797,.303,0.0562653,0.2438163,.002,4910.2,14.427,4,28,"Apr  2 2024  4:38PM","Apr 30 2024  5:30PM"
CO98,5,2024,73,100,92,0.3755856,0.0466704,0.0255576,0.077784,0.3178032,0.6911664,.403,0.077784,0.4789272,.001,2768.1,11.112,3,28,"Apr 30 2024  5:30PM","May 28 2024  6:23PM"
CO98,6,2024,39,100,69,0.1690674,0.0216249,0.0498028,0.0904314,0.2051089,0.4410169,.259,0.1009162,0.2188702,.001,3070.4,6.553,2,35,"May 28 2024  6:23PM","Jul  2 2024  6:52PM"
CO98,7,2024,50,100,73,0.0520695,0.0074385,0.0166725,0.0135945,0.1926315,0.3106215,.220,0.027702,0.1115775,.000,670.6,2.565,2,28,"Jul  2 2024  6:52PM","Jul 30 2024  5:36PM"
CO98,8,2024,100,100,100,0.108504,0.0126588,0.0144672,0.0280302,0.2242416,0.592251,.308,0.0506352,0.2043492,.003,5921.1,9.042,4,35,"Jul 30 2024  5:36PM","Sep  3 2024  4:23PM"
CO98,9,2024,74,100,97,0.0279792,0.0031088,0.0085492,0.0046632,0.1216318,0.1810876,.135,0.0120466,0.0703366,.001,2447.5,3.886,2,28,"Sep  3 2024  4:23PM","Oct  1 2024  2:05PM"
