# Temperature,_water.ACTV.degC.Mean@401733105392404.20191001.csv generated at 2024-09-09 22:18:32 (UTC+00:00) by AQUARIUS Time-Series 24.1.177.0,,,,
# ,,,,,
# Time-series identifier: Temperature, water.ACTV.degC.Mean@401733105392404,,,,
# Location: THE LOCH OUTLET - LOCH VALE,,,,,
# UTC offset: (UTC-07:00),,,,,
# Value units: degC,,,,,
# Value parameter: Temperature, water,,,,
# Interpolation type: Preceding Constant,,,,,
# Time-series type: Derived,,,,,
# ,,,,,
# Export options: Corrected signal from 2019-10-01T07:00:00Z to 2024-08-25T23:30:00Z,,,,,
# ,,,,,
# CSV data starts at line 15.,,,,,
# ,,,,,
ISO 8601 UTC,Timestamp (UTC-07:00),Value,Approval Level,Grade,Qualifiers
2019-10-01T07:00:00Z,10/1/19 0:00,8.833726743,Approved,50,
2019-10-02T07:00:00Z,10/2/19 0:00,9.637401785,Approved,50,
2019-10-03T07:00:00Z,10/3/19 0:00,7.793505878,Approved,50,
2019-10-04T07:00:00Z,10/4/19 0:00,5.601634573,Approved,50,
2019-10-05T07:00:00Z,10/5/19 0:00,5.950328622,Approved,50,
2019-10-06T07:00:00Z,10/6/19 0:00,3.380730111,Approved,50,
2019-10-07T07:00:00Z,10/7/19 0:00,2.615511368,Approved,50,
2019-10-08T07:00:00Z,10/8/19 0:00,1.900911315,Approved,50,
2019-10-09T07:00:00Z,10/9/19 0:00,2.098165385,Approved,50,
2019-10-10T07:00:00Z,10/10/19 0:00,2.979353889,Approved,50,
2019-10-11T07:00:00Z,10/11/19 0:00,1.826079976,Approved,50,
2019-10-12T07:00:00Z,10/12/19 0:00,1.526156403,Approved,50,
2019-10-13T07:00:00Z,10/13/19 0:00,1.16636784,Approved,50,
2019-10-14T07:00:00Z,10/14/19 0:00,1.167314539,Approved,50,
2019-10-15T07:00:00Z,10/15/19 0:00,1.183664756,Approved,50,
2019-10-16T07:00:00Z,10/16/19 0:00,1.324171798,Approved,50,
2019-10-17T07:00:00Z,10/17/19 0:00,1.457541881,Approved,50,
2019-10-18T07:00:00Z,10/18/19 0:00,1.667784128,Approved,50,
2019-10-19T07:00:00Z,10/19/19 0:00,1.131347234,Approved,50,
2019-10-20T07:00:00Z,10/20/19 0:00,0.149757382,Approved,50,
2019-10-21T07:00:00Z,10/21/19 0:00,0.004099846,Approved,50,
2019-10-22T07:00:00Z,10/22/19 0:00,0.06514443,Approved,50,
2019-10-23T07:00:00Z,10/23/19 0:00,0.132740438,Approved,50,
2019-10-24T07:00:00Z,10/24/19 0:00,0.313043697,Approved,50,
2019-11-09T07:00:00Z,11/9/19 0:00,0.9341229,Approved,50,
2019-11-10T07:00:00Z,11/10/19 0:00,1.121749741,Approved,50,
2019-11-11T07:00:00Z,11/11/19 0:00,1.243447065,Approved,50,
2019-11-12T07:00:00Z,11/12/19 0:00,1.104176496,Approved,50,
2019-11-13T07:00:00Z,11/13/19 0:00,0.703418305,Approved,50,
2019-11-14T07:00:00Z,11/14/19 0:00,0.885817848,Approved,50,
2019-11-15T07:00:00Z,11/15/19 0:00,0.99179744,Approved,50,
2019-11-16T07:00:00Z,11/16/19 0:00,1.073143573,Approved,50,
2019-11-17T07:00:00Z,11/17/19 0:00,1.05531542,Approved,50,
2019-11-18T07:00:00Z,11/18/19 0:00,0.665718075,Approved,50,
2019-11-19T07:00:00Z,11/19/19 0:00,0.966258467,Approved,50,
2019-11-20T07:00:00Z,11/20/19 0:00,0.974948474,Approved,50,
2019-11-21T07:00:00Z,11/21/19 0:00,1.199624984,Approved,50,
2019-11-22T07:00:00Z,11/22/19 0:00,1.067777699,Approved,50,
2019-11-23T07:00:00Z,11/23/19 0:00,0.707627819,Approved,50,
2019-11-24T07:00:00Z,11/24/19 0:00,0.496762804,Approved,50,
2019-11-25T07:00:00Z,11/25/19 0:00,0.655529129,Approved,50,
2019-11-26T07:00:00Z,11/26/19 0:00,0.973322133,Approved,50,
2019-11-27T07:00:00Z,11/27/19 0:00,0.847377441,Approved,50,
2019-11-28T07:00:00Z,11/28/19 0:00,0.703950244,Approved,50,
2019-11-29T07:00:00Z,11/29/19 0:00,0.930210766,Approved,50,
2019-11-30T07:00:00Z,11/30/19 0:00,0.698458873,Approved,50,
2019-12-01T07:00:00Z,12/1/19 0:00,0.249135339,Approved,50,
2019-12-02T07:00:00Z,12/2/19 0:00,0.358927296,Approved,50,
2019-12-03T07:00:00Z,12/3/19 0:00,0.40415403,Approved,50,
2019-12-04T07:00:00Z,12/4/19 0:00,0.372603514,Approved,50,
2019-12-05T07:00:00Z,12/5/19 0:00,0.404504866,Approved,50,
2019-12-06T07:00:00Z,12/6/19 0:00,0.438911543,Approved,50,
2019-12-07T07:00:00Z,12/7/19 0:00,0.34543376,Approved,50,
2019-12-08T07:00:00Z,12/8/19 0:00,0.367629463,Approved,50,
2019-12-09T07:00:00Z,12/9/19 0:00,0.391662063,Approved,50,
2019-12-10T07:00:00Z,12/10/19 0:00,0.377190148,Approved,50,
2019-12-11T07:00:00Z,12/11/19 0:00,0.306434321,Approved,50,
2019-12-12T07:00:00Z,12/12/19 0:00,0.266072493,Approved,50,
2019-12-13T07:00:00Z,12/13/19 0:00,0.272608552,Approved,50,
2019-12-14T07:00:00Z,12/14/19 0:00,0.278288311,Approved,50,
2019-12-15T07:00:00Z,12/15/19 0:00,0.261050543,Approved,50,
2019-12-16T07:00:00Z,12/16/19 0:00,0.264350789,Approved,50,
2019-12-17T07:00:00Z,12/17/19 0:00,0.240436348,Approved,50,
2019-12-18T07:00:00Z,12/18/19 0:00,0.244914378,Approved,50,
2019-12-19T07:00:00Z,12/19/19 0:00,0.275519798,Approved,50,
2019-12-20T07:00:00Z,12/20/19 0:00,0.279869399,Approved,50,
2019-12-21T07:00:00Z,12/21/19 0:00,0.287676811,Approved,50,
2019-12-22T07:00:00Z,12/22/19 0:00,0.29710207,Approved,50,
2019-12-23T07:00:00Z,12/23/19 0:00,0.307428777,Approved,50,
2019-12-24T07:00:00Z,12/24/19 0:00,0.317538358,Approved,50,
2019-12-25T07:00:00Z,12/25/19 0:00,0.327425321,Approved,50,
2019-12-26T07:00:00Z,12/26/19 0:00,0.311283962,Approved,50,
2019-12-27T07:00:00Z,12/27/19 0:00,0.292329157,Approved,50,
2019-12-28T07:00:00Z,12/28/19 0:00,0.28782676,Approved,50,
2019-12-29T07:00:00Z,12/29/19 0:00,0.291058756,Approved,50,
2019-12-30T07:00:00Z,12/30/19 0:00,0.252214119,Approved,50,
2019-12-31T07:00:00Z,12/31/19 0:00,0.205113951,Approved,50,
2020-01-01T07:00:00Z,1/1/20 0:00,0.175619548,Approved,50,
2020-01-02T07:00:00Z,1/2/20 0:00,0.170371789,Approved,50,
2020-01-03T07:00:00Z,1/3/20 0:00,0.179549308,Approved,50,
2020-01-04T07:00:00Z,1/4/20 0:00,0.152359646,Approved,50,
2020-01-05T07:00:00Z,1/5/20 0:00,0.133540158,Approved,50,
2020-01-06T07:00:00Z,1/6/20 0:00,0.131041632,Approved,50,
2020-01-07T07:00:00Z,1/7/20 0:00,0.119094295,Approved,50,
2020-01-08T07:00:00Z,1/8/20 0:00,0.101435341,Approved,50,
2020-01-09T07:00:00Z,1/9/20 0:00,0.099409967,Approved,50,
2020-01-10T07:00:00Z,1/10/20 0:00,0.08184825,Approved,50,
2020-01-11T07:00:00Z,1/11/20 0:00,0.086525493,Approved,50,
2020-01-12T07:00:00Z,1/12/20 0:00,0.081820276,Approved,50,
2020-01-13T07:00:00Z,1/13/20 0:00,0.068176271,Approved,50,
2020-01-14T07:00:00Z,1/14/20 0:00,0.058926054,Approved,50,
2020-01-15T07:00:00Z,1/15/20 0:00,0.036094242,Approved,50,
2020-01-16T07:00:00Z,1/16/20 0:00,0.019136216,Approved,50,
2020-01-17T07:00:00Z,1/17/20 0:00,0.027392176,Approved,50,
2020-01-18T07:00:00Z,1/18/20 0:00,0.019072108,Approved,50,
2020-01-19T07:00:00Z,1/19/20 0:00,0.000256856,Approved,50,
2020-01-20T07:00:00Z,1/20/20 0:00,0.012541029,Approved,50,
2020-01-21T07:00:00Z,1/21/20 0:00,0.0286861,Approved,50,
2020-01-22T07:00:00Z,1/22/20 0:00,0.024109734,Approved,50,
2020-01-23T07:00:00Z,1/23/20 0:00,0.010684861,Approved,50,
2020-01-24T07:00:00Z,1/24/20 0:00,0.017032729,Approved,50,
2020-01-25T07:00:00Z,1/25/20 0:00,0.015515116,Approved,50,
2020-01-26T07:00:00Z,1/26/20 0:00,0.006856071,Approved,50,
2020-01-27T07:00:00Z,1/27/20 0:00,0.006769393,Approved,50,
2020-01-28T07:00:00Z,1/28/20 0:00,0.010398335,Approved,50,
2020-01-29T07:00:00Z,1/29/20 0:00,0.002280129,Approved,50,
2020-01-30T07:00:00Z,1/30/20 0:00,7.48E-05,Approved,50,
2020-01-31T07:00:00Z,1/31/20 0:00,0,Approved,50,
2020-02-01T07:00:00Z,2/1/20 0:00,0,Approved,50,
2020-02-02T07:00:00Z,2/2/20 0:00,1.27E-06,Approved,50,
2020-02-03T07:00:00Z,2/3/20 0:00,0.001961072,Approved,50,
2020-02-04T07:00:00Z,2/4/20 0:00,0.001432525,Approved,50,
2020-02-05T07:00:00Z,2/5/20 0:00,0.000261731,Approved,50,
2020-02-06T07:00:00Z,2/6/20 0:00,0,Approved,50,
2020-02-07T07:00:00Z,2/7/20 0:00,0,Approved,50,
2020-02-08T07:00:00Z,2/8/20 0:00,0,Approved,50,
2020-02-09T07:00:00Z,2/9/20 0:00,0,Approved,50,
2020-02-10T07:00:00Z,2/10/20 0:00,0,Approved,50,
2020-02-11T07:00:00Z,2/11/20 0:00,0,Approved,50,
2020-02-12T07:00:00Z,2/12/20 0:00,0,Approved,50,
2020-02-13T07:00:00Z,2/13/20 0:00,0,Approved,50,
2020-02-14T07:00:00Z,2/14/20 0:00,0,Approved,50,
2020-02-15T07:00:00Z,2/15/20 0:00,0,Approved,50,
2020-02-16T07:00:00Z,2/16/20 0:00,0,Approved,50,
2020-02-17T07:00:00Z,2/17/20 0:00,0,Approved,50,
2020-02-18T07:00:00Z,2/18/20 0:00,0,Approved,50,
2020-02-19T07:00:00Z,2/19/20 0:00,0,Approved,50,
2020-02-20T07:00:00Z,2/20/20 0:00,0,Approved,50,
2020-02-21T07:00:00Z,2/21/20 0:00,0,Approved,50,
2020-02-22T07:00:00Z,2/22/20 0:00,0,Approved,50,
2020-02-23T07:00:00Z,2/23/20 0:00,0,Approved,50,
2020-02-24T07:00:00Z,2/24/20 0:00,0,Approved,50,
2020-02-25T07:00:00Z,2/25/20 0:00,0,Approved,50,
2020-02-26T07:00:00Z,2/26/20 0:00,0,Approved,50,
2020-02-27T07:00:00Z,2/27/20 0:00,0,Approved,50,
2020-02-28T07:00:00Z,2/28/20 0:00,0,Approved,50,
2020-02-29T07:00:00Z,2/29/20 0:00,0,Approved,50,
2020-03-01T07:00:00Z,3/1/20 0:00,0,Approved,50,
2020-03-02T07:00:00Z,3/2/20 0:00,0,Approved,50,
2020-03-03T07:00:00Z,3/3/20 0:00,0,Approved,50,
2020-03-04T07:00:00Z,3/4/20 0:00,0,Approved,50,
2020-03-05T07:00:00Z,3/5/20 0:00,0,Approved,50,
2020-03-06T07:00:00Z,3/6/20 0:00,0,Approved,50,
2020-03-07T07:00:00Z,3/7/20 0:00,0,Approved,50,
2020-03-08T07:00:00Z,3/8/20 0:00,0,Approved,50,
2020-03-10T07:00:00Z,3/10/20 0:00,0,Approved,50,
2020-03-11T07:00:00Z,3/11/20 0:00,0,Approved,50,
2020-03-12T07:00:00Z,3/12/20 0:00,0.000416756,Approved,50,
2020-03-13T07:00:00Z,3/13/20 0:00,0.026365174,Approved,50,
2020-03-14T07:00:00Z,3/14/20 0:00,0.050868882,Approved,50,
2020-03-15T07:00:00Z,3/15/20 0:00,0.045748924,Approved,50,
2020-03-16T07:00:00Z,3/16/20 0:00,0.072415459,Approved,50,
2020-03-17T07:00:00Z,3/17/20 0:00,0.08796925,Approved,50,
2020-03-18T07:00:00Z,3/18/20 0:00,0.096030978,Approved,50,
2020-03-19T07:00:00Z,3/19/20 0:00,0.127697404,Approved,50,
2020-03-20T07:00:00Z,3/20/20 0:00,0.131003143,Approved,50,
2020-03-21T07:00:00Z,3/21/20 0:00,0.163883391,Approved,50,
2020-03-22T07:00:00Z,3/22/20 0:00,0.115804117,Approved,50,
2020-03-23T07:00:00Z,3/23/20 0:00,0.078706318,Approved,50,
2020-03-24T07:00:00Z,3/24/20 0:00,0.052874143,Approved,50,
2020-03-25T07:00:00Z,3/25/20 0:00,0.034890704,Approved,50,
2020-03-26T07:00:00Z,3/26/20 0:00,0.030156347,Approved,50,
2020-03-27T07:00:00Z,3/27/20 0:00,0.028293503,Approved,50,
2020-03-28T07:00:00Z,3/28/20 0:00,0.038575384,Approved,50,
2020-03-29T07:00:00Z,3/29/20 0:00,0.031542566,Approved,50,
2020-03-30T07:00:00Z,3/30/20 0:00,0.028085603,Approved,50,
2020-03-31T07:00:00Z,3/31/20 0:00,0.030359268,Approved,50,
2020-04-01T07:00:00Z,4/1/20 0:00,0.032549857,Approved,50,
2020-04-02T07:00:00Z,4/2/20 0:00,0.031730969,Approved,50,
2020-04-03T07:00:00Z,4/3/20 0:00,0.041459719,Approved,50,
2020-04-04T07:00:00Z,4/4/20 0:00,0.056803071,Approved,50,
2020-04-05T07:00:00Z,4/5/20 0:00,0.042375141,Approved,50,
2020-04-06T07:00:00Z,4/6/20 0:00,0.045955552,Approved,50,
2020-04-07T07:00:00Z,4/7/20 0:00,0.055802134,Approved,50,
2020-04-08T07:00:00Z,4/8/20 0:00,0.085698553,Approved,50,
2020-04-09T07:00:00Z,4/9/20 0:00,0.165519805,Approved,50,
2020-04-10T07:00:00Z,4/10/20 0:00,0.34017383,Approved,50,
2020-04-11T07:00:00Z,4/11/20 0:00,0.669012802,Approved,50,
2020-04-12T07:00:00Z,4/12/20 0:00,0.914833181,Approved,50,
2020-04-13T07:00:00Z,4/13/20 0:00,1.126674214,Approved,50,
2020-04-14T07:00:00Z,4/14/20 0:00,0.651700652,Approved,50,
2020-04-15T07:00:00Z,4/15/20 0:00,0.479714609,Approved,50,
2020-04-16T07:00:00Z,4/16/20 0:00,0.419579057,Approved,50,
2020-04-17T07:00:00Z,4/17/20 0:00,0.365448173,Approved,50,
2020-04-18T07:00:00Z,4/18/20 0:00,0.271657325,Approved,50,
2020-04-19T07:00:00Z,4/19/20 0:00,0.224850735,Approved,50,
2020-04-20T07:00:00Z,4/20/20 0:00,0.253147227,Approved,50,
2020-04-21T07:00:00Z,4/21/20 0:00,0.304219034,Approved,50,
2020-04-22T07:00:00Z,4/22/20 0:00,0.475252676,Approved,50,
2020-04-23T07:00:00Z,4/23/20 0:00,0.633716772,Approved,50,
2020-04-24T07:00:00Z,4/24/20 0:00,0.636835067,Approved,50,
2020-04-25T07:00:00Z,4/25/20 0:00,0.561705695,Approved,50,
2020-04-26T07:00:00Z,4/26/20 0:00,0.39594566,Approved,50,
2020-04-27T07:00:00Z,4/27/20 0:00,0.298006245,Approved,50,
2020-04-28T07:00:00Z,4/28/20 0:00,0.237829541,Approved,50,
2020-04-29T07:00:00Z,4/29/20 0:00,0.545122047,Approved,50,
2020-04-30T07:00:00Z,4/30/20 0:00,1.104021403,Approved,50,
2020-05-01T07:00:00Z,5/1/20 0:00,1.394078017,Approved,50,
2020-05-02T07:00:00Z,5/2/20 0:00,1.52896499,Approved,50,
2020-05-03T07:00:00Z,5/3/20 0:00,1.491923549,Approved,50,
2020-05-04T07:00:00Z,5/4/20 0:00,1.253895872,Approved,50,
2020-05-05T07:00:00Z,5/5/20 0:00,1.315840994,Approved,50,
2020-05-06T07:00:00Z,5/6/20 0:00,0.960409945,Approved,50,
2020-05-07T07:00:00Z,5/7/20 0:00,2.287708267,Approved,50,
2020-05-08T07:00:00Z,5/8/20 0:00,2.760299142,Approved,50,
2020-05-09T07:00:00Z,5/9/20 0:00,2.26182474,Approved,50,
2020-05-10T07:00:00Z,5/10/20 0:00,2.838207177,Approved,50,
2020-05-11T07:00:00Z,5/11/20 0:00,3.355481337,Approved,50,
2020-05-12T07:00:00Z,5/12/20 0:00,2.574691458,Approved,50,
2020-05-13T07:00:00Z,5/13/20 0:00,1.751539611,Approved,50,
2020-05-14T07:00:00Z,5/14/20 0:00,1.171260538,Approved,50,
2020-05-15T07:00:00Z,5/15/20 0:00,1.81990908,Approved,50,
2020-05-16T07:00:00Z,5/16/20 0:00,2.408267951,Approved,50,
2020-05-17T07:00:00Z,5/17/20 0:00,2.476668674,Approved,50,
2020-05-18T07:00:00Z,5/18/20 0:00,3.728473878,Approved,50,
2020-05-19T07:00:00Z,5/19/20 0:00,3.569487747,Approved,50,
2020-05-20T07:00:00Z,5/20/20 0:00,4.082886587,Approved,50,
2020-05-21T07:00:00Z,5/21/20 0:00,4.217742736,Approved,50,
2020-05-22T07:00:00Z,5/22/20 0:00,3.817490347,Approved,50,
2020-05-23T07:00:00Z,5/23/20 0:00,5.431071601,Approved,50,
2020-05-24T07:00:00Z,5/24/20 0:00,5.827876556,Approved,50,
2020-05-25T07:00:00Z,5/25/20 0:00,4.29406199,Approved,50,
2020-05-26T07:00:00Z,5/26/20 0:00,4.205009128,Approved,50,
2020-05-27T07:00:00Z,5/27/20 0:00,5.234517698,Approved,50,
2020-05-28T07:00:00Z,5/28/20 0:00,6.350675382,Approved,50,
2020-05-29T07:00:00Z,5/29/20 0:00,5.848278448,Approved,50,
2020-05-30T07:00:00Z,5/30/20 0:00,6.239664413,Approved,50,
2020-05-31T07:00:00Z,5/31/20 0:00,5.633509726,Approved,50,
2020-06-01T07:00:00Z,6/1/20 0:00,5.266968358,Approved,50,
2020-06-02T07:00:00Z,6/2/20 0:00,5.768720997,Approved,50,
2020-06-03T07:00:00Z,6/3/20 0:00,5.699588267,Approved,50,
2020-06-04T07:00:00Z,6/4/20 0:00,5.737712014,Approved,50,
2020-06-05T07:00:00Z,6/5/20 0:00,5.639780941,Approved,50,
2020-06-06T07:00:00Z,6/6/20 0:00,6.724351656,Approved,50,
2020-06-07T07:00:00Z,6/7/20 0:00,5.779949313,Approved,50,
2020-06-08T07:00:00Z,6/8/20 0:00,5.653969993,Approved,50,
2020-06-09T07:00:00Z,6/9/20 0:00,5.562792997,Approved,50,
2020-06-10T07:00:00Z,6/10/20 0:00,3.679036955,Approved,50,
2020-06-11T07:00:00Z,6/11/20 0:00,4.427564003,Approved,50,
2020-06-12T07:00:00Z,6/12/20 0:00,7.22615209,Approved,50,
2020-06-13T07:00:00Z,6/13/20 0:00,8.766877712,Approved,50,
2020-06-14T07:00:00Z,6/14/20 0:00,8.735621219,Approved,50,
2020-06-15T07:00:00Z,6/15/20 0:00,8.327956097,Approved,50,
2020-06-16T07:00:00Z,6/16/20 0:00,7.037384986,Approved,50,
2020-06-17T07:00:00Z,6/17/20 0:00,7.958942233,Approved,50,
2020-06-18T07:00:00Z,6/18/20 0:00,8.803552833,Approved,50,
2020-06-19T07:00:00Z,6/19/20 0:00,7.960095927,Approved,50,
2020-06-20T07:00:00Z,6/20/20 0:00,7.156321174,Approved,50,
2020-06-21T07:00:00Z,6/21/20 0:00,6.949799326,Approved,50,
2020-06-22T07:00:00Z,6/22/20 0:00,7.510960601,Approved,50,
2020-06-23T07:00:00Z,6/23/20 0:00,8.48784641,Approved,50,
2020-06-24T07:00:00Z,6/24/20 0:00,8.904646962,Approved,50,
2020-06-25T07:00:00Z,6/25/20 0:00,9.32221134,Approved,50,
2020-06-26T07:00:00Z,6/26/20 0:00,9.268303372,Approved,50,
2020-06-27T07:00:00Z,6/27/20 0:00,8.905425031,Approved,50,
2020-06-28T07:00:00Z,6/28/20 0:00,8.856807955,Approved,50,
2020-06-29T07:00:00Z,6/29/20 0:00,8.286995688,Approved,50,
2020-06-30T07:00:00Z,6/30/20 0:00,8.963289851,Approved,50,
2020-07-01T07:00:00Z,7/1/20 0:00,8.92336876,Approved,50,
2020-07-02T07:00:00Z,7/2/20 0:00,9.173875806,Approved,50,
2020-07-03T07:00:00Z,7/3/20 0:00,10.6904969,Approved,50,
2020-07-04T07:00:00Z,7/4/20 0:00,11.57591358,Approved,50,
2020-07-05T07:00:00Z,7/5/20 0:00,10.87281323,Approved,50,
2020-07-06T07:00:00Z,7/6/20 0:00,9.776890785,Approved,50,
2020-07-07T07:00:00Z,7/7/20 0:00,10.4995442,Approved,50,
2020-07-08T07:00:00Z,7/8/20 0:00,11.23366267,Approved,50,
2020-07-09T07:00:00Z,7/9/20 0:00,10.70827898,Approved,50,
2020-07-10T07:00:00Z,7/10/20 0:00,11.45110949,Approved,50,
2020-07-11T07:00:00Z,7/11/20 0:00,11.99775274,Approved,50,
2020-07-12T07:00:00Z,7/12/20 0:00,12.69056719,Approved,50,
2020-07-13T07:00:00Z,7/13/20 0:00,12.28208569,Approved,50,
2020-07-14T07:00:00Z,7/14/20 0:00,11.68314733,Approved,50,
2020-07-15T07:00:00Z,7/15/20 0:00,11.49206872,Approved,50,
2020-07-16T07:00:00Z,7/16/20 0:00,11.05478647,Approved,50,
2020-07-17T07:00:00Z,7/17/20 0:00,11.09227694,Approved,50,
2020-07-18T07:00:00Z,7/18/20 0:00,10.91941042,Approved,50,
2020-07-19T07:00:00Z,7/19/20 0:00,11.22248578,Approved,50,
2020-07-20T07:00:00Z,7/20/20 0:00,11.17893458,Approved,50,
2020-07-21T07:00:00Z,7/21/20 0:00,11.36011626,Approved,50,
2020-07-22T07:00:00Z,7/22/20 0:00,13.03844691,Approved,50,
2020-07-23T07:00:00Z,7/23/20 0:00,12.70818271,Approved,50,
2020-07-24T07:00:00Z,7/24/20 0:00,12.15505771,Approved,50,
2020-07-25T07:00:00Z,7/25/20 0:00,12.74151885,Approved,50,
2020-07-26T07:00:00Z,7/26/20 0:00,11.97983743,Approved,50,
2020-07-27T07:00:00Z,7/27/20 0:00,11.35798031,Approved,50,
2020-07-28T07:00:00Z,7/28/20 0:00,11.80162604,Approved,50,
2020-07-29T07:00:00Z,7/29/20 0:00,11.86150469,Approved,50,
2020-07-30T07:00:00Z,7/30/20 0:00,11.57233444,Approved,50,
2020-07-31T07:00:00Z,7/31/20 0:00,11.83841535,Approved,50,
2020-08-01T07:00:00Z,8/1/20 0:00,12.30068698,Approved,50,
2020-08-02T07:00:00Z,8/2/20 0:00,12.4522449,Approved,50,
2020-08-03T07:00:00Z,8/3/20 0:00,12.15401243,Approved,50,
2020-08-04T07:00:00Z,8/4/20 0:00,12.63219653,Approved,50,
2020-08-05T07:00:00Z,8/5/20 0:00,13.05212934,Approved,50,
2020-08-06T07:00:00Z,8/6/20 0:00,13.10765181,Approved,50,
2020-08-07T07:00:00Z,8/7/20 0:00,12.78319573,Approved,50,
2020-08-08T07:00:00Z,8/8/20 0:00,12.93485069,Approved,50,
2020-08-09T07:00:00Z,8/9/20 0:00,13.05226816,Approved,50,
2020-08-10T07:00:00Z,8/10/20 0:00,13.55792365,Approved,50,
2020-08-11T07:00:00Z,8/11/20 0:00,13.52338719,Approved,50,
2020-08-12T07:00:00Z,8/12/20 0:00,13.58028483,Approved,50,
2020-08-13T07:00:00Z,8/13/20 0:00,13.42851934,Approved,50,
2020-08-14T07:00:00Z,8/14/20 0:00,13.74249708,Approved,50,
2020-08-15T07:00:00Z,8/15/20 0:00,13.88885813,Approved,50,
2020-08-16T07:00:00Z,8/16/20 0:00,14.14506302,Approved,50,
2020-08-17T07:00:00Z,8/17/20 0:00,14.44773771,Approved,50,
2020-08-18T07:00:00Z,8/18/20 0:00,14.34957472,Approved,50,
2020-08-19T07:00:00Z,8/19/20 0:00,13.61570733,Approved,50,
2020-08-20T07:00:00Z,8/20/20 0:00,13.19394215,Approved,50,
2020-08-21T07:00:00Z,8/21/20 0:00,13.0450476,Approved,50,
2020-08-22T07:00:00Z,8/22/20 0:00,13.10679069,Approved,50,
2020-08-23T07:00:00Z,8/23/20 0:00,13.52562635,Approved,50,
2020-08-24T07:00:00Z,8/24/20 0:00,13.46306188,Approved,50,
2020-08-25T07:00:00Z,8/25/20 0:00,13.23484809,Approved,50,
2020-08-26T07:00:00Z,8/26/20 0:00,12.78136594,Approved,50,
2020-08-27T07:00:00Z,8/27/20 0:00,12.83644208,Approved,50,
2020-08-28T07:00:00Z,8/28/20 0:00,13.19525271,Approved,50,
2020-08-29T07:00:00Z,8/29/20 0:00,13.10931479,Approved,50,
2020-08-30T07:00:00Z,8/30/20 0:00,11.62085413,Approved,50,
2020-08-31T07:00:00Z,8/31/20 0:00,10.69960398,Approved,50,
2020-09-01T07:00:00Z,9/1/20 0:00,10.54588939,Approved,50,
2020-09-02T07:00:00Z,9/2/20 0:00,9.751984934,Approved,50,
2020-09-03T07:00:00Z,9/3/20 0:00,10.32743642,Approved,50,
2020-09-04T07:00:00Z,9/4/20 0:00,10.69402694,Approved,50,
2020-09-05T07:00:00Z,9/5/20 0:00,12.05821493,Approved,50,
2020-09-06T07:00:00Z,9/6/20 0:00,13.10373365,Approved,50,
2020-09-07T07:00:00Z,9/7/20 0:00,12.92302229,Approved,50,
2020-09-08T07:00:00Z,9/8/20 0:00,11.92107726,Approved,50,
2020-09-09T07:00:00Z,9/9/20 0:00,7.744197601,Approved,50,
2020-09-10T07:00:00Z,9/10/20 0:00,4.348500795,Approved,50,
2020-09-11T07:00:00Z,9/11/20 0:00,3.83899424,Approved,50,
2020-09-12T07:00:00Z,9/12/20 0:00,2.652519972,Approved,50,
2020-09-13T07:00:00Z,9/13/20 0:00,4.109598788,Approved,50,
2020-09-14T07:00:00Z,9/14/20 0:00,6.384543594,Approved,50,
2020-09-15T07:00:00Z,9/15/20 0:00,7.991067507,Approved,50,
2020-09-16T07:00:00Z,9/16/20 0:00,8.690664115,Approved,50,
2020-09-17T07:00:00Z,9/17/20 0:00,9.126717253,Approved,50,
2020-09-18T07:00:00Z,9/18/20 0:00,9.585647188,Approved,50,
2020-09-19T07:00:00Z,9/19/20 0:00,10.05724397,Approved,50,
2020-09-20T07:00:00Z,9/20/20 0:00,10.00008354,Approved,50,
2020-09-21T07:00:00Z,9/21/20 0:00,9.072855872,Approved,50,
2020-09-22T07:00:00Z,9/22/20 0:00,9.271224153,Approved,50,
2020-09-23T07:00:00Z,9/23/20 0:00,9.535554688,Approved,50,
2020-09-24T07:00:00Z,9/24/20 0:00,9.529536802,Approved,50,
2020-09-25T07:00:00Z,9/25/20 0:00,9.202451403,Approved,50,
2020-09-26T07:00:00Z,9/26/20 0:00,8.813877448,Approved,50,
2020-09-27T07:00:00Z,9/27/20 0:00,7.956543635,Approved,50,
2020-09-28T07:00:00Z,9/28/20 0:00,6.992705361,Approved,50,
2020-09-29T07:00:00Z,9/29/20 0:00,5.624948486,Approved,50,
2020-09-30T07:00:00Z,9/30/20 0:00,5.534203462,Approved,50,
2020-10-03T07:00:00Z,10/3/20 0:00,6.001337052,Approved,50,
2020-10-04T07:00:00Z,10/4/20 0:00,6.396484795,Approved,50,
2020-10-05T07:00:00Z,10/5/20 0:00,6.568478083,Approved,50,
2020-10-06T07:00:00Z,10/6/20 0:00,5.604210986,Approved,50,
2020-10-07T07:00:00Z,10/7/20 0:00,5.383730142,Approved,50,
2020-10-08T07:00:00Z,10/8/20 0:00,5.932090274,Approved,50,
2020-10-09T07:00:00Z,10/9/20 0:00,6.248262486,Approved,50,
2020-10-10T07:00:00Z,10/10/20 0:00,6.217992611,Approved,50,
2020-10-11T07:00:00Z,10/11/20 0:00,6.720523111,Approved,50,
2020-10-12T07:00:00Z,10/12/20 0:00,3.42280523,Approved,50,
2020-10-13T07:00:00Z,10/13/20 0:00,0.531189077,Approved,50,
2020-10-14T07:00:00Z,10/14/20 0:00,1.100519937,Approved,50,
2020-10-15T07:00:00Z,10/15/20 0:00,2.142789834,Approved,50,
2020-10-16T07:00:00Z,10/16/20 0:00,1.163348186,Approved,50,
2020-10-17T07:00:00Z,10/17/20 0:00,0.418663241,Approved,50,
2020-10-18T07:00:00Z,10/18/20 0:00,0.132956823,Approved,50,
2020-10-19T07:00:00Z,10/19/20 0:00,0.289497588,Approved,50,
2020-10-20T07:00:00Z,10/20/20 0:00,0.560271801,Approved,50,
2020-10-21T07:00:00Z,10/21/20 0:00,0.653084329,Approved,50,
2020-10-22T07:00:00Z,10/22/20 0:00,0.730766398,Approved,50,
2020-10-23T07:00:00Z,10/23/20 0:00,0.342942459,Approved,50,
2020-10-24T07:00:00Z,10/24/20 0:00,0.486289018,Approved,50,
2020-10-25T07:00:00Z,10/25/20 0:00,0.587221562,Approved,50,
2020-10-26T07:00:00Z,10/26/20 0:00,0.139330332,Approved,50,
2020-10-27T07:00:00Z,10/27/20 0:00,0.185425656,Approved,50,
2020-10-28T07:00:00Z,10/28/20 0:00,0.376143249,Approved,50,
2020-10-29T07:00:00Z,10/29/20 0:00,0.673962044,Approved,50,
2020-10-30T07:00:00Z,10/30/20 0:00,0.823434419,Approved,50,
2020-10-31T07:00:00Z,10/31/20 0:00,1.037541687,Approved,50,
2020-11-01T07:00:00Z,11/1/20 0:00,1.079436954,Approved,50,
2020-11-02T07:00:00Z,11/2/20 0:00,1.465634463,Approved,50,
2020-11-03T07:00:00Z,11/3/20 0:00,2.221561899,Approved,50,
2020-11-04T07:00:00Z,11/4/20 0:00,2.880990111,Approved,50,
2020-11-05T07:00:00Z,11/5/20 0:00,2.985237889,Approved,50,
2020-11-06T07:00:00Z,11/6/20 0:00,2.661543194,Approved,50,
2020-11-07T07:00:00Z,11/7/20 0:00,2.644673674,Approved,50,
2020-11-08T07:00:00Z,11/8/20 0:00,2.872959458,Approved,50,
2020-11-09T07:00:00Z,11/9/20 0:00,1.872858594,Approved,50,
2020-11-10T07:00:00Z,11/10/20 0:00,1.580545666,Approved,50,
2020-11-11T07:00:00Z,11/11/20 0:00,0.681874275,Approved,50,
2020-11-12T07:00:00Z,11/12/20 0:00,1.458518563,Approved,50,
2020-11-13T07:00:00Z,11/13/20 0:00,0.95021164,Approved,50,
2020-11-14T07:00:00Z,11/14/20 0:00,0.97344081,Approved,50,
2020-11-15T07:00:00Z,11/15/20 0:00,0.771141918,Approved,50,
2020-11-16T07:00:00Z,11/16/20 0:00,0.682851417,Approved,50,
2020-11-17T07:00:00Z,11/17/20 0:00,1.183551535,Approved,50,
2020-11-18T07:00:00Z,11/18/20 0:00,1.387561701,Approved,50,
2020-11-19T07:00:00Z,11/19/20 0:00,1.567803722,Approved,50,
2020-11-20T07:00:00Z,11/20/20 0:00,1.62304124,Approved,50,
2020-11-21T07:00:00Z,11/21/20 0:00,1.468985149,Approved,50,
2020-11-22T07:00:00Z,11/22/20 0:00,1.27319848,Approved,50,
2020-11-23T07:00:00Z,11/23/20 0:00,1.112196107,Approved,50,
2020-11-24T07:00:00Z,11/24/20 0:00,1.732744743,Approved,50,
2020-11-25T07:00:00Z,11/25/20 0:00,1.177469146,Approved,50,
2020-11-26T07:00:00Z,11/26/20 0:00,0.756011942,Approved,50,
2020-11-27T07:00:00Z,11/27/20 0:00,1.647349774,Approved,50,
2020-11-28T07:00:00Z,11/28/20 0:00,1.532159868,Approved,50,
2020-11-29T07:00:00Z,11/29/20 0:00,1.688627479,Approved,50,
2020-11-30T07:00:00Z,11/30/20 0:00,1.544692167,Approved,50,
2020-12-01T07:00:00Z,12/1/20 0:00,1.03985701,Approved,50,
2020-12-02T07:00:00Z,12/2/20 0:00,1.155685534,Approved,50,
2020-12-03T07:00:00Z,12/3/20 0:00,1.143822591,Approved,50,
2020-12-04T07:00:00Z,12/4/20 0:00,0.866502972,Approved,50,
2020-12-05T07:00:00Z,12/5/20 0:00,0.773550782,Approved,50,
2020-12-06T07:00:00Z,12/6/20 0:00,0.636030627,Approved,50,
2020-12-07T07:00:00Z,12/7/20 0:00,0.539560531,Approved,50,
2020-12-08T07:00:00Z,12/8/20 0:00,0.481948856,Approved,50,
2020-12-09T07:00:00Z,12/9/20 0:00,0.383361501,Approved,50,
2020-12-10T07:00:00Z,12/10/20 0:00,0.341830252,Approved,50,
2020-12-11T07:00:00Z,12/11/20 0:00,0.475571527,Approved,50,
2020-12-12T07:00:00Z,12/12/20 0:00,0.474104351,Approved,50,
2020-12-13T07:00:00Z,12/13/20 0:00,0.267972096,Approved,50,
2020-12-14T07:00:00Z,12/14/20 0:00,0.270872006,Approved,50,
2020-12-15T07:00:00Z,12/15/20 0:00,0.364533736,Approved,50,
2020-12-16T07:00:00Z,12/16/20 0:00,0.429171346,Approved,50,
2020-12-17T07:00:00Z,12/17/20 0:00,0.253488545,Approved,50,
2020-12-18T07:00:00Z,12/18/20 0:00,0.29879125,Approved,50,
2020-12-19T07:00:00Z,12/19/20 0:00,0.335977026,Approved,50,
2020-12-20T07:00:00Z,12/20/20 0:00,0.169836892,Approved,50,
2020-12-21T07:00:00Z,12/21/20 0:00,0.174938726,Approved,50,
2020-12-22T07:00:00Z,12/22/20 0:00,0.288062634,Approved,50,
2020-12-23T07:00:00Z,12/23/20 0:00,0.265489898,Approved,50,
2020-12-24T07:00:00Z,12/24/20 0:00,0.209818414,Approved,50,
2020-12-25T07:00:00Z,12/25/20 0:00,0.054131825,Approved,50,
2020-12-26T07:00:00Z,12/26/20 0:00,0.110038119,Approved,50,
2020-12-27T07:00:00Z,12/27/20 0:00,0.122404002,Approved,50,
2020-12-28T07:00:00Z,12/28/20 0:00,0.17816438,Approved,50,
2020-12-29T07:00:00Z,12/29/20 0:00,0.145762128,Approved,50,
2020-12-30T07:00:00Z,12/30/20 0:00,0.144372942,Approved,50,
2020-12-31T07:00:00Z,12/31/20 0:00,0.085572137,Approved,50,
2021-01-01T07:00:00Z,1/1/21 0:00,0.116158805,Approved,50,
2021-01-02T07:00:00Z,1/2/21 0:00,0.150484827,Approved,50,
2021-01-03T07:00:00Z,1/3/21 0:00,0.148360252,Approved,50,
2021-01-04T07:00:00Z,1/4/21 0:00,0.133326007,Approved,50,
2021-01-05T07:00:00Z,1/5/21 0:00,0.126691079,Approved,50,
2021-01-06T07:00:00Z,1/6/21 0:00,0.114947217,Approved,50,
2021-01-07T07:00:00Z,1/7/21 0:00,0.113387331,Approved,50,
2021-01-08T07:00:00Z,1/8/21 0:00,0.110454261,Approved,50,
2021-01-09T07:00:00Z,1/9/21 0:00,0.119208333,Approved,50,
2021-01-10T07:00:00Z,1/10/21 0:00,0.1316875,Approved,50,
2021-01-11T07:00:00Z,1/11/21 0:00,0.1245,Approved,50,
2021-01-12T07:00:00Z,1/12/21 0:00,0.107916667,Approved,50,
2021-01-13T07:00:00Z,1/13/21 0:00,0.090166667,Approved,50,
2021-01-14T07:00:00Z,1/14/21 0:00,0.0663125,Approved,50,
2021-01-15T07:00:00Z,1/15/21 0:00,0.050729167,Approved,50,
2021-01-16T07:00:00Z,1/16/21 0:00,0.039479167,Approved,50,
2021-01-17T07:00:00Z,1/17/21 0:00,0.0420625,Approved,50,
2021-01-18T07:00:00Z,1/18/21 0:00,0.032354167,Approved,50,
2021-01-19T07:00:00Z,1/19/21 0:00,0.045145833,Approved,50,
2021-01-20T07:00:00Z,1/20/21 0:00,0.0578125,Approved,50,
2021-01-21T07:00:00Z,1/21/21 0:00,0.0173125,Approved,50,
2021-01-26T07:00:00Z,1/26/21 0:00,0.01034375,Approved,50,
2021-01-27T07:00:00Z,1/27/21 0:00,0.008708333,Approved,50,
2021-01-28T07:00:00Z,1/28/21 0:00,4.17E-05,Approved,50,
2021-02-05T07:00:00Z,2/5/21 0:00,0,Approved,50,
2021-02-08T07:00:00Z,2/8/21 0:00,0.000109355,Approved,50,
2021-02-09T07:00:00Z,2/9/21 0:00,0.000437207,Approved,50,
2021-02-10T07:00:00Z,2/10/21 0:00,0,Approved,50,
2021-02-11T07:00:00Z,2/11/21 0:00,0,Approved,50,
2021-02-12T07:00:00Z,2/12/21 0:00,0,Approved,50,
2021-02-13T07:00:00Z,2/13/21 0:00,0,Approved,50,
2021-02-14T07:00:00Z,2/14/21 0:00,0,Approved,50,
2021-02-15T07:00:00Z,2/15/21 0:00,0,Approved,50,
2021-02-16T07:00:00Z,2/16/21 0:00,0,Approved,50,
2021-02-17T07:00:00Z,2/17/21 0:00,0,Approved,50,
2021-02-18T07:00:00Z,2/18/21 0:00,0,Approved,50,
2021-02-19T07:00:00Z,2/19/21 0:00,0,Approved,50,
2021-02-20T07:00:00Z,2/20/21 0:00,0,Approved,50,
2021-02-21T07:00:00Z,2/21/21 0:00,0,Approved,50,
2021-02-22T07:00:00Z,2/22/21 0:00,0,Approved,50,
2021-02-23T07:00:00Z,2/23/21 0:00,0,Approved,50,
2021-02-24T07:00:00Z,2/24/21 0:00,0,Approved,50,
2021-02-25T07:00:00Z,2/25/21 0:00,0,Approved,50,
2021-02-26T07:00:00Z,2/26/21 0:00,0,Approved,50,
2021-02-27T07:00:00Z,2/27/21 0:00,0,Approved,50,
2021-02-28T07:00:00Z,2/28/21 0:00,0,Approved,50,
2021-03-01T07:00:00Z,3/1/21 0:00,0,Approved,50,
2021-03-02T07:00:00Z,3/2/21 0:00,0,Approved,50,
2021-03-03T07:00:00Z,3/3/21 0:00,0,Approved,50,
2021-03-04T07:00:00Z,3/4/21 0:00,0,Approved,50,
2021-03-05T07:00:00Z,3/5/21 0:00,0,Approved,50,
2021-03-06T07:00:00Z,3/6/21 0:00,0,Approved,50,
2021-03-07T07:00:00Z,3/7/21 0:00,0,Approved,50,
2021-03-08T07:00:00Z,3/8/21 0:00,0,Approved,50,
2021-03-09T07:00:00Z,3/9/21 0:00,0,Approved,50,
2021-03-10T07:00:00Z,3/10/21 0:00,0,Approved,50,
2021-03-11T07:00:00Z,3/11/21 0:00,0,Approved,50,
2021-03-12T07:00:00Z,3/12/21 0:00,0,Approved,50,
2021-03-13T07:00:00Z,3/13/21 0:00,0,Approved,50,
2021-03-14T07:00:00Z,3/14/21 0:00,0,Approved,50,
2021-03-15T07:00:00Z,3/15/21 0:00,0,Approved,50,
2021-03-16T07:00:00Z,3/16/21 0:00,0,Approved,50,
2021-03-17T07:00:00Z,3/17/21 0:00,0,Approved,50,
2021-03-18T07:00:00Z,3/18/21 0:00,0,Approved,50,
2021-03-19T07:00:00Z,3/19/21 0:00,0,Approved,50,
2021-03-20T07:00:00Z,3/20/21 0:00,0,Approved,50,
2021-03-21T07:00:00Z,3/21/21 0:00,0,Approved,50,
2021-03-22T07:00:00Z,3/22/21 0:00,0,Approved,50,
2021-03-23T07:00:00Z,3/23/21 0:00,0,Approved,50,
2021-03-24T07:00:00Z,3/24/21 0:00,0,Approved,50,
2021-03-25T07:00:00Z,3/25/21 0:00,0,Approved,50,
2021-03-26T07:00:00Z,3/26/21 0:00,0,Approved,50,
2021-03-27T07:00:00Z,3/27/21 0:00,0,Approved,50,
2021-03-28T07:00:00Z,3/28/21 0:00,0,Approved,50,
2021-03-29T07:00:00Z,3/29/21 0:00,0,Approved,50,
2021-03-30T07:00:00Z,3/30/21 0:00,0,Approved,50,
2021-03-31T07:00:00Z,3/31/21 0:00,0,Approved,50,
2021-04-01T07:00:00Z,4/1/21 0:00,0,Approved,50,
2021-04-02T07:00:00Z,4/2/21 0:00,0,Approved,50,
2021-04-03T07:00:00Z,4/3/21 0:00,0,Approved,50,
2021-04-04T07:00:00Z,4/4/21 0:00,0,Approved,50,
2021-04-05T07:00:00Z,4/5/21 0:00,0,Approved,50,
2021-04-06T07:00:00Z,4/6/21 0:00,0.027264277,Approved,50,
2021-04-07T07:00:00Z,4/7/21 0:00,0.326008585,Approved,50,
2021-04-08T07:00:00Z,4/8/21 0:00,0.521271595,Approved,50,
2021-04-09T07:00:00Z,4/9/21 0:00,0.725296753,Approved,50,
2021-04-10T07:00:00Z,4/10/21 0:00,1.073328834,Approved,50,
2021-04-11T07:00:00Z,4/11/21 0:00,1.197735743,Approved,50,
2021-04-12T07:00:00Z,4/12/21 0:00,1.590818722,Approved,50,
2021-04-13T07:00:00Z,4/13/21 0:00,1.82958592,Approved,50,
2021-04-14T07:00:00Z,4/14/21 0:00,1.629537167,Approved,50,
2021-04-15T07:00:00Z,4/15/21 0:00,0.844815784,Approved,50,
2021-04-16T07:00:00Z,4/16/21 0:00,0.563070507,Approved,50,
2021-04-17T07:00:00Z,4/17/21 0:00,0.466575421,Approved,50,
2021-04-18T07:00:00Z,4/18/21 0:00,0.392374991,Approved,50,
2021-04-19T07:00:00Z,4/19/21 0:00,0.349842076,Approved,50,
2021-04-20T07:00:00Z,4/20/21 0:00,0.292628829,Approved,50,
2021-04-21T07:00:00Z,4/21/21 0:00,0.292650958,Approved,50,
2021-04-22T07:00:00Z,4/22/21 0:00,0.275443176,Approved,50,
2021-04-23T07:00:00Z,4/23/21 0:00,0.263931069,Approved,50,
2021-04-24T07:00:00Z,4/24/21 0:00,0.273946556,Approved,50,
2021-04-25T07:00:00Z,4/25/21 0:00,0.237874139,Approved,50,
2021-04-26T07:00:00Z,4/26/21 0:00,0.185252085,Approved,50,
2021-04-27T07:00:00Z,4/27/21 0:00,0.133701424,Approved,50,
2021-04-28T07:00:00Z,4/28/21 0:00,0.11035124,Approved,50,
2021-04-29T07:00:00Z,4/29/21 0:00,0.172398459,Approved,50,
2021-04-30T07:00:00Z,4/30/21 0:00,0.168459368,Approved,50,
2021-05-01T07:00:00Z,5/1/21 0:00,0.072742145,Approved,50,
2021-05-02T07:00:00Z,5/2/21 0:00,0.043247965,Approved,50,
2021-05-03T07:00:00Z,5/3/21 0:00,0.213801496,Approved,50,
2021-05-04T07:00:00Z,5/4/21 0:00,0.246821306,Approved,50,
2021-05-05T07:00:00Z,5/5/21 0:00,0.141226876,Approved,50,
2021-05-06T07:00:00Z,5/6/21 0:00,0.124106087,Approved,50,
2021-05-07T07:00:00Z,5/7/21 0:00,0.145876992,Approved,50,
2021-05-08T07:00:00Z,5/8/21 0:00,0.180911486,Approved,50,
2021-05-09T07:00:00Z,5/9/21 0:00,0.347902194,Approved,50,
2021-05-10T07:00:00Z,5/10/21 0:00,0.479438244,Approved,50,
2021-05-11T07:00:00Z,5/11/21 0:00,0.358863398,Approved,50,
2021-05-12T07:00:00Z,5/12/21 0:00,0.210950955,Approved,50,
2021-05-13T07:00:00Z,5/13/21 0:00,0.202146535,Approved,50,
2021-05-14T07:00:00Z,5/14/21 0:00,0.205857701,Approved,50,
2021-05-15T07:00:00Z,5/15/21 0:00,0.220884853,Approved,50,
2021-05-16T07:00:00Z,5/16/21 0:00,0.283939576,Approved,50,
2021-05-17T07:00:00Z,5/17/21 0:00,0.27877045,Approved,50,
2021-05-18T07:00:00Z,5/18/21 0:00,0.216863534,Approved,50,
2021-05-19T07:00:00Z,5/19/21 0:00,0.238528772,Approved,50,
2021-05-20T07:00:00Z,5/20/21 0:00,0.304258871,Approved,50,
2021-05-21T07:00:00Z,5/21/21 0:00,0.50163132,Approved,50,
2021-05-22T07:00:00Z,5/22/21 0:00,0.522946783,Approved,50,
2021-05-23T07:00:00Z,5/23/21 0:00,0.78667664,Approved,50,
2021-05-24T07:00:00Z,5/24/21 0:00,0.359207363,Approved,50,
2021-05-25T07:00:00Z,5/25/21 0:00,0.758784108,Approved,50,
2021-05-26T07:00:00Z,5/26/21 0:00,1.368773909,Approved,50,
2021-05-27T07:00:00Z,5/27/21 0:00,1.211616853,Approved,50,
2021-05-28T07:00:00Z,5/28/21 0:00,1.368460781,Approved,50,
2021-05-29T07:00:00Z,5/29/21 0:00,2.002558215,Approved,50,
2021-05-30T07:00:00Z,5/30/21 0:00,2.052868948,Approved,50,
2021-05-31T07:00:00Z,5/31/21 0:00,1.211308693,Approved,50,
2021-06-01T07:00:00Z,6/1/21 0:00,1.217842409,Approved,50,
2021-06-02T07:00:00Z,6/2/21 0:00,1.915309594,Approved,50,
2021-06-03T07:00:00Z,6/3/21 0:00,2.548190073,Approved,50,
2021-06-04T07:00:00Z,6/4/21 0:00,2.626203198,Approved,50,
2021-06-05T07:00:00Z,6/5/21 0:00,2.703406483,Approved,50,
2021-06-06T07:00:00Z,6/6/21 0:00,2.694774427,Approved,50,
2021-06-07T07:00:00Z,6/7/21 0:00,2.655213122,Approved,50,
2021-06-08T07:00:00Z,6/8/21 0:00,3.523659493,Approved,50,
2021-06-09T07:00:00Z,6/9/21 0:00,4.015160361,Approved,50,
2021-06-10T07:00:00Z,6/10/21 0:00,4.770132576,Approved,50,
2021-06-11T07:00:00Z,6/11/21 0:00,5.351772872,Approved,50,
2021-06-12T07:00:00Z,6/12/21 0:00,5.628219604,Approved,50,
2021-06-13T07:00:00Z,6/13/21 0:00,6.621602497,Approved,50,
2021-06-14T07:00:00Z,6/14/21 0:00,7.539698417,Approved,50,
2021-06-15T07:00:00Z,6/15/21 0:00,7.928611267,Approved,50,
2021-06-16T07:00:00Z,6/16/21 0:00,8.234428278,Approved,50,
2021-06-17T07:00:00Z,6/17/21 0:00,7.980609128,Approved,50,
2021-06-18T07:00:00Z,6/18/21 0:00,7.847782972,Approved,50,
2021-06-19T07:00:00Z,6/19/21 0:00,7.148185,Approved,50,
2021-06-20T07:00:00Z,6/20/21 0:00,7.165436677,Approved,50,
2021-06-21T07:00:00Z,6/21/21 0:00,7.298646375,Approved,50,
2021-06-22T07:00:00Z,6/22/21 0:00,8.367999837,Approved,50,
2021-06-23T07:00:00Z,6/23/21 0:00,8.990416736,Approved,50,
2021-06-24T07:00:00Z,6/24/21 0:00,8.590919951,Approved,50,
2021-06-25T07:00:00Z,6/25/21 0:00,8.136234837,Approved,50,
2021-06-26T07:00:00Z,6/26/21 0:00,7.606933257,Approved,50,
2021-06-27T07:00:00Z,6/27/21 0:00,7.330954868,Approved,50,
2021-06-28T07:00:00Z,6/28/21 0:00,6.736734319,Approved,50,
2021-06-29T07:00:00Z,6/29/21 0:00,6.723232601,Approved,50,
2021-06-30T07:00:00Z,6/30/21 0:00,7.258437632,Approved,50,
2021-07-01T07:00:00Z,7/1/21 0:00,8.12218491,Approved,50,
2021-07-02T07:00:00Z,7/2/21 0:00,8.616893587,Approved,50,
2021-07-03T07:00:00Z,7/3/21 0:00,9.048305795,Approved,50,
2021-07-04T07:00:00Z,7/4/21 0:00,9.998575538,Approved,50,
2021-07-05T07:00:00Z,7/5/21 0:00,10.52909657,Approved,50,
2021-07-06T07:00:00Z,7/6/21 0:00,9.948084375,Approved,50,
2021-07-07T07:00:00Z,7/7/21 0:00,9.799142618,Approved,50,
2021-07-08T07:00:00Z,7/8/21 0:00,10.46475156,Approved,50,
2021-07-09T07:00:00Z,7/9/21 0:00,10.85265044,Approved,50,
2021-07-10T07:00:00Z,7/10/21 0:00,11.49667323,Approved,50,
2021-07-11T07:00:00Z,7/11/21 0:00,11.62819361,Approved,50,
2021-07-12T07:00:00Z,7/12/21 0:00,12.36149538,Approved,50,
2021-07-13T07:00:00Z,7/13/21 0:00,12.57754628,Approved,50,
2021-07-14T07:00:00Z,7/14/21 0:00,11.85584233,Approved,50,
2021-07-15T07:00:00Z,7/15/21 0:00,10.47969881,Approved,50,
2021-07-16T07:00:00Z,7/16/21 0:00,10.82440617,Approved,50,
2021-07-17T07:00:00Z,7/17/21 0:00,11.04885854,Approved,50,
2021-07-18T07:00:00Z,7/18/21 0:00,11.26453906,Approved,50,
2021-07-19T07:00:00Z,7/19/21 0:00,12.06762719,Approved,50,
2021-07-20T07:00:00Z,7/20/21 0:00,13.3663884,Approved,50,
2021-07-21T07:00:00Z,7/21/21 0:00,13.72476139,Approved,50,
2021-07-22T07:00:00Z,7/22/21 0:00,12.80315344,Approved,50,
2021-07-23T07:00:00Z,7/23/21 0:00,12.40538316,Approved,50,
2021-07-24T07:00:00Z,7/24/21 0:00,12.33676913,Approved,50,
2021-07-25T07:00:00Z,7/25/21 0:00,12.64196014,Approved,50,
2021-07-26T07:00:00Z,7/26/21 0:00,13.17168479,Approved,50,
2021-07-27T07:00:00Z,7/27/21 0:00,13.46377639,Approved,50,
2021-07-28T07:00:00Z,7/28/21 0:00,14.24233802,Approved,50,
2021-07-29T07:00:00Z,7/29/21 0:00,14.37067045,Approved,50,
2021-07-30T07:00:00Z,7/30/21 0:00,14.94805104,Approved,50,
2021-07-31T07:00:00Z,7/31/21 0:00,14.68926462,Approved,50,
2021-08-01T07:00:00Z,8/1/21 0:00,13.19356333,Approved,50,
2021-08-02T07:00:00Z,8/2/21 0:00,12.02003396,Approved,50,
2021-08-03T07:00:00Z,8/3/21 0:00,12.14303778,Approved,50,
2021-08-04T07:00:00Z,8/4/21 0:00,10.38958116,Approved,50,
2021-08-05T07:00:00Z,8/5/21 0:00,9.416665899,Approved,50,
2021-08-06T07:00:00Z,8/6/21 0:00,10.49717438,Approved,50,
2021-08-07T07:00:00Z,8/7/21 0:00,10.91758375,Approved,50,
2021-08-08T07:00:00Z,8/8/21 0:00,10.12856097,Approved,50,
2021-08-09T07:00:00Z,8/9/21 0:00,10.45449005,Approved,50,
2021-08-10T07:00:00Z,8/10/21 0:00,11.34709967,Approved,50,
2021-08-11T07:00:00Z,8/11/21 0:00,11.42653285,Approved,50,
2021-08-12T07:00:00Z,8/12/21 0:00,11.72553589,Approved,50,
2021-08-13T07:00:00Z,8/13/21 0:00,13.0181584,Approved,50,
2021-08-14T07:00:00Z,8/14/21 0:00,13.65809267,Approved,50,
2021-08-15T07:00:00Z,8/15/21 0:00,13.40359965,Approved,50,
2021-08-16T07:00:00Z,8/16/21 0:00,12.95423361,Approved,50,
2021-08-17T07:00:00Z,8/17/21 0:00,13.15072993,Approved,50,
2021-08-18T07:00:00Z,8/18/21 0:00,13.56538688,Approved,50,
2021-08-19T07:00:00Z,8/19/21 0:00,13.61950014,Approved,50,
2021-08-20T07:00:00Z,8/20/21 0:00,12.83240851,Approved,50,
2021-08-21T07:00:00Z,8/21/21 0:00,10.11491964,Approved,50,
2021-08-22T07:00:00Z,8/22/21 0:00,10.3527786,Approved,50,
2021-08-23T07:00:00Z,8/23/21 0:00,11.02533519,Approved,50,
2021-08-24T07:00:00Z,8/24/21 0:00,12.08285431,Approved,50,
2021-08-25T07:00:00Z,8/25/21 0:00,12.92230615,Approved,50,
2021-08-26T07:00:00Z,8/26/21 0:00,13.40477142,Approved,50,
2021-08-27T07:00:00Z,8/27/21 0:00,13.66981896,Approved,50,
2021-08-28T07:00:00Z,8/28/21 0:00,13.11935056,Approved,50,
2021-08-29T07:00:00Z,8/29/21 0:00,13.52598809,Approved,50,
2021-08-30T07:00:00Z,8/30/21 0:00,14.46032667,Approved,50,
2021-08-31T07:00:00Z,8/31/21 0:00,14.46069674,Approved,50,
2021-09-01T07:00:00Z,9/1/21 0:00,14.27228476,Approved,50,
2021-09-02T07:00:00Z,9/2/21 0:00,13.3280959,Approved,50,
2021-09-03T07:00:00Z,9/3/21 0:00,12.85862257,Approved,50,
2021-09-04T07:00:00Z,9/4/21 0:00,12.76149313,Approved,50,
2021-09-05T07:00:00Z,9/5/21 0:00,12.40836462,Approved,50,
2021-09-06T07:00:00Z,9/6/21 0:00,11.6964223,Approved,50,
2021-09-07T07:00:00Z,9/7/21 0:00,11.53362592,Approved,50,
2021-09-08T07:00:00Z,9/8/21 0:00,11.59667467,Approved,50,
2021-09-09T07:00:00Z,9/9/21 0:00,12.77648694,Approved,50,
2021-09-10T07:00:00Z,9/10/21 0:00,12.62155649,Approved,50,
2021-09-11T07:00:00Z,9/11/21 0:00,13.50041264,Approved,50,
2021-09-12T07:00:00Z,9/12/21 0:00,13.32193958,Approved,50,
2021-09-13T07:00:00Z,9/13/21 0:00,11.9097625,Approved,50,
2021-09-14T07:00:00Z,9/14/21 0:00,10.98315604,Approved,50,
2021-09-15T07:00:00Z,9/15/21 0:00,11.14408915,Approved,50,
2021-09-16T07:00:00Z,9/16/21 0:00,10.60788947,Approved,50,
2021-09-17T07:00:00Z,9/17/21 0:00,10.53111374,Approved,50,
2021-09-18T07:00:00Z,9/18/21 0:00,10.85653497,Approved,50,
2021-09-19T07:00:00Z,9/19/21 0:00,10.65125672,Approved,50,
2021-09-20T07:00:00Z,9/20/21 0:00,9.613555094,Approved,50,
2021-09-21T07:00:00Z,9/21/21 0:00,7.776414549,Approved,50,
2021-09-22T07:00:00Z,9/22/21 0:00,6.989150031,Approved,50,
2021-09-23T07:00:00Z,9/23/21 0:00,6.914331458,Approved,50,
2021-09-24T07:00:00Z,9/24/21 0:00,7.394937906,Approved,50,
2021-09-25T07:00:00Z,9/25/21 0:00,8.478666003,Approved,50,
2021-09-26T07:00:00Z,9/26/21 0:00,9.027477771,Approved,50,
2021-09-27T07:00:00Z,9/27/21 0:00,9.160979549,Approved,50,
2021-09-28T07:00:00Z,9/28/21 0:00,9.823294799,Approved,50,
2021-09-29T07:00:00Z,9/29/21 0:00,9.098196618,Approved,50,
2021-09-30T07:00:00Z,9/30/21 0:00,7.761866976,Approved,50,
2021-10-01T07:00:00Z,10/1/21 0:00,7.378148486,Approved,50,
2021-10-02T07:00:00Z,10/2/21 0:00,6.672855378,Approved,50,
2021-10-03T07:00:00Z,10/3/21 0:00,6.425702715,Approved,50,
2021-10-04T07:00:00Z,10/4/21 0:00,6.859136167,Approved,50,
2021-10-05T07:00:00Z,10/5/21 0:00,7.490668865,Approved,50,
2021-10-06T07:00:00Z,10/6/21 0:00,8.117952191,Approved,50,
2021-10-07T07:00:00Z,10/7/21 0:00,8.031565948,Approved,50,
2021-10-08T07:00:00Z,10/8/21 0:00,6.902043677,Approved,50,
2021-10-10T07:00:00Z,10/10/21 0:00,4.810196226,Analyzed,50,
2021-10-11T07:00:00Z,10/11/21 0:00,2.437156059,Analyzed,50,
2021-10-12T07:00:00Z,10/12/21 0:00,2.06826113,Analyzed,50,
2021-10-13T07:00:00Z,10/13/21 0:00,2.036354134,Analyzed,50,
2021-10-14T07:00:00Z,10/14/21 0:00,0.17489921,Analyzed,50,
2021-10-15T07:00:00Z,10/15/21 0:00,0.116984687,Analyzed,50,
2021-10-16T07:00:00Z,10/16/21 0:00,0.237651609,Analyzed,50,
2021-10-17T07:00:00Z,10/17/21 0:00,0.747292206,Analyzed,50,
2021-10-18T07:00:00Z,10/18/21 0:00,1.644753764,Analyzed,50,
2021-10-19T07:00:00Z,10/19/21 0:00,2.87443924,Analyzed,50,
2021-10-20T07:00:00Z,10/20/21 0:00,3.318598313,Analyzed,50,
2021-10-21T07:00:00Z,10/21/21 0:00,3.354948382,Analyzed,50,
2021-10-22T07:00:00Z,10/22/21 0:00,3.801163052,Analyzed,50,
2021-10-23T07:00:00Z,10/23/21 0:00,3.775127045,Analyzed,50,
2021-10-24T07:00:00Z,10/24/21 0:00,2.651672226,Analyzed,50,
2021-10-25T07:00:00Z,10/25/21 0:00,1.266603602,Analyzed,50,
2021-10-26T07:00:00Z,10/26/21 0:00,1.546084539,Analyzed,50,
2021-10-27T07:00:00Z,10/27/21 0:00,0.799957385,Analyzed,50,
2021-10-28T07:00:00Z,10/28/21 0:00,0.111876702,Analyzed,50,
2021-10-29T07:00:00Z,10/29/21 0:00,0.154164219,Analyzed,50,
2021-10-30T07:00:00Z,10/30/21 0:00,0.373925857,Analyzed,50,
2021-10-31T07:00:00Z,10/31/21 0:00,0.553857586,Analyzed,50,
2021-11-01T07:00:00Z,11/1/21 0:00,0.739005412,Analyzed,50,
2021-11-02T07:00:00Z,11/2/21 0:00,0.811119726,Analyzed,50,
2021-11-03T07:00:00Z,11/3/21 0:00,0.863243821,Analyzed,50,
2021-11-04T07:00:00Z,11/4/21 0:00,0.903181722,Analyzed,50,
2021-11-05T07:00:00Z,11/5/21 0:00,0.952479253,Analyzed,50,
2021-11-06T07:00:00Z,11/6/21 0:00,1.237401881,Analyzed,50,
2021-11-07T07:00:00Z,11/7/21 0:00,1.35105624,Analyzed,50,
2021-11-08T07:00:00Z,11/8/21 0:00,1.347587156,Analyzed,50,
2021-11-09T07:00:00Z,11/9/21 0:00,1.479217222,Analyzed,50,
2021-11-10T07:00:00Z,11/10/21 0:00,1.364815469,Analyzed,50,
2021-11-11T07:00:00Z,11/11/21 0:00,0.861854453,Analyzed,50,
2021-11-12T07:00:00Z,11/12/21 0:00,0.204980325,Analyzed,50,
2021-11-13T07:00:00Z,11/13/21 0:00,0.097509489,Analyzed,50,
2021-11-14T07:00:00Z,11/14/21 0:00,0.20071686,Analyzed,50,
2021-11-15T07:00:00Z,11/15/21 0:00,0.240847911,Analyzed,50,
2021-11-16T07:00:00Z,11/16/21 0:00,0.326420365,Analyzed,50,
2021-11-17T07:00:00Z,11/17/21 0:00,0.332178639,Analyzed,50,
2021-11-18T07:00:00Z,11/18/21 0:00,0.203884337,Analyzed,50,
2021-11-19T07:00:00Z,11/19/21 0:00,0.100101476,Analyzed,50,
2021-11-20T07:00:00Z,11/20/21 0:00,0.134173923,Analyzed,50,
2021-11-21T07:00:00Z,11/21/21 0:00,0.20795198,Analyzed,50,
2021-11-22T07:00:00Z,11/22/21 0:00,0.177454531,Analyzed,50,
2021-11-23T07:00:00Z,11/23/21 0:00,0.350225547,Analyzed,50,
2021-11-24T07:00:00Z,11/24/21 0:00,0.460601169,Analyzed,50,
2021-11-25T07:00:00Z,11/25/21 0:00,0.533202808,Analyzed,50,
2021-11-26T07:00:00Z,11/26/21 0:00,0.335876676,Analyzed,50,
2021-11-27T07:00:00Z,11/27/21 0:00,0.679772378,Analyzed,50,
2021-11-28T07:00:00Z,11/28/21 0:00,0.790538689,Analyzed,50,
2021-11-29T07:00:00Z,11/29/21 0:00,0.83696831,Analyzed,50,
2021-11-30T07:00:00Z,11/30/21 0:00,1.028457439,Analyzed,50,
2021-12-01T07:00:00Z,12/1/21 0:00,0.781698752,Analyzed,50,
2021-12-02T07:00:00Z,12/2/21 0:00,0.823300457,Analyzed,50,
2021-12-03T07:00:00Z,12/3/21 0:00,0.998982859,Analyzed,50,
2021-12-04T07:00:00Z,12/4/21 0:00,1.025545347,Analyzed,50,
2021-12-05T07:00:00Z,12/5/21 0:00,0.796892484,Analyzed,50,
2021-12-06T07:00:00Z,12/6/21 0:00,0.452967319,Analyzed,50,
2021-12-07T07:00:00Z,12/7/21 0:00,0.190723208,Analyzed,50,
2021-12-08T07:00:00Z,12/8/21 0:00,0.347154405,Analyzed,50,
2021-12-09T07:00:00Z,12/9/21 0:00,0.39769925,Analyzed,50,
2021-12-10T07:00:00Z,12/10/21 0:00,0.508880199,Analyzed,50,
2021-12-11T07:00:00Z,12/11/21 0:00,0.301380687,Analyzed,50,
2021-12-12T07:00:00Z,12/12/21 0:00,0.239711021,Analyzed,50,
2021-12-13T07:00:00Z,12/13/21 0:00,0.561759092,Analyzed,50,
2021-12-14T07:00:00Z,12/14/21 0:00,0.699803673,Analyzed,50,
2021-12-15T07:00:00Z,12/15/21 0:00,0.748677352,Analyzed,50,
2021-12-16T07:00:00Z,12/16/21 0:00,0.693529026,Analyzed,50,
2021-12-17T07:00:00Z,12/17/21 0:00,0.732571189,Analyzed,50,
2021-12-18T07:00:00Z,12/18/21 0:00,0.688764784,Analyzed,50,
2021-12-19T07:00:00Z,12/19/21 0:00,0.565684734,Analyzed,50,
2021-12-20T07:00:00Z,12/20/21 0:00,0.662103222,Analyzed,50,
2021-12-21T07:00:00Z,12/21/21 0:00,0.805096731,Analyzed,50,
2021-12-22T07:00:00Z,12/22/21 0:00,0.66529349,Analyzed,50,
2021-12-23T07:00:00Z,12/23/21 0:00,0.606240903,Analyzed,50,
2021-12-24T07:00:00Z,12/24/21 0:00,0.646449311,Analyzed,50,
2021-12-25T07:00:00Z,12/25/21 0:00,0.545282681,Analyzed,50,
2021-12-26T07:00:00Z,12/26/21 0:00,0.442784631,Analyzed,50,
2021-12-27T07:00:00Z,12/27/21 0:00,0.385596804,Analyzed,50,
2021-12-28T07:00:00Z,12/28/21 0:00,0.39948442,Analyzed,50,
2021-12-29T07:00:00Z,12/29/21 0:00,0.314042291,Analyzed,50,
2021-12-30T07:00:00Z,12/30/21 0:00,0.427327347,Analyzed,50,
2021-12-31T07:00:00Z,12/31/21 0:00,0.402516894,Analyzed,50,
2022-01-01T07:00:00Z,1/1/22 0:00,0.311298264,Analyzed,50,
2022-01-02T07:00:00Z,1/2/22 0:00,0.300908923,Analyzed,50,
2022-01-03T07:00:00Z,1/3/22 0:00,0.29949432,Analyzed,50,
2022-01-04T07:00:00Z,1/4/22 0:00,0.294910442,Analyzed,50,
2022-01-05T07:00:00Z,1/5/22 0:00,0.22025713,Analyzed,50,
2022-01-06T07:00:00Z,1/6/22 0:00,0.165365327,Analyzed,50,
2022-01-07T07:00:00Z,1/7/22 0:00,0.162247242,Analyzed,50,
2022-01-08T07:00:00Z,1/8/22 0:00,0.133510491,Analyzed,50,
2022-01-09T07:00:00Z,1/9/22 0:00,0.101174154,Analyzed,50,
2022-01-10T07:00:00Z,1/10/22 0:00,0.092896872,Analyzed,50,
2022-01-11T07:00:00Z,1/11/22 0:00,0.092918396,Analyzed,50,
2022-01-12T07:00:00Z,1/12/22 0:00,0.086926352,Analyzed,50,
2022-01-13T07:00:00Z,1/13/22 0:00,0.094136137,Analyzed,50,
2022-01-14T07:00:00Z,1/14/22 0:00,0.105503308,Analyzed,50,
2022-01-15T07:00:00Z,1/15/22 0:00,0.109179077,Analyzed,50,
2022-01-16T07:00:00Z,1/16/22 0:00,0.105284901,Analyzed,50,
2022-01-17T07:00:00Z,1/17/22 0:00,0.102123696,Analyzed,50,
2022-01-18T07:00:00Z,1/18/22 0:00,0.109275304,Analyzed,50,
2022-01-19T07:00:00Z,1/19/22 0:00,0.11711726,Analyzed,50,
2022-01-20T07:00:00Z,1/20/22 0:00,0.136297554,Analyzed,50,
2022-01-21T07:00:00Z,1/21/22 0:00,0.135718688,Analyzed,50,
2022-01-22T07:00:00Z,1/22/22 0:00,0.135090933,Analyzed,50,
2022-01-23T07:00:00Z,1/23/22 0:00,0.132169309,Analyzed,50,
2022-01-24T07:00:00Z,1/24/22 0:00,0.130884275,Analyzed,50,
2022-01-25T07:00:00Z,1/25/22 0:00,0.131339082,Analyzed,50,
2022-01-26T07:00:00Z,1/26/22 0:00,0.137839649,Analyzed,50,
2022-01-27T07:00:00Z,1/27/22 0:00,0.13805497,Analyzed,50,
2022-01-28T07:00:00Z,1/28/22 0:00,0.126546984,Analyzed,50,
2022-01-29T07:00:00Z,1/29/22 0:00,0.103434034,Analyzed,50,
2022-01-30T07:00:00Z,1/30/22 0:00,0.095305338,Analyzed,50,
2022-01-31T07:00:00Z,1/31/22 0:00,0.102748036,Analyzed,50,
2022-02-01T07:00:00Z,2/1/22 0:00,0.094280148,Analyzed,50,
2022-02-02T07:00:00Z,2/2/22 0:00,0.099415765,Analyzed,50,
2022-02-03T07:00:00Z,2/3/22 0:00,0.093189663,Analyzed,50,
2022-02-04T07:00:00Z,2/4/22 0:00,0.085626178,Analyzed,50,
2022-02-05T07:00:00Z,2/5/22 0:00,0.077461667,Analyzed,50,
2022-02-06T07:00:00Z,2/6/22 0:00,0.059072071,Analyzed,50,
2022-02-07T07:00:00Z,2/7/22 0:00,0.062865469,Analyzed,50,
2022-02-08T07:00:00Z,2/8/22 0:00,0.056784312,Analyzed,50,
2022-02-09T07:00:00Z,2/9/22 0:00,0.048567348,Analyzed,50,
2022-02-10T07:00:00Z,2/10/22 0:00,0.059909079,Analyzed,50,
2022-02-11T07:00:00Z,2/11/22 0:00,0.066987676,Analyzed,50,
2022-02-12T07:00:00Z,2/12/22 0:00,0.066312048,Analyzed,50,
2022-02-13T07:00:00Z,2/13/22 0:00,0.073086209,Analyzed,50,
2022-02-14T07:00:00Z,2/14/22 0:00,0.069161415,Analyzed,50,
2022-02-15T07:00:00Z,2/15/22 0:00,0.078005472,Analyzed,50,
2022-02-16T07:00:00Z,2/16/22 0:00,0.08657307,Analyzed,50,
2022-02-17T07:00:00Z,2/17/22 0:00,0.085738295,Analyzed,50,
2022-02-18T07:00:00Z,2/18/22 0:00,0.098002969,Analyzed,50,
2022-02-19T07:00:00Z,2/19/22 0:00,0.072093012,Analyzed,50,
2022-02-20T07:00:00Z,2/20/22 0:00,0.052120314,Analyzed,50,
2022-02-21T07:00:00Z,2/21/22 0:00,0.066169209,Analyzed,50,
2022-02-22T07:00:00Z,2/22/22 0:00,0.087960137,Analyzed,50,
2022-02-23T07:00:00Z,2/23/22 0:00,0.102884717,Analyzed,50,
2022-02-24T07:00:00Z,2/24/22 0:00,0.101053233,Analyzed,50,
2022-02-25T07:00:00Z,2/25/22 0:00,0.100882427,Analyzed,50,
2022-02-26T07:00:00Z,2/26/22 0:00,0.074688382,Analyzed,50,
2022-02-27T07:00:00Z,2/27/22 0:00,0.050007185,Analyzed,50,
2022-02-28T07:00:00Z,2/28/22 0:00,0.047491921,Analyzed,50,
2022-03-01T07:00:00Z,3/1/22 0:00,0.049100346,Analyzed,50,
2022-03-02T07:00:00Z,3/2/22 0:00,0.058110661,Analyzed,50,
2022-03-03T07:00:00Z,3/3/22 0:00,0.092561087,Analyzed,50,
2022-03-04T07:00:00Z,3/4/22 0:00,0.120904608,Analyzed,50,
2022-03-05T07:00:00Z,3/5/22 0:00,0.152098445,Analyzed,50,
2022-03-06T07:00:00Z,3/6/22 0:00,0.164924099,Analyzed,50,
2022-03-07T07:00:00Z,3/7/22 0:00,0.175348297,Analyzed,50,
2022-03-08T07:00:00Z,3/8/22 0:00,0.144090218,Analyzed,50,
2022-03-09T07:00:00Z,3/9/22 0:00,0.103625081,Analyzed,50,
2022-03-10T07:00:00Z,3/10/22 0:00,0.099196638,Analyzed,50,
2022-03-11T07:00:00Z,3/11/22 0:00,0.112429741,Analyzed,50,
2022-03-12T07:00:00Z,3/12/22 0:00,0.085032569,Analyzed,50,
2022-03-13T07:00:00Z,3/13/22 0:00,0.038885754,Analyzed,50,
2022-03-14T07:00:00Z,3/14/22 0:00,0.039740774,Analyzed,50,
2022-03-15T07:00:00Z,3/15/22 0:00,0.07826074,Analyzed,50,
2022-03-16T07:00:00Z,3/16/22 0:00,0.09525585,Analyzed,50,
2022-03-17T07:00:00Z,3/17/22 0:00,0.138124473,Analyzed,50,
2022-03-29T07:00:00Z,3/29/22 0:00,0.587834995,Analyzed,50,
2022-03-30T07:00:00Z,3/30/22 0:00,0.779387581,Analyzed,50,
2022-03-31T07:00:00Z,3/31/22 0:00,0.558045919,Analyzed,50,
2022-04-01T07:00:00Z,4/1/22 0:00,0.513658203,Analyzed,50,
2022-04-02T07:00:00Z,4/2/22 0:00,0.871942251,Analyzed,50,
2022-04-21T07:00:00Z,4/21/22 0:00,0.951970114,Analyzed,50,
2022-04-22T07:00:00Z,4/22/22 0:00,1.424039017,Analyzed,50,
2022-04-23T07:00:00Z,4/23/22 0:00,2.145442316,Analyzed,50,
2022-04-24T07:00:00Z,4/24/22 0:00,1.746158188,Analyzed,50,
2022-04-25T07:00:00Z,4/25/22 0:00,1.33392067,Analyzed,50,
2022-04-26T07:00:00Z,4/26/22 0:00,1.191345233,Analyzed,50,
2022-04-27T07:00:00Z,4/27/22 0:00,0.964347438,Analyzed,50,
2022-04-28T07:00:00Z,4/28/22 0:00,0.925246566,Analyzed,50,
2022-04-29T07:00:00Z,4/29/22 0:00,1.110366384,Analyzed,50,
2022-04-30T07:00:00Z,4/30/22 0:00,1.376009358,Analyzed,50,
2022-05-01T07:00:00Z,5/1/22 0:00,1.811082213,Analyzed,50,
2022-05-02T07:00:00Z,5/2/22 0:00,2.450804455,Analyzed,50,
2022-05-03T07:00:00Z,5/3/22 0:00,1.755875465,Analyzed,50,
2022-05-04T07:00:00Z,5/4/22 0:00,1.061350606,Analyzed,50,
2022-05-05T07:00:00Z,5/5/22 0:00,0.999828113,Analyzed,50,
2022-05-06T07:00:00Z,5/6/22 0:00,0.894252705,Analyzed,50,
2022-05-07T07:00:00Z,5/7/22 0:00,1.353189244,Analyzed,50,
2022-05-08T07:00:00Z,5/8/22 0:00,1.896223316,Analyzed,50,
2022-05-09T07:00:00Z,5/9/22 0:00,1.437042531,Analyzed,50,
2022-05-10T07:00:00Z,5/10/22 0:00,1.128979321,Analyzed,50,
2022-05-11T07:00:00Z,5/11/22 0:00,1.822168795,Analyzed,50,
2022-05-12T07:00:00Z,5/12/22 0:00,2.523041625,Analyzed,50,
2022-05-13T07:00:00Z,5/13/22 0:00,1.987039486,Analyzed,50,
2022-05-14T07:00:00Z,5/14/22 0:00,1.227073328,Analyzed,50,
2022-05-15T07:00:00Z,5/15/22 0:00,1.287459955,Analyzed,50,
2022-05-16T07:00:00Z,5/16/22 0:00,2.115823128,Analyzed,50,
2022-05-17T07:00:00Z,5/17/22 0:00,2.830817226,Analyzed,50,
2022-05-18T07:00:00Z,5/18/22 0:00,2.366220826,Analyzed,50,
2022-05-19T07:00:00Z,5/19/22 0:00,2.580521719,Analyzed,50,
2022-05-20T07:00:00Z,5/20/22 0:00,1.539527142,Analyzed,50,
2022-05-21T07:00:00Z,5/21/22 0:00,0.914288722,Analyzed,50,
2022-05-22T07:00:00Z,5/22/22 0:00,1.15207568,Analyzed,50,
2022-05-23T07:00:00Z,5/23/22 0:00,1.616787981,Analyzed,50,
2022-05-24T07:00:00Z,5/24/22 0:00,2.728603233,Analyzed,50,
2022-05-25T07:00:00Z,5/25/22 0:00,3.293880781,Analyzed,50,
2022-05-26T07:00:00Z,5/26/22 0:00,3.848581858,Analyzed,50,
2022-05-27T07:00:00Z,5/27/22 0:00,4.739761917,Analyzed,50,
2022-05-28T07:00:00Z,5/28/22 0:00,4.953395521,Analyzed,50,
2022-05-29T07:00:00Z,5/29/22 0:00,3.958901851,Analyzed,50,
2022-05-30T07:00:00Z,5/30/22 0:00,2.96026792,Analyzed,50,
2022-05-31T07:00:00Z,5/31/22 0:00,1.596244078,Analyzed,50,
2022-06-01T07:00:00Z,6/1/22 0:00,1.643940811,Analyzed,50,
2022-06-02T07:00:00Z,6/2/22 0:00,3.017560281,Analyzed,50,
2022-06-03T07:00:00Z,6/3/22 0:00,4.520683885,Analyzed,50,
2022-06-04T07:00:00Z,6/4/22 0:00,5.233419604,Analyzed,50,
2022-06-05T07:00:00Z,6/5/22 0:00,5.032250205,Analyzed,50,
2022-06-06T07:00:00Z,6/6/22 0:00,4.884483351,Analyzed,50,
2022-06-07T07:00:00Z,6/7/22 0:00,4.118636243,Analyzed,50,
2022-06-08T07:00:00Z,6/8/22 0:00,4.254782587,Analyzed,50,
2022-06-09T07:00:00Z,6/9/22 0:00,5.274505181,Analyzed,50,
2022-06-10T07:00:00Z,6/10/22 0:00,5.771242601,Analyzed,50,
2022-06-11T07:00:00Z,6/11/22 0:00,5.32246359,Analyzed,50,
2022-06-12T07:00:00Z,6/12/22 0:00,5.465786076,Analyzed,50,
2022-06-13T07:00:00Z,6/13/22 0:00,5.739531368,Analyzed,50,
2022-06-14T07:00:00Z,6/14/22 0:00,6.116456573,Analyzed,50,
2022-06-15T07:00:00Z,6/15/22 0:00,6.071334299,Analyzed,50,
2022-06-16T07:00:00Z,6/16/22 0:00,5.910572365,Analyzed,50,
2022-06-17T07:00:00Z,6/17/22 0:00,7.499319066,Analyzed,50,
2022-06-18T07:00:00Z,6/18/22 0:00,7.605531153,Analyzed,50,
2022-06-19T07:00:00Z,6/19/22 0:00,6.708079549,Analyzed,50,
2022-06-20T07:00:00Z,6/20/22 0:00,6.933944163,Analyzed,50,
2022-06-21T07:00:00Z,6/21/22 0:00,6.785535274,Analyzed,50,
2022-06-22T07:00:00Z,6/22/22 0:00,6.89473142,Analyzed,50,
2022-06-23T07:00:00Z,6/23/22 0:00,7.99971184,Analyzed,50,
2022-06-24T07:00:00Z,6/24/22 0:00,7.643390653,Analyzed,50,
2022-06-25T07:00:00Z,6/25/22 0:00,7.796503253,Analyzed,50,
2022-06-26T07:00:00Z,6/26/22 0:00,7.571457802,Analyzed,50,
2022-06-27T07:00:00Z,6/27/22 0:00,7.175042597,Analyzed,50,
2022-06-28T07:00:00Z,6/28/22 0:00,7.389238944,Analyzed,50,
2022-06-29T07:00:00Z,6/29/22 0:00,8.355177882,Analyzed,50,
2022-06-30T07:00:00Z,6/30/22 0:00,8.322807872,Analyzed,50,
2022-07-01T07:00:00Z,7/1/22 0:00,7.645294705,Analyzed,50,
2022-07-02T07:00:00Z,7/2/22 0:00,8.509317198,Analyzed,50,
2022-07-03T07:00:00Z,7/3/22 0:00,9.24352341,Analyzed,50,
2022-07-04T07:00:00Z,7/4/22 0:00,9.648770122,Analyzed,50,
2022-07-05T07:00:00Z,7/5/22 0:00,10.15279967,Analyzed,50,
2022-07-06T07:00:00Z,7/6/22 0:00,9.981024625,Analyzed,50,
2022-07-07T07:00:00Z,7/7/22 0:00,9.934459306,Analyzed,50,
2022-07-08T07:00:00Z,7/8/22 0:00,10.44958909,Analyzed,50,
2022-07-09T07:00:00Z,7/9/22 0:00,11.46573023,Analyzed,50,
2022-07-10T07:00:00Z,7/10/22 0:00,12.19155063,Analyzed,50,
2022-07-11T07:00:00Z,7/11/22 0:00,12.48630337,Analyzed,50,
2022-07-12T07:00:00Z,7/12/22 0:00,11.8171,Analyzed,50,
2022-07-13T07:00:00Z,7/13/22 0:00,12.45790146,Analyzed,50,
2022-07-14T07:00:00Z,7/14/22 0:00,11.89408361,Analyzed,50,
2022-07-15T07:00:00Z,7/15/22 0:00,11.73422361,Analyzed,50,
2022-07-16T07:00:00Z,7/16/22 0:00,12.61950976,Analyzed,50,
2022-07-17T07:00:00Z,7/17/22 0:00,12.3068525,Analyzed,50,
2022-07-18T07:00:00Z,7/18/22 0:00,12.49888285,Analyzed,50,
2022-07-19T07:00:00Z,7/19/22 0:00,12.9018926,Analyzed,50,
2022-07-20T07:00:00Z,7/20/22 0:00,12.88214611,Analyzed,50,
2022-07-21T07:00:00Z,7/21/22 0:00,12.86556958,Analyzed,50,
2022-07-22T07:00:00Z,7/22/22 0:00,13.26215639,Analyzed,50,
2022-07-23T07:00:00Z,7/23/22 0:00,13.45866115,Analyzed,50,
2022-07-24T07:00:00Z,7/24/22 0:00,12.85382469,Analyzed,50,
2022-07-25T07:00:00Z,7/25/22 0:00,12.28597878,Analyzed,50,
2022-07-26T07:00:00Z,7/26/22 0:00,12.4845824,Analyzed,50,
2022-07-27T07:00:00Z,7/27/22 0:00,12.86360635,Analyzed,50,
2022-07-28T07:00:00Z,7/28/22 0:00,13.21203306,Analyzed,50,
2022-07-29T07:00:00Z,7/29/22 0:00,12.60861854,Analyzed,50,
2022-07-30T07:00:00Z,7/30/22 0:00,11.55100625,Analyzed,50,
2022-07-31T07:00:00Z,7/31/22 0:00,11.28368646,Analyzed,50,
2022-08-01T07:00:00Z,8/1/22 0:00,10.99528111,Analyzed,50,
2022-08-02T07:00:00Z,8/2/22 0:00,11.56272158,Analyzed,50,
2022-08-03T07:00:00Z,8/3/22 0:00,12.16147115,Analyzed,50,
2022-08-04T07:00:00Z,8/4/22 0:00,12.45591931,Analyzed,50,
2022-08-05T07:00:00Z,8/5/22 0:00,13.35514108,Analyzed,50,
2022-08-06T07:00:00Z,8/6/22 0:00,13.95698181,Analyzed,50,
2022-08-07T07:00:00Z,8/7/22 0:00,14.21404747,Analyzed,50,
2022-08-08T07:00:00Z,8/8/22 0:00,14.21681344,Analyzed,50,
2022-08-09T07:00:00Z,8/9/22 0:00,14.61886872,Analyzed,50,
2022-08-10T07:00:00Z,8/10/22 0:00,14.54839667,Analyzed,50,
2022-08-11T07:00:00Z,8/11/22 0:00,14.61685663,Analyzed,50,
2022-08-12T07:00:00Z,8/12/22 0:00,14.3044767,Analyzed,50,
2022-08-13T07:00:00Z,8/13/22 0:00,14.0022692,Analyzed,50,
2022-08-14T07:00:00Z,8/14/22 0:00,14.52084983,Analyzed,50,
2022-08-15T07:00:00Z,8/15/22 0:00,14.39564076,Analyzed,50,
2022-08-16T07:00:00Z,8/16/22 0:00,13.30865097,Analyzed,50,
2022-08-17T07:00:00Z,8/17/22 0:00,12.48276615,Analyzed,50,
2022-08-18T07:00:00Z,8/18/22 0:00,12.44076622,Analyzed,50,
2022-08-19T07:00:00Z,8/19/22 0:00,12.69754045,Analyzed,50,
2022-08-20T07:00:00Z,8/20/22 0:00,12.01344462,Analyzed,50,
2022-08-21T07:00:00Z,8/21/22 0:00,11.50962486,Analyzed,50,
2022-08-22T07:00:00Z,8/22/22 0:00,11.29190524,Analyzed,50,
2022-08-23T07:00:00Z,8/23/22 0:00,11.72841087,Analyzed,50,
2022-08-24T07:00:00Z,8/24/22 0:00,12.02810236,Analyzed,50,
2022-08-25T07:00:00Z,8/25/22 0:00,11.74587351,Analyzed,50,
2022-08-26T07:00:00Z,8/26/22 0:00,11.38752899,Analyzed,50,
2022-08-27T07:00:00Z,8/27/22 0:00,10.76675667,Analyzed,50,
2022-08-28T07:00:00Z,8/28/22 0:00,10.36282343,Analyzed,50,
2022-08-29T07:00:00Z,8/29/22 0:00,10.01760179,Analyzed,50,
2022-08-30T07:00:00Z,8/30/22 0:00,10.29844912,Analyzed,50,
2022-08-31T07:00:00Z,8/31/22 0:00,11.89383656,Analyzed,50,
2022-09-01T07:00:00Z,9/1/22 0:00,12.68296764,Analyzed,50,
2022-09-02T07:00:00Z,9/2/22 0:00,12.35226611,Analyzed,50,
2022-09-03T07:00:00Z,9/3/22 0:00,12.08863778,Analyzed,50,
2022-09-04T07:00:00Z,9/4/22 0:00,12.48217993,Analyzed,50,
2022-09-05T07:00:00Z,9/5/22 0:00,13.51095135,Analyzed,50,
2022-09-06T07:00:00Z,9/6/22 0:00,13.49701368,Analyzed,50,
2022-09-07T07:00:00Z,9/7/22 0:00,13.58722691,Analyzed,50,
2022-09-08T07:00:00Z,9/8/22 0:00,14.03535896,Analyzed,50,
2022-09-09T07:00:00Z,9/9/22 0:00,13.76074184,Analyzed,50,
2022-09-10T07:00:00Z,9/10/22 0:00,12.3166576,Analyzed,50,
2022-09-11T07:00:00Z,9/11/22 0:00,10.39052526,Analyzed,50,
2022-09-12T07:00:00Z,9/12/22 0:00,9.415662493,Analyzed,50,
2022-09-13T07:00:00Z,9/13/22 0:00,10.26019665,Analyzed,50,
2022-09-14T07:00:00Z,9/14/22 0:00,10.55480101,Analyzed,50,
2022-09-15T07:00:00Z,9/15/22 0:00,10.11037916,Analyzed,50,
2022-09-16T07:00:00Z,9/16/22 0:00,9.25738949,Analyzed,50,
2022-09-17T07:00:00Z,9/17/22 0:00,7.927826819,Analyzed,50,
2022-09-18T07:00:00Z,9/18/22 0:00,8.015687552,Analyzed,50,
2022-09-19T07:00:00Z,9/19/22 0:00,9.022042372,Analyzed,50,
2022-09-20T07:00:00Z,9/20/22 0:00,9.630717431,Analyzed,50,
2022-09-21T07:00:00Z,9/21/22 0:00,10.21376339,Analyzed,50,
2022-09-22T07:00:00Z,9/22/22 0:00,9.733744878,Analyzed,50,
2022-09-23T07:00:00Z,9/23/22 0:00,9.025331632,Analyzed,50,
2022-09-24T07:00:00Z,9/24/22 0:00,7.74651466,Analyzed,50,
2022-09-25T07:00:00Z,9/25/22 0:00,6.905414688,Analyzed,50,
2022-09-26T07:00:00Z,9/26/22 0:00,7.883592837,Analyzed,50,
2022-09-27T07:00:00Z,9/27/22 0:00,9.120777299,Analyzed,50,
2022-09-28T07:00:00Z,9/28/22 0:00,9.526392045,Analyzed,50,
2022-09-29T07:00:00Z,9/29/22 0:00,9.462219962,Analyzed,50,
2022-09-30T07:00:00Z,9/30/22 0:00,8.880603726,Analyzed,50,
2022-10-01T07:00:00Z,10/1/22 0:00,7.88709975,Analyzed,50,
2022-10-02T07:00:00Z,10/2/22 0:00,7.082013455,Analyzed,50,
2022-10-03T07:00:00Z,10/3/22 0:00,6.497570851,Analyzed,50,
2022-10-04T07:00:00Z,10/4/22 0:00,6.134354594,Analyzed,50,
2022-10-05T07:00:00Z,10/5/22 0:00,5.760789771,Analyzed,50,
2022-10-06T07:00:00Z,10/6/22 0:00,5.909841434,Analyzed,50,
2022-10-07T07:00:00Z,10/7/22 0:00,6.333617431,Analyzed,50,
2022-10-08T07:00:00Z,10/8/22 0:00,6.282026594,Analyzed,50,
2022-10-09T07:00:00Z,10/9/22 0:00,5.881254014,Analyzed,50,
2022-10-10T07:00:00Z,10/10/22 0:00,5.745350417,Analyzed,50,
2022-10-11T07:00:00Z,10/11/22 0:00,5.627475847,Analyzed,50,
2022-10-12T07:00:00Z,10/12/22 0:00,3.735431042,Analyzed,50,
2022-10-13T07:00:00Z,10/13/22 0:00,2.998842253,Analyzed,50,
2022-10-14T07:00:00Z,10/14/22 0:00,3.239953378,Analyzed,50,
2022-10-15T07:00:00Z,10/15/22 0:00,2.931729087,Analyzed,50,
2022-10-16T07:00:00Z,10/16/22 0:00,2.980034229,Analyzed,50,
2022-10-17T07:00:00Z,10/17/22 0:00,4.036374278,Analyzed,50,
2022-10-18T07:00:00Z,10/18/22 0:00,4.115937646,Analyzed,50,
2022-10-19T07:00:00Z,10/19/22 0:00,4.011076007,Analyzed,50,
2022-10-20T07:00:00Z,10/20/22 0:00,4.149140757,Analyzed,50,
2022-10-21T07:00:00Z,10/21/22 0:00,3.668297337,Analyzed,50,
2022-10-22T07:00:00Z,10/22/22 0:00,2.696600705,Analyzed,50,
2022-10-23T07:00:00Z,10/23/22 0:00,1.467119924,Analyzed,50,
2022-10-24T07:00:00Z,10/24/22 0:00,1.010902448,Analyzed,50,
2022-10-25T07:00:00Z,10/25/22 0:00,0.125354555,Analyzed,50,
2022-10-26T07:00:00Z,10/26/22 0:00,0.460407468,Analyzed,50,
2022-10-27T07:00:00Z,10/27/22 0:00,0.768215494,Analyzed,50,
2022-10-28T07:00:00Z,10/28/22 0:00,0.81835713,Analyzed,50,
2022-10-29T07:00:00Z,10/29/22 0:00,0.867684905,Analyzed,50,
2022-10-30T07:00:00Z,10/30/22 0:00,1.134416508,Analyzed,50,
2022-10-31T07:00:00Z,10/31/22 0:00,1.527318354,Analyzed,50,
2022-11-01T07:00:00Z,11/1/22 0:00,1.738022146,Analyzed,50,
2022-11-02T07:00:00Z,11/2/22 0:00,2.489773087,Analyzed,50,
2022-11-03T07:00:00Z,11/3/22 0:00,2.853717191,Analyzed,50,
2022-11-04T07:00:00Z,11/4/22 0:00,2.706933285,Analyzed,50,
2022-11-05T07:00:00Z,11/5/22 0:00,1.42493766,Analyzed,50,
2022-11-06T07:00:00Z,11/6/22 0:00,1.259907586,Analyzed,50,
2022-11-07T07:00:00Z,11/7/22 0:00,2.153780139,Analyzed,50,
2022-11-08T07:00:00Z,11/8/22 0:00,2.227969024,Analyzed,50,
2022-11-09T07:00:00Z,11/9/22 0:00,2.129315701,Analyzed,50,
2022-11-10T07:00:00Z,11/10/22 0:00,1.835033622,Analyzed,50,
2022-11-11T07:00:00Z,11/11/22 0:00,1.302941181,Analyzed,50,
2022-11-12T07:00:00Z,11/12/22 0:00,0.930772978,Analyzed,50,
2022-11-13T07:00:00Z,11/13/22 0:00,1.526662522,Analyzed,50,
2022-11-14T07:00:00Z,11/14/22 0:00,1.473181191,Analyzed,50,
2022-11-15T07:00:00Z,11/15/22 0:00,1.541632462,Analyzed,50,
2022-11-16T07:00:00Z,11/16/22 0:00,1.127930972,Analyzed,50,
2022-11-17T07:00:00Z,11/17/22 0:00,0.881802257,Analyzed,50,
2022-11-18T07:00:00Z,11/18/22 0:00,0.866055451,Analyzed,50,
2022-11-19T07:00:00Z,11/19/22 0:00,0.815876043,Analyzed,50,
2022-11-20T07:00:00Z,11/20/22 0:00,0.786556457,Analyzed,50,
2022-11-21T07:00:00Z,11/21/22 0:00,0.732406288,Analyzed,50,
2022-11-22T07:00:00Z,11/22/22 0:00,1.317357906,Analyzed,50,
2022-11-23T07:00:00Z,11/23/22 0:00,1.391950986,Analyzed,50,
2022-11-24T07:00:00Z,11/24/22 0:00,1.331389813,Analyzed,50,
2022-11-25T07:00:00Z,11/25/22 0:00,1.547926698,Analyzed,50,
2022-11-26T07:00:00Z,11/26/22 0:00,1.622391378,Analyzed,50,
2022-11-27T07:00:00Z,11/27/22 0:00,1.566264274,Analyzed,50,
2022-11-28T07:00:00Z,11/28/22 0:00,0.92746586,Analyzed,50,
2022-11-29T07:00:00Z,11/29/22 0:00,1.312932294,Analyzed,50,
2022-11-30T07:00:00Z,11/30/22 0:00,0.898840262,Analyzed,50,
2022-12-01T07:00:00Z,12/1/22 0:00,0.603811048,Analyzed,50,
2022-12-02T07:00:00Z,12/2/22 0:00,0.943877546,Analyzed,50,
2022-12-03T07:00:00Z,12/3/22 0:00,0.978007365,Analyzed,50,
2022-12-04T07:00:00Z,12/4/22 0:00,0.739522933,Analyzed,50,
2022-12-05T07:00:00Z,12/5/22 0:00,0.681130094,Analyzed,50,
2022-12-06T07:00:00Z,12/6/22 0:00,0.655325677,Analyzed,50,
2022-12-07T07:00:00Z,12/7/22 0:00,0.648300275,Analyzed,50,
2022-12-08T07:00:00Z,12/8/22 0:00,0.460013708,Analyzed,50,
2022-12-09T07:00:00Z,12/9/22 0:00,0.285489503,Analyzed,50,
2022-12-10T07:00:00Z,12/10/22 0:00,0.456767198,Analyzed,50,
2022-12-11T07:00:00Z,12/11/22 0:00,0.613041667,Analyzed,50,
2022-12-12T07:00:00Z,12/12/22 0:00,0.712270833,Analyzed,50,
2022-12-13T07:00:00Z,12/13/22 0:00,0.765041667,Analyzed,50,
2022-12-14T07:00:00Z,12/14/22 0:00,0.567291667,Analyzed,50,
2022-12-15T07:00:00Z,12/15/22 0:00,0.507770833,Analyzed,50,
2022-12-16T07:00:00Z,12/16/22 0:00,0.497770833,Analyzed,50,
2022-12-17T07:00:00Z,12/17/22 0:00,0.508020833,Analyzed,50,
2022-12-18T07:00:00Z,12/18/22 0:00,0.498791667,Analyzed,50,
2022-12-19T07:00:00Z,12/19/22 0:00,0.553895833,Analyzed,50,
2022-12-20T07:00:00Z,12/20/22 0:00,0.603229167,Analyzed,50,
2022-12-21T07:00:00Z,12/21/22 0:00,0.570729167,Analyzed,50,
2022-12-22T07:00:00Z,12/22/22 0:00,0.496395833,Analyzed,50,
2022-12-24T07:00:00Z,12/24/22 0:00,0.3114375,Analyzed,50,
2022-12-25T07:00:00Z,12/25/22 0:00,0.2699375,Analyzed,50,
2022-12-26T07:00:00Z,12/26/22 0:00,0.270791667,Analyzed,50,
2022-12-28T07:00:00Z,12/28/22 0:00,0.25625,Analyzed,50,
2022-12-29T07:00:00Z,12/29/22 0:00,0.2716875,Analyzed,50,
2022-12-30T07:00:00Z,12/30/22 0:00,0.2714375,Analyzed,50,
2022-12-31T07:00:00Z,12/31/22 0:00,0.257416667,Analyzed,50,
2023-01-01T07:00:00Z,1/1/23 0:00,0.254479167,Analyzed,50,
2023-01-02T07:00:00Z,1/2/23 0:00,0.2566875,Analyzed,50,
2023-01-03T07:00:00Z,1/3/23 0:00,0.271333333,Analyzed,50,
2023-01-04T07:00:00Z,1/4/23 0:00,0.215479167,Analyzed,50,
2023-01-05T07:00:00Z,1/5/23 0:00,0.193416667,Analyzed,50,
2023-01-06T07:00:00Z,1/6/23 0:00,0.1629375,Analyzed,50,
2023-01-07T07:00:00Z,1/7/23 0:00,0.169854167,Analyzed,50,
2023-01-08T07:00:00Z,1/8/23 0:00,0.172604167,Analyzed,50,
2023-01-09T07:00:00Z,1/9/23 0:00,0.1778125,Analyzed,50,
2023-01-10T07:00:00Z,1/10/23 0:00,0.189354167,Analyzed,50,
2023-01-11T07:00:00Z,1/11/23 0:00,0.169395833,Analyzed,50,
2023-01-12T07:00:00Z,1/12/23 0:00,0.172458333,Analyzed,50,
2023-01-13T07:00:00Z,1/13/23 0:00,0.212708333,Analyzed,50,
2023-01-14T07:00:00Z,1/14/23 0:00,0.235145833,Analyzed,50,
2023-01-15T07:00:00Z,1/15/23 0:00,0.262895833,Analyzed,50,
2023-01-16T07:00:00Z,1/16/23 0:00,0.255916667,Analyzed,50,
2023-01-17T07:00:00Z,1/17/23 0:00,0.247083333,Analyzed,50,
2023-01-18T07:00:00Z,1/18/23 0:00,0.243104167,Analyzed,50,
2023-01-19T07:00:00Z,1/19/23 0:00,0.268291667,Analyzed,50,
2023-01-20T07:00:00Z,1/20/23 0:00,0.246827249,Analyzed,50,
2023-01-21T07:00:00Z,1/21/23 0:00,0.268879358,Analyzed,50,
2023-01-22T07:00:00Z,1/22/23 0:00,0.272692674,Analyzed,50,
2023-01-23T07:00:00Z,1/23/23 0:00,0.239950698,Analyzed,50,
2023-01-24T07:00:00Z,1/24/23 0:00,0.239851628,Analyzed,50,
2023-01-25T07:00:00Z,1/25/23 0:00,0.210609118,Analyzed,50,
2023-01-26T07:00:00Z,1/26/23 0:00,0.22714476,Analyzed,50,
2023-01-27T07:00:00Z,1/27/23 0:00,0.191598564,Analyzed,50,
2023-01-28T07:00:00Z,1/28/23 0:00,0.203563146,Analyzed,50,
2023-01-29T07:00:00Z,1/29/23 0:00,0.189619593,Analyzed,50,
2023-01-30T07:00:00Z,1/30/23 0:00,0.138500115,Analyzed,50,
2023-01-31T07:00:00Z,1/31/23 0:00,0.132112081,Analyzed,50,
2023-02-01T07:00:00Z,2/1/23 0:00,0.156515444,Analyzed,50,
2023-02-02T07:00:00Z,2/2/23 0:00,0.142901312,Analyzed,50,
2023-02-03T07:00:00Z,2/3/23 0:00,0.122525433,Analyzed,50,
2023-02-04T07:00:00Z,2/4/23 0:00,0.114509693,Analyzed,50,
2023-02-05T07:00:00Z,2/5/23 0:00,0.107084379,Analyzed,50,
2023-02-06T07:00:00Z,2/6/23 0:00,0.104728904,Analyzed,50,
2023-02-07T07:00:00Z,2/7/23 0:00,0.129499969,Analyzed,50,
2023-02-08T07:00:00Z,2/8/23 0:00,0.135471561,Analyzed,50,
2023-02-09T07:00:00Z,2/9/23 0:00,0.123246722,Analyzed,50,
2023-02-10T07:00:00Z,2/10/23 0:00,0.14547688,Analyzed,50,
2023-02-11T07:00:00Z,2/11/23 0:00,0.123532615,Analyzed,50,
2023-02-12T07:00:00Z,2/12/23 0:00,0.141702011,Analyzed,50,
2023-02-13T07:00:00Z,2/13/23 0:00,0.145958897,Analyzed,50,
2023-02-14T07:00:00Z,2/14/23 0:00,0.161034898,Analyzed,50,
2023-02-15T07:00:00Z,2/15/23 0:00,0.149371048,Analyzed,50,
2023-02-16T07:00:00Z,2/16/23 0:00,0.11505392,Analyzed,50,
2023-02-17T07:00:00Z,2/17/23 0:00,0.053936641,Analyzed,50,
2023-02-18T07:00:00Z,2/18/23 0:00,0.054429902,Analyzed,50,
2023-02-19T07:00:00Z,2/19/23 0:00,0.063099967,Analyzed,50,
2023-02-20T07:00:00Z,2/20/23 0:00,0.101033316,Analyzed,50,
2023-02-21T07:00:00Z,2/21/23 0:00,0.015794436,Analyzed,50,
2023-02-22T07:00:00Z,2/22/23 0:00,0.010334015,Analyzed,50,
2023-02-23T07:00:00Z,2/23/23 0:00,0.060651567,Analyzed,50,
2023-02-24T07:00:00Z,2/24/23 0:00,0.115345323,Analyzed,50,
2023-02-25T07:00:00Z,2/25/23 0:00,0.113085332,Analyzed,50,
2023-02-26T07:00:00Z,2/26/23 0:00,0.103378829,Analyzed,50,
2023-02-27T07:00:00Z,2/27/23 0:00,0.084624398,Analyzed,50,
2023-02-28T07:00:00Z,2/28/23 0:00,0.067478285,Analyzed,50,
2023-03-01T07:00:00Z,3/1/23 0:00,0.034947289,Analyzed,50,
2023-03-02T07:00:00Z,3/2/23 0:00,0.022477892,Analyzed,50,
2023-03-03T07:00:00Z,3/3/23 0:00,0.003287951,Analyzed,50,
2023-03-04T07:00:00Z,3/4/23 0:00,0.003600015,Analyzed,50,
2023-03-05T07:00:00Z,3/5/23 0:00,0.008896934,Analyzed,50,
2023-03-06T07:00:00Z,3/6/23 0:00,0.0243099,Analyzed,50,
2023-03-07T07:00:00Z,3/7/23 0:00,0.037778007,Analyzed,50,
2023-03-08T07:00:00Z,3/8/23 0:00,0.021237903,Analyzed,50,
2023-03-09T07:00:00Z,3/9/23 0:00,0.015254763,Analyzed,50,
2023-03-10T07:00:00Z,3/10/23 0:00,0.002271122,Analyzed,50,
2023-03-11T07:00:00Z,3/11/23 0:00,0,Analyzed,50,
2023-03-12T07:00:00Z,3/12/23 0:00,0.008603414,Analyzed,50,
2023-03-13T07:00:00Z,3/13/23 0:00,0.037583245,Analyzed,50,
2023-03-14T07:00:00Z,3/14/23 0:00,0.03484122,Analyzed,50,
2023-03-15T07:00:00Z,3/15/23 0:00,0.028457218,Analyzed,50,
2023-03-16T07:00:00Z,3/16/23 0:00,0.027289496,Analyzed,50,
2023-03-17T07:00:00Z,3/17/23 0:00,0.046176168,Analyzed,50,
2023-03-18T07:00:00Z,3/18/23 0:00,0.047434701,Analyzed,50,
2023-03-19T07:00:00Z,3/19/23 0:00,0.035230742,Analyzed,50,
2023-03-20T07:00:00Z,3/20/23 0:00,0.007364591,Analyzed,50,
2023-03-21T07:00:00Z,3/21/23 0:00,0.030313916,Analyzed,50,
2023-03-22T07:00:00Z,3/22/23 0:00,0.040505938,Analyzed,50,
2023-03-23T07:00:00Z,3/23/23 0:00,0.041092556,Analyzed,50,
2023-03-24T07:00:00Z,3/24/23 0:00,0.078848309,Analyzed,50,
2023-03-25T07:00:00Z,3/25/23 0:00,0.061484549,Analyzed,50,
2023-03-26T07:00:00Z,3/26/23 0:00,0.030879232,Analyzed,50,
2023-03-27T07:00:00Z,3/27/23 0:00,0.032473776,Analyzed,50,
2023-03-28T07:00:00Z,3/28/23 0:00,0.043406593,Analyzed,50,
2023-03-29T07:00:00Z,3/29/23 0:00,0.034369363,Analyzed,50,
2023-03-30T07:00:00Z,3/30/23 0:00,0.031690174,Analyzed,50,
2023-03-31T07:00:00Z,3/31/23 0:00,0.062438542,Analyzed,50,
2023-04-01T07:00:00Z,4/1/23 0:00,0.09835254,Analyzed,50,
2023-04-02T07:00:00Z,4/2/23 0:00,0.054938423,Analyzed,50,
2023-04-03T07:00:00Z,4/3/23 0:00,0.080179744,Analyzed,50,
2023-04-04T07:00:00Z,4/4/23 0:00,0.128702165,Analyzed,50,
2023-04-05T07:00:00Z,4/5/23 0:00,0.177075483,Analyzed,50,
2023-04-06T07:00:00Z,4/6/23 0:00,0.211271815,Analyzed,50,
2023-04-07T07:00:00Z,4/7/23 0:00,0.149309372,Analyzed,50,
2023-04-08T07:00:00Z,4/8/23 0:00,0.097365911,Analyzed,50,
2023-04-09T07:00:00Z,4/9/23 0:00,0.07479191,Analyzed,50,
2023-04-10T07:00:00Z,4/10/23 0:00,0.062132731,Analyzed,50,
2023-04-11T07:00:00Z,4/11/23 0:00,0.059778108,Analyzed,50,
2023-04-14T07:00:00Z,4/14/23 0:00,1.57969666,Analyzed,50,
2023-04-15T07:00:00Z,4/15/23 0:00,1.799826625,Analyzed,50,
2023-04-16T07:00:00Z,4/16/23 0:00,0.990820154,Analyzed,50,
2023-04-17T07:00:00Z,4/17/23 0:00,0.900772319,Analyzed,50,
2023-04-18T07:00:00Z,4/18/23 0:00,1.465399656,Analyzed,50,
2023-04-19T07:00:00Z,4/19/23 0:00,2.070431163,Analyzed,50,
2023-04-20T07:00:00Z,4/20/23 0:00,2.232331559,Analyzed,50,
2023-04-21T07:00:00Z,4/21/23 0:00,1.511570108,Analyzed,50,
2023-04-22T07:00:00Z,4/22/23 0:00,1.083498676,Analyzed,50,
2023-04-23T07:00:00Z,4/23/23 0:00,1.089682745,Analyzed,50,
2023-04-24T07:00:00Z,4/24/23 0:00,0.952593819,Analyzed,50,
2023-04-25T07:00:00Z,4/25/23 0:00,0.861383218,Analyzed,50,
2023-04-26T07:00:00Z,4/26/23 0:00,0.855884542,Analyzed,50,
2023-04-27T07:00:00Z,4/27/23 0:00,0.925095021,Analyzed,50,
2023-04-28T07:00:00Z,4/28/23 0:00,0.795230643,Analyzed,50,
2023-04-29T07:00:00Z,4/29/23 0:00,0.949181224,Analyzed,50,
2023-04-30T07:00:00Z,4/30/23 0:00,0.87740496,Analyzed,50,
2023-05-01T07:00:00Z,5/1/23 0:00,1.191569664,Analyzed,50,
2023-05-02T07:00:00Z,5/2/23 0:00,1.736137135,Analyzed,50,
2023-05-03T07:00:00Z,5/3/23 0:00,2.330696212,Analyzed,50,
2023-05-04T07:00:00Z,5/4/23 0:00,2.451350958,Analyzed,50,
2023-05-05T07:00:00Z,5/5/23 0:00,2.462712823,Analyzed,50,
2023-05-06T07:00:00Z,5/6/23 0:00,2.009818205,Analyzed,50,
2023-05-07T07:00:00Z,5/7/23 0:00,1.562072625,Analyzed,50,
2023-05-08T07:00:00Z,5/8/23 0:00,1.681156854,Analyzed,50,
2023-05-09T07:00:00Z,5/9/23 0:00,1.653269551,Analyzed,50,
2023-05-10T07:00:00Z,5/10/23 0:00,2.930704302,Analyzed,50,
2023-05-11T07:00:00Z,5/11/23 0:00,3.117674066,Analyzed,50,
2023-05-12T07:00:00Z,5/12/23 0:00,2.049941177,Analyzed,50,
2023-05-13T07:00:00Z,5/13/23 0:00,1.532267566,Analyzed,50,
2023-05-14T07:00:00Z,5/14/23 0:00,2.023689955,Analyzed,50,
2023-05-15T07:00:00Z,5/15/23 0:00,1.7997875,Analyzed,50,
2023-05-16T07:00:00Z,5/16/23 0:00,1.808097076,Analyzed,50,
2023-05-17T07:00:00Z,5/17/23 0:00,1.899362671,Analyzed,50,
2023-05-18T07:00:00Z,5/18/23 0:00,2.296590493,Analyzed,50,
2023-05-19T07:00:00Z,5/19/23 0:00,2.439714191,Analyzed,50,
2023-05-20T07:00:00Z,5/20/23 0:00,1.566100951,Analyzed,50,
2023-05-21T07:00:00Z,5/21/23 0:00,1.866039515,Analyzed,50,
2023-05-22T07:00:00Z,5/22/23 0:00,2.699689188,Analyzed,50,
2023-05-23T07:00:00Z,5/23/23 0:00,3.137806684,Analyzed,50,
2023-05-24T07:00:00Z,5/24/23 0:00,3.159365944,Analyzed,50,
2023-05-25T07:00:00Z,5/25/23 0:00,3.010847604,Analyzed,50,
2023-05-26T07:00:00Z,5/26/23 0:00,3.48717217,Analyzed,50,
2023-05-27T07:00:00Z,5/27/23 0:00,3.475523413,Analyzed,50,
2023-05-28T07:00:00Z,5/28/23 0:00,4.024834576,Analyzed,50,
2023-05-29T07:00:00Z,5/29/23 0:00,4.465801615,Analyzed,50,
2023-05-30T07:00:00Z,5/30/23 0:00,4.875533962,Analyzed,50,
2023-05-31T07:00:00Z,5/31/23 0:00,5.008336986,Analyzed,50,
2023-06-01T07:00:00Z,6/1/23 0:00,4.80585924,Analyzed,50,
2023-06-02T07:00:00Z,6/2/23 0:00,4.379180542,Analyzed,50,
2023-06-03T07:00:00Z,6/3/23 0:00,4.940820156,Analyzed,50,
2023-06-04T07:00:00Z,6/4/23 0:00,4.358426806,Analyzed,50,
2023-06-05T07:00:00Z,6/5/23 0:00,3.68789833,Analyzed,50,
2023-06-06T07:00:00Z,6/6/23 0:00,3.260301573,Analyzed,50,
2023-06-07T07:00:00Z,6/7/23 0:00,3.937480191,Analyzed,50,
2023-06-08T07:00:00Z,6/8/23 0:00,3.737386031,Analyzed,50,
2023-06-09T07:00:00Z,6/9/23 0:00,4.724579368,Analyzed,50,
2023-06-10T07:00:00Z,6/10/23 0:00,5.460680569,Analyzed,50,
2023-06-11T07:00:00Z,6/11/23 0:00,5.410906705,Analyzed,50,
2023-06-12T07:00:00Z,6/12/23 0:00,5.049453764,Analyzed,50,
2023-06-13T07:00:00Z,6/13/23 0:00,4.707692781,Analyzed,50,
2023-06-14T07:00:00Z,6/14/23 0:00,4.043854361,Analyzed,50,
2023-06-15T07:00:00Z,6/15/23 0:00,4.993437979,Analyzed,50,
2023-06-16T07:00:00Z,6/16/23 0:00,5.553422528,Analyzed,50,
2023-06-17T07:00:00Z,6/17/23 0:00,4.942142622,Analyzed,50,
2023-06-18T07:00:00Z,6/18/23 0:00,4.284367927,Analyzed,50,
2023-06-19T07:00:00Z,6/19/23 0:00,4.26117209,Analyzed,50,
2023-06-20T07:00:00Z,6/20/23 0:00,6.156647177,Analyzed,50,
2023-06-21T07:00:00Z,6/21/23 0:00,6.423541924,Analyzed,50,
2023-06-22T07:00:00Z,6/22/23 0:00,7.163214694,Analyzed,50,
2023-06-23T07:00:00Z,6/23/23 0:00,7.681070628,Analyzed,50,
2023-06-24T07:00:00Z,6/24/23 0:00,7.972182122,Analyzed,50,
2023-06-25T07:00:00Z,6/25/23 0:00,7.62591492,Analyzed,50,
2023-06-26T07:00:00Z,6/26/23 0:00,8.22133224,Analyzed,50,
2023-06-27T07:00:00Z,6/27/23 0:00,8.814181521,Analyzed,50,
2023-06-28T07:00:00Z,6/28/23 0:00,9.043686191,Analyzed,50,
2023-06-29T07:00:00Z,6/29/23 0:00,9.207498729,Analyzed,50,
2023-06-30T07:00:00Z,6/30/23 0:00,9.414978781,Analyzed,50,
2023-07-01T07:00:00Z,7/1/23 0:00,8.86184625,Analyzed,50,
2023-07-02T07:00:00Z,7/2/23 0:00,8.649842608,Analyzed,50,
2023-07-03T07:00:00Z,7/3/23 0:00,9.734522535,Analyzed,50,
2023-07-04T07:00:00Z,7/4/23 0:00,10.23780684,Analyzed,50,
2023-07-05T07:00:00Z,7/5/23 0:00,9.652313028,Analyzed,50,
2023-07-06T07:00:00Z,7/6/23 0:00,8.782260597,Analyzed,50,
2023-07-07T07:00:00Z,7/7/23 0:00,8.951501955,Analyzed,50,
2023-07-08T07:00:00Z,7/8/23 0:00,8.649532667,Analyzed,50,
2023-07-09T07:00:00Z,7/9/23 0:00,8.676435323,Analyzed,50,
2023-07-10T07:00:00Z,7/10/23 0:00,8.93775533,Analyzed,50,
2023-07-11T07:00:00Z,7/11/23 0:00,9.439643396,Analyzed,50,
2023-07-12T07:00:00Z,7/12/23 0:00,9.904832469,Analyzed,50,
2023-07-13T07:00:00Z,7/13/23 0:00,10.69357531,Analyzed,50,
2023-07-14T07:00:00Z,7/14/23 0:00,10.90203264,Analyzed,50,
2023-07-15T07:00:00Z,7/15/23 0:00,10.76505366,Analyzed,50,
2023-07-16T07:00:00Z,7/16/23 0:00,11.33140947,Analyzed,50,
2023-07-17T07:00:00Z,7/17/23 0:00,11.29881142,Analyzed,50,
2023-07-18T07:00:00Z,7/18/23 0:00,11.84069875,Analyzed,50,
2023-07-19T07:00:00Z,7/19/23 0:00,12.11056344,Analyzed,50,
2023-07-20T07:00:00Z,7/20/23 0:00,11.78934017,Analyzed,50,
2023-07-21T07:00:00Z,7/21/23 0:00,10.8651392,Analyzed,50,
2023-07-22T07:00:00Z,7/22/23 0:00,10.75830568,Analyzed,50,
2023-07-23T07:00:00Z,7/23/23 0:00,11.56116641,Analyzed,50,
2023-07-24T07:00:00Z,7/24/23 0:00,12.16303219,Analyzed,50,
2023-07-25T07:00:00Z,7/25/23 0:00,12.18217851,Analyzed,50,
2023-07-26T07:00:00Z,7/26/23 0:00,11.93717003,Analyzed,50,
2023-07-27T07:00:00Z,7/27/23 0:00,11.42053226,Analyzed,50,
2023-07-28T07:00:00Z,7/28/23 0:00,11.19438902,Analyzed,50,
2023-07-29T07:00:00Z,7/29/23 0:00,11.83812587,Analyzed,50,
2023-07-30T07:00:00Z,7/30/23 0:00,12.0079324,Analyzed,50,
2023-07-31T07:00:00Z,7/31/23 0:00,12.30270424,Analyzed,50,
2023-08-01T07:00:00Z,8/1/23 0:00,12.15520809,Analyzed,50,
2023-08-02T07:00:00Z,8/2/23 0:00,12.38556031,Analyzed,50,
2023-08-03T07:00:00Z,8/3/23 0:00,11.8846224,Analyzed,50,
2023-08-04T07:00:00Z,8/4/23 0:00,12.1556442,Analyzed,50,
2023-08-05T07:00:00Z,8/5/23 0:00,11.87650458,Analyzed,50,
2023-08-06T07:00:00Z,8/6/23 0:00,11.39330399,Analyzed,50,
2023-08-07T07:00:00Z,8/7/23 0:00,10.58630439,Analyzed,50,
2023-08-08T07:00:00Z,8/8/23 0:00,9.695293882,Analyzed,50,
2023-08-09T07:00:00Z,8/9/23 0:00,10.1144882,Analyzed,50,
2023-08-10T07:00:00Z,8/10/23 0:00,10.66011981,Analyzed,50,
2023-08-11T07:00:00Z,8/11/23 0:00,11.14063806,Analyzed,50,
2023-08-12T07:00:00Z,8/12/23 0:00,11.13175269,Analyzed,50,
2023-08-13T07:00:00Z,8/13/23 0:00,11.42882969,Analyzed,50,
2023-08-14T07:00:00Z,8/14/23 0:00,10.50872976,Analyzed,50,
2023-08-15T07:00:00Z,8/15/23 0:00,11.18363476,Analyzed,50,
2023-08-16T07:00:00Z,8/16/23 0:00,12.57943847,Analyzed,50,
2023-08-17T07:00:00Z,8/17/23 0:00,13.69822434,Analyzed,50,
2023-08-18T07:00:00Z,8/18/23 0:00,14.19722847,Analyzed,50,
2023-08-19T07:00:00Z,8/19/23 0:00,13.08420635,Analyzed,50,
2023-08-20T07:00:00Z,8/20/23 0:00,12.6572642,Analyzed,50,
2023-08-21T07:00:00Z,8/21/23 0:00,13.5235025,Analyzed,50,
2023-08-22T07:00:00Z,8/22/23 0:00,13.87925313,Analyzed,50,
2023-08-23T07:00:00Z,8/23/23 0:00,13.25055663,Analyzed,50,
2023-08-24T07:00:00Z,8/24/23 0:00,13.35848271,Analyzed,50,
2023-08-25T07:00:00Z,8/25/23 0:00,13.50635983,Analyzed,50,
2023-08-26T07:00:00Z,8/26/23 0:00,12.18610556,Analyzed,50,
2023-08-27T07:00:00Z,8/27/23 0:00,11.5103633,Analyzed,50,
2023-08-28T07:00:00Z,8/28/23 0:00,12.37461566,Analyzed,50,
2023-08-29T07:00:00Z,8/29/23 0:00,12.01378951,Analyzed,50,
2023-08-30T07:00:00Z,8/30/23 0:00,11.66837528,Analyzed,50,
2023-08-31T07:00:00Z,8/31/23 0:00,12.09544976,Analyzed,50,
2023-09-01T07:00:00Z,9/1/23 0:00,12.36303372,Analyzed,50,
2023-09-02T07:00:00Z,9/2/23 0:00,12.59602007,Analyzed,50,
2023-09-03T07:00:00Z,9/3/23 0:00,13.02004163,Analyzed,50,
2023-09-04T07:00:00Z,9/4/23 0:00,12.62940104,Analyzed,50,
2023-09-05T07:00:00Z,9/5/23 0:00,11.32228309,Analyzed,50,
2023-09-06T07:00:00Z,9/6/23 0:00,9.901797931,Analyzed,50,
2023-09-07T07:00:00Z,9/7/23 0:00,10.70569937,Analyzed,50,
2023-09-08T07:00:00Z,9/8/23 0:00,10.59495886,Analyzed,50,
2023-09-09T07:00:00Z,9/9/23 0:00,11.3477786,Analyzed,50,
2023-09-10T07:00:00Z,9/10/23 0:00,11.36780253,Analyzed,50,
2023-09-11T07:00:00Z,9/11/23 0:00,10.79299469,Analyzed,50,
2023-09-12T07:00:00Z,9/12/23 0:00,9.846794736,Analyzed,50,
2023-09-13T07:00:00Z,9/13/23 0:00,9.786986566,Analyzed,50,
2023-09-14T07:00:00Z,9/14/23 0:00,9.809225569,Analyzed,50,
2023-09-15T07:00:00Z,9/15/23 0:00,9.313369517,Analyzed,50,
2023-09-16T07:00:00Z,9/16/23 0:00,8.691581684,Analyzed,50,
2023-09-17T07:00:00Z,9/17/23 0:00,8.544036924,Analyzed,50,
2023-09-18T07:00:00Z,9/18/23 0:00,9.329100674,Analyzed,50,
2023-09-19T07:00:00Z,9/19/23 0:00,9.005331042,Analyzed,50,
2023-09-20T07:00:00Z,9/20/23 0:00,8.032400757,Analyzed,50,
2023-09-21T07:00:00Z,9/21/23 0:00,8.023587694,Analyzed,50,
2023-09-22T07:00:00Z,9/22/23 0:00,8.71401433,Analyzed,50,
2023-09-23T07:00:00Z,9/23/23 0:00,8.848397111,Analyzed,50,
2023-09-24T07:00:00Z,9/24/23 0:00,7.059974736,Analyzed,50,
2023-09-25T07:00:00Z,9/25/23 0:00,6.171261753,Analyzed,50,
2023-09-26T07:00:00Z,9/26/23 0:00,7.131257924,Analyzed,50,
2023-09-27T07:00:00Z,9/27/23 0:00,8.174521639,Analyzed,50,
2023-09-28T07:00:00Z,9/28/23 0:00,8.712447653,Analyzed,50,
2023-09-29T07:00:00Z,9/29/23 0:00,8.791793212,Analyzed,50,
2023-09-30T07:00:00Z,9/30/23 0:00,8.453445972,Analyzed,50,
2023-10-01T07:00:00Z,10/1/23 0:00,8.546778017,Analyzed,50,
2023-10-02T07:00:00Z,10/2/23 0:00,8.422924333,Analyzed,50,
2023-10-03T07:00:00Z,10/3/23 0:00,7.869165427,Analyzed,50,
2023-10-04T07:00:00Z,10/4/23 0:00,4.659841639,Analyzed,50,
2023-10-05T07:00:00Z,10/5/23 0:00,3.74432574,Analyzed,50,
2023-10-06T07:00:00Z,10/6/23 0:00,4.207321365,Analyzed,50,
2023-10-07T07:00:00Z,10/7/23 0:00,4.403955861,Analyzed,50,
2023-10-08T07:00:00Z,10/8/23 0:00,5.066394191,Analyzed,50,
2023-10-09T07:00:00Z,10/9/23 0:00,5.639528222,Analyzed,50,
2023-10-10T07:00:00Z,10/10/23 0:00,5.877077063,Analyzed,50,
2023-10-11T07:00:00Z,10/11/23 0:00,5.876653927,Working,50,
2023-10-12T07:00:00Z,10/12/23 0:00,4.965356535,Working,50,
2023-10-13T07:00:00Z,10/13/23 0:00,2.470723997,Working,50,
2023-10-14T07:00:00Z,10/14/23 0:00,0.855278446,Working,50,
2023-10-15T07:00:00Z,10/15/23 0:00,0.73939873,Working,50,
2023-10-16T07:00:00Z,10/16/23 0:00,1.339178715,Working,50,
2023-10-17T07:00:00Z,10/17/23 0:00,2.709931663,Working,50,
2023-10-18T07:00:00Z,10/18/23 0:00,3.813971726,Working,50,
2023-10-19T07:00:00Z,10/19/23 0:00,3.194478222,Working,50,
2023-10-20T07:00:00Z,10/20/23 0:00,3.704359017,Working,50,
2023-10-21T07:00:00Z,10/21/23 0:00,3.858276385,Working,50,
2023-10-22T07:00:00Z,10/22/23 0:00,4.170231549,Working,50,
2023-10-23T07:00:00Z,10/23/23 0:00,4.618929743,Working,50,
2023-10-24T07:00:00Z,10/24/23 0:00,4.438264233,Working,50,
2023-10-25T07:00:00Z,10/25/23 0:00,4.067014153,Working,50,
2023-10-26T07:00:00Z,10/26/23 0:00,3.32711709,Working,50,
2023-10-27T07:00:00Z,10/27/23 0:00,1.907965239,Working,50,
2023-10-28T07:00:00Z,10/28/23 0:00,0.564697802,Working,50,
2023-10-29T07:00:00Z,10/29/23 0:00,0.182054315,Working,50,
2023-10-30T07:00:00Z,10/30/23 0:00,0.22717148,Working,50,
2023-10-31T07:00:00Z,10/31/23 0:00,0.321436147,Working,50,
2023-11-01T07:00:00Z,11/1/23 0:00,0.597803436,Working,50,
2023-11-02T07:00:00Z,11/2/23 0:00,0.906659537,Working,50,
2023-11-03T07:00:00Z,11/3/23 0:00,0.986262911,Working,50,
2023-11-04T07:00:00Z,11/4/23 0:00,1.329951074,Working,50,
2023-11-05T07:00:00Z,11/5/23 0:00,1.42711726,Working,50,
2023-11-06T07:00:00Z,11/6/23 0:00,1.553458455,Working,50,
2023-11-07T07:00:00Z,11/7/23 0:00,1.599816236,Working,50,
2023-11-08T07:00:00Z,11/8/23 0:00,1.681946222,Working,50,
2023-11-09T07:00:00Z,11/9/23 0:00,1.519546159,Working,50,
2023-11-10T07:00:00Z,11/10/23 0:00,1.104692969,Working,50,
2023-11-11T07:00:00Z,11/11/23 0:00,0.924348194,Working,50,
2023-11-12T07:00:00Z,11/12/23 0:00,0.922274793,Working,50,
2023-11-13T07:00:00Z,11/13/23 0:00,1.201321631,Working,50,
2023-11-14T07:00:00Z,11/14/23 0:00,1.366709608,Working,50,
2023-11-15T07:00:00Z,11/15/23 0:00,1.206079142,Working,50,
2023-11-16T07:00:00Z,11/16/23 0:00,1.422505538,Working,50,
2023-11-17T07:00:00Z,11/17/23 0:00,1.270784635,Working,50,
2023-11-18T07:00:00Z,11/18/23 0:00,1.143640792,Working,50,
2023-11-19T07:00:00Z,11/19/23 0:00,1.329121238,Working,50,
2023-11-20T07:00:00Z,11/20/23 0:00,1.494499063,Working,50,
2023-11-21T07:00:00Z,11/21/23 0:00,1.452270651,Working,50,
2023-11-22T07:00:00Z,11/22/23 0:00,1.020181204,Working,50,
2023-11-23T07:00:00Z,11/23/23 0:00,0.838029656,Working,50,
2023-11-24T07:00:00Z,11/24/23 0:00,1.110221148,Working,50,
2023-11-25T07:00:00Z,11/25/23 0:00,1.190172221,Working,50,
2023-11-26T07:00:00Z,11/26/23 0:00,0.88604959,Working,50,
2023-11-27T07:00:00Z,11/27/23 0:00,0.405345487,Working,50,
2023-11-28T07:00:00Z,11/28/23 0:00,0.005709966,Working,50,
2023-11-29T07:00:00Z,11/29/23 0:00,0.042370693,Working,50,
2023-11-30T07:00:00Z,11/30/23 0:00,0,Working,50,
2023-12-01T07:00:00Z,12/1/23 0:00,0.008546617,Working,50,
2023-12-02T07:00:00Z,12/2/23 0:00,0.205915989,Working,50,
2023-12-03T07:00:00Z,12/3/23 0:00,0.093178961,Working,50,
2023-12-07T07:00:00Z,12/7/23 0:00,0.08683216,Working,50,
2023-12-09T07:00:00Z,12/9/23 0:00,0.153125,Working,50,
2023-12-31T07:00:00Z,12/31/23 0:00,-0.023401639,Working,50,
2024-01-01T07:00:00Z,1/1/24 0:00,0,Working,50,
2024-02-02T07:00:00Z,2/2/24 0:00,0,Working,50,
2024-02-03T07:00:00Z,2/3/24 0:00,0,Working,50,
2024-02-06T07:00:00Z,2/6/24 0:00,0,Working,50,
2024-02-07T07:00:00Z,2/7/24 0:00,0,Working,50,
2024-02-08T07:00:00Z,2/8/24 0:00,-0.344812806,Working,50,
2024-02-09T07:00:00Z,2/9/24 0:00,-0.853599368,Working,50,
2024-02-13T07:00:00Z,2/13/24 0:00,-0.824526031,Working,50,
2024-02-14T07:00:00Z,2/14/24 0:00,-0.148219215,Working,50,
2024-02-15T07:00:00Z,2/15/24 0:00,-0.025561,Working,50,
2024-02-16T07:00:00Z,2/16/24 0:00,-0.032523797,Working,50,
2024-02-19T07:00:00Z,2/19/24 0:00,-0.253186708,Working,50,
2024-02-20T07:00:00Z,2/20/24 0:00,-0.02823692,Working,50,
2024-02-21T07:00:00Z,2/21/24 0:00,0,Working,50,
2024-02-22T07:00:00Z,2/22/24 0:00,0,Working,50,
2024-02-23T07:00:00Z,2/23/24 0:00,0,Working,50,
2024-02-24T07:00:00Z,2/24/24 0:00,0,Working,50,
2024-02-25T07:00:00Z,2/25/24 0:00,0,Working,50,
2024-02-26T07:00:00Z,2/26/24 0:00,0,Working,50,
2024-02-27T07:00:00Z,2/27/24 0:00,0,Working,50,
2024-02-28T07:00:00Z,2/28/24 0:00,0,Working,50,
2024-02-29T07:00:00Z,2/29/24 0:00,0,Working,50,
2024-03-01T07:00:00Z,3/1/24 0:00,0,Working,50,
2024-03-02T07:00:00Z,3/2/24 0:00,0,Working,50,
2024-03-03T07:00:00Z,3/3/24 0:00,0,Working,50,
2024-03-04T07:00:00Z,3/4/24 0:00,0,Working,50,
2024-03-05T07:00:00Z,3/5/24 0:00,0,Working,50,
2024-03-06T07:00:00Z,3/6/24 0:00,0,Working,50,
2024-03-07T07:00:00Z,3/7/24 0:00,0,Working,50,
2024-03-08T07:00:00Z,3/8/24 0:00,-0.011906521,Working,50,
2024-03-09T07:00:00Z,3/9/24 0:00,-0.112714875,Working,50,
2024-03-10T07:00:00Z,3/10/24 0:00,-0.337655306,Working,50,
2024-03-11T07:00:00Z,3/11/24 0:00,-0.281441476,Working,50,
2024-03-12T07:00:00Z,3/12/24 0:00,-0.114857872,Working,50,
2024-03-13T07:00:00Z,3/13/24 0:00,-0.108049194,Working,50,
2024-03-14T07:00:00Z,3/14/24 0:00,0,Working,50,
2024-03-15T07:00:00Z,3/15/24 0:00,0,Working,50,
2024-03-16T07:00:00Z,3/16/24 0:00,0,Working,50,
2024-03-17T07:00:00Z,3/17/24 0:00,0,Working,50,
2024-03-18T07:00:00Z,3/18/24 0:00,0,Working,50,
2024-03-19T07:00:00Z,3/19/24 0:00,0,Working,50,
2024-03-20T07:00:00Z,3/20/24 0:00,0,Working,50,
2024-03-21T07:00:00Z,3/21/24 0:00,0,Working,50,
2024-03-22T07:00:00Z,3/22/24 0:00,0,Working,50,
2024-03-23T07:00:00Z,3/23/24 0:00,0,Working,50,
2024-03-24T07:00:00Z,3/24/24 0:00,0,Working,50,
2024-03-25T07:00:00Z,3/25/24 0:00,0,Working,50,
2024-03-26T07:00:00Z,3/26/24 0:00,0,Working,50,
2024-03-27T07:00:00Z,3/27/24 0:00,0,Working,50,
2024-03-28T07:00:00Z,3/28/24 0:00,0,Working,50,
2024-03-29T07:00:00Z,3/29/24 0:00,0,Working,50,
2024-03-30T07:00:00Z,3/30/24 0:00,0,Working,50,
2024-03-31T07:00:00Z,3/31/24 0:00,0,Working,50,
2024-04-01T07:00:00Z,4/1/24 0:00,0,Working,50,
2024-04-02T07:00:00Z,4/2/24 0:00,0,Working,50,
2024-04-03T07:00:00Z,4/3/24 0:00,0,Working,50,
2024-04-04T07:00:00Z,4/4/24 0:00,0,Working,50,
2024-04-05T07:00:00Z,4/5/24 0:00,0,Working,50,
2024-04-06T07:00:00Z,4/6/24 0:00,0,Working,50,
2024-04-07T07:00:00Z,4/7/24 0:00,0,Working,50,
2024-04-08T07:00:00Z,4/8/24 0:00,0,Working,50,
2024-04-09T07:00:00Z,4/9/24 0:00,0,Working,50,
2024-04-10T07:00:00Z,4/10/24 0:00,0,Working,50,
2024-04-11T07:00:00Z,4/11/24 0:00,0,Working,50,
2024-04-12T07:00:00Z,4/12/24 0:00,0,Working,50,
2024-04-13T07:00:00Z,4/13/24 0:00,0,Working,50,
2024-04-14T07:00:00Z,4/14/24 0:00,0,Working,50,
2024-04-15T07:00:00Z,4/15/24 0:00,0.020986663,Working,50,
2024-04-16T07:00:00Z,4/16/24 0:00,0.163210444,Working,50,
2024-04-17T07:00:00Z,4/17/24 0:00,0.193899472,Working,50,
2024-04-18T07:00:00Z,4/18/24 0:00,0.176939114,Working,50,
2024-04-19T07:00:00Z,4/19/24 0:00,0.231769136,Working,50,
2024-04-20T07:00:00Z,4/20/24 0:00,0.143911999,Working,50,
2024-04-21T07:00:00Z,4/21/24 0:00,0.103971485,Working,50,
2024-04-22T07:00:00Z,4/22/24 0:00,0.085597145,Working,50,
2024-04-23T07:00:00Z,4/23/24 0:00,0.070612166,Working,50,
2024-04-24T07:00:00Z,4/24/24 0:00,0.177611678,Working,50,
2024-04-25T07:00:00Z,4/25/24 0:00,0.346474971,Working,50,
2024-04-26T07:00:00Z,4/26/24 0:00,0.581583232,Working,50,
2024-04-27T07:00:00Z,4/27/24 0:00,0.589344451,Working,50,
2024-04-28T07:00:00Z,4/28/24 0:00,0.426517282,Working,50,
2024-04-29T07:00:00Z,4/29/24 0:00,0.205410327,Working,50,
2024-04-30T07:00:00Z,4/30/24 0:00,0.131488484,Working,50,
2024-05-01T07:00:00Z,5/1/24 0:00,0.094449253,Working,50,
2024-05-02T07:00:00Z,5/2/24 0:00,0.070297982,Working,50,
2024-05-03T07:00:00Z,5/3/24 0:00,0.049037826,Working,50,
2024-05-04T07:00:00Z,5/4/24 0:00,0.050565825,Working,50,
2024-05-05T07:00:00Z,5/5/24 0:00,0.092642253,Working,50,
2024-05-06T07:00:00Z,5/6/24 0:00,0.082062298,Working,50,
2024-05-07T07:00:00Z,5/7/24 0:00,0.002767245,Working,50,
2024-05-08T07:00:00Z,5/8/24 0:00,1.23E-05,Working,50,
2024-05-09T07:00:00Z,5/9/24 0:00,0.011014832,Working,50,
2024-05-10T07:00:00Z,5/10/24 0:00,0.034819709,Working,50,
2024-05-11T07:00:00Z,5/11/24 0:00,0.017381351,Working,50,
2024-05-12T07:00:00Z,5/12/24 0:00,0.009177102,Working,50,
2024-05-13T07:00:00Z,5/13/24 0:00,0.052251286,Working,50,
2024-05-14T07:00:00Z,5/14/24 0:00,0.193588151,Working,50,
2024-05-15T07:00:00Z,5/15/24 0:00,0.438480907,Working,50,
2024-05-16T07:00:00Z,5/16/24 0:00,0.573987747,Working,50,
2024-05-17T07:00:00Z,5/17/24 0:00,0.900809737,Working,50,
2024-05-18T07:00:00Z,5/18/24 0:00,0.975891339,Working,50,
2024-05-19T07:00:00Z,5/19/24 0:00,0.899985322,Working,50,
2024-05-20T07:00:00Z,5/20/24 0:00,0.757422446,Working,50,
2024-05-21T07:00:00Z,5/21/24 0:00,0.989277438,Working,50,
2024-05-22T07:00:00Z,5/22/24 0:00,0.940921246,Working,50,
2024-05-23T07:00:00Z,5/23/24 0:00,1.017731445,Working,50,
2024-05-24T07:00:00Z,5/24/24 0:00,1.531994438,Working,50,
2024-05-25T07:00:00Z,5/25/24 0:00,1.770864552,Working,50,
2024-05-26T07:00:00Z,5/26/24 0:00,1.775340396,Working,50,
2024-05-27T07:00:00Z,5/27/24 0:00,1.520031091,Working,50,
2024-05-28T07:00:00Z,5/28/24 0:00,1.618217059,Working,50,
2024-05-29T07:00:00Z,5/29/24 0:00,3.242896365,Working,50,
2024-05-30T07:00:00Z,5/30/24 0:00,2.893902167,Working,50,
2024-05-31T07:00:00Z,5/31/24 0:00,2.452715444,Working,50,
2024-06-01T07:00:00Z,6/1/24 0:00,2.698892819,Working,50,
2024-06-02T07:00:00Z,6/2/24 0:00,2.494260378,Working,50,
2024-06-03T07:00:00Z,6/3/24 0:00,2.867623965,Working,50,
2024-06-04T07:00:00Z,6/4/24 0:00,2.635108226,Working,50,
2024-06-05T07:00:00Z,6/5/24 0:00,1.980770372,Working,50,
2024-06-06T07:00:00Z,6/6/24 0:00,2.952246698,Working,50,
2024-06-07T07:00:00Z,6/7/24 0:00,4.243549045,Working,50,
2024-06-08T07:00:00Z,6/8/24 0:00,4.550933858,Working,50,
2024-06-09T07:00:00Z,6/9/24 0:00,4.774264292,Working,50,
2024-06-10T07:00:00Z,6/10/24 0:00,4.804681479,Working,50,
2024-06-11T07:00:00Z,6/11/24 0:00,5.327412712,Working,50,
2024-06-12T07:00:00Z,6/12/24 0:00,5.910350712,Working,50,
2024-06-13T07:00:00Z,6/13/24 0:00,6.036347188,Working,50,
2024-06-14T07:00:00Z,6/14/24 0:00,6.312453625,Working,50,
2024-06-15T07:00:00Z,6/15/24 0:00,6.31502999,Working,50,
2024-06-16T07:00:00Z,6/16/24 0:00,6.323624712,Working,50,
2024-06-17T07:00:00Z,6/17/24 0:00,7.138345642,Working,50,
2024-06-18T07:00:00Z,6/18/24 0:00,7.683100372,Working,50,
2024-06-19T07:00:00Z,6/19/24 0:00,7.306399333,Working,50,
2024-06-20T07:00:00Z,6/20/24 0:00,7.09053441,Working,50,
2024-06-21T07:00:00Z,6/21/24 0:00,8.094092698,Working,50,
2024-06-22T07:00:00Z,6/22/24 0:00,8.414043365,Working,50,
2024-06-23T07:00:00Z,6/23/24 0:00,8.137506594,Working,50,
2024-06-24T07:00:00Z,6/24/24 0:00,8.517201667,Working,50,
2024-06-25T07:00:00Z,6/25/24 0:00,8.575587514,Working,50,
2024-06-26T07:00:00Z,6/26/24 0:00,8.895856889,Working,50,
2024-06-27T07:00:00Z,6/27/24 0:00,9.23541058,Working,50,
2024-06-28T07:00:00Z,6/28/24 0:00,9.201541938,Working,50,
2024-06-29T07:00:00Z,6/29/24 0:00,8.866806458,Working,50,
2024-06-30T07:00:00Z,6/30/24 0:00,9.119630781,Working,50,
2024-07-01T07:00:00Z,7/1/24 0:00,10.33054176,Working,50,
2024-07-02T07:00:00Z,7/2/24 0:00,9.724847313,Working,50,
2024-07-03T07:00:00Z,7/3/24 0:00,9.211587688,Working,50,
2024-07-04T07:00:00Z,7/4/24 0:00,9.325130708,Working,50,
2024-07-05T07:00:00Z,7/5/24 0:00,9.808452809,Working,50,
2024-07-06T07:00:00Z,7/6/24 0:00,10.24619102,Working,50,
2024-07-07T07:00:00Z,7/7/24 0:00,10.3813727,Working,50,
2024-07-08T07:00:00Z,7/8/24 0:00,9.599465708,Working,50,
2024-07-09T07:00:00Z,7/9/24 0:00,10.07898817,Working,50,
2024-07-10T07:00:00Z,7/10/24 0:00,10.54745414,Working,50,
2024-07-11T07:00:00Z,7/11/24 0:00,10.68610066,Working,50,
2024-07-12T07:00:00Z,7/12/24 0:00,11.08293332,Working,50,
2024-07-13T07:00:00Z,7/13/24 0:00,12.00586712,Working,50,
2024-07-14T07:00:00Z,7/14/24 0:00,12.99108403,Working,50,
2024-07-15T07:00:00Z,7/15/24 0:00,13.05133247,Working,50,
2024-07-16T07:00:00Z,7/16/24 0:00,11.80634962,Working,50,
2024-07-17T07:00:00Z,7/17/24 0:00,11.30381628,Working,50,
2024-07-18T07:00:00Z,7/18/24 0:00,11.66830219,Working,50,
2024-07-19T07:00:00Z,7/19/24 0:00,11.92607837,Working,50,
2024-07-20T07:00:00Z,7/20/24 0:00,11.16009,Working,50,
2024-07-21T07:00:00Z,7/21/24 0:00,11.73707753,Working,50,
2024-07-22T07:00:00Z,7/22/24 0:00,11.93981802,Working,50,
2024-07-23T07:00:00Z,7/23/24 0:00,11.57016743,Working,50,
2024-07-24T07:00:00Z,7/24/24 0:00,12.10593653,Working,50,
2024-07-25T07:00:00Z,7/25/24 0:00,12.4473441,Working,50,
2024-07-26T07:00:00Z,7/26/24 0:00,13.12447462,Working,50,
2024-07-27T07:00:00Z,7/27/24 0:00,13.22369628,Working,50,
2024-07-28T07:00:00Z,7/28/24 0:00,13.35312958,Working,50,
2024-07-29T07:00:00Z,7/29/24 0:00,13.62405788,Working,50,
2024-07-30T07:00:00Z,7/30/24 0:00,13.45552226,Working,50,
2024-07-31T07:00:00Z,7/31/24 0:00,12.88829833,Working,50,
2024-08-01T07:00:00Z,8/1/24 0:00,13.63009611,Working,50,
2024-08-02T07:00:00Z,8/2/24 0:00,14.61237354,Working,50,
2024-08-03T07:00:00Z,8/3/24 0:00,15.12116424,Working,50,
2024-08-04T07:00:00Z,8/4/24 0:00,15.26815361,Working,50,
2024-08-05T07:00:00Z,8/5/24 0:00,15.03774184,Working,50,
2024-08-06T07:00:00Z,8/6/24 0:00,13.86417017,Working,50,
2024-08-07T07:00:00Z,8/7/24 0:00,13.72789319,Working,50,
2024-08-08T07:00:00Z,8/8/24 0:00,12.89928719,Working,50,
2024-08-09T07:00:00Z,8/9/24 0:00,12.08523694,Working,50,
2024-08-10T07:00:00Z,8/10/24 0:00,12.06166163,Working,50,
2024-08-11T07:00:00Z,8/11/24 0:00,11.99681965,Working,50,
2024-08-12T07:00:00Z,8/12/24 0:00,11.35812212,Working,50,
2024-08-13T07:00:00Z,8/13/24 0:00,11.98845493,Working,50,
2024-08-14T07:00:00Z,8/14/24 0:00,11.54308701,Working,50,
2024-08-15T07:00:00Z,8/15/24 0:00,10.73786822,Working,50,
2024-08-16T07:00:00Z,8/16/24 0:00,10.55525675,Working,50,
2024-08-17T07:00:00Z,8/17/24 0:00,12.0575534,Working,50,
2024-08-18T07:00:00Z,8/18/24 0:00,12.12417774,Working,50,
2024-08-19T07:00:00Z,8/19/24 0:00,12.20348153,Working,50,
2024-08-20T07:00:00Z,8/20/24 0:00,12.62566823,Working,50,
2024-08-21T07:00:00Z,8/21/24 0:00,12.76065413,Working,50,
2024-08-22T07:00:00Z,8/22/24 0:00,12.42642212,Working,50,
2024-08-23T07:00:00Z,8/23/24 0:00,11.17834517,Working,50,
2024-08-24T07:00:00Z,8/24/24 0:00,10.99411768,Working,50,
2024-08-25T07:00:00Z,8/25/24 0:00,10.9120059,Working,50,