# Specific_cond_at_25C.ACTV.uS_cm.Mean@401733105392404.20191001.csv generated at 2024-09-09 21:58:54 (UTC+00:00) by AQUARIUS Time-Series 24.1.177.0,,,,,
# ,,,,,
# Time-series identifier: Specific cond at 25C.ACTV.uS/cm.Mean@401733105392404,,,,,
# Location: THE LOCH OUTLET - LOCH VALE,,,,,
# UTC offset: (UTC-07:00),,,,,
# Value units: uS/cm,,,,,
# Value parameter: Specific cond at 25C,,,,,
# Interpolation type: Preceding Constant,,,,,
# Time-series type: Derived,,,,,
# ,,,,,
# Export options: Corrected signal from 2019-10-01T07:00:00Z to 2024-08-25T23:30:00Z,,,,,
# ,,,,,
# CSV data starts at line 15.,,,,,
# ,,,,,
ISO 8601 UTC,Timestamp (UTC-07:00),Value,Approval Level,Grade,Qualifiers
2019-10-01T07:00:00Z,10/1/19 0:00,18.42994038,Approved,50,
2019-10-02T07:00:00Z,10/2/19 0:00,19.15687,Approved,50,
2019-10-03T07:00:00Z,10/3/19 0:00,18.57442861,Approved,50,
2019-10-04T07:00:00Z,10/4/19 0:00,18.50594479,Approved,50,
2019-10-05T07:00:00Z,10/5/19 0:00,18.6526092,Approved,50,
2019-10-06T07:00:00Z,10/6/19 0:00,18.90191156,Approved,50,
2019-10-07T07:00:00Z,10/7/19 0:00,18.98038639,Approved,50,
2019-10-08T07:00:00Z,10/8/19 0:00,19.30252472,Approved,50,
2019-10-09T07:00:00Z,10/9/19 0:00,19.38292958,Approved,50,
2019-10-10T07:00:00Z,10/10/19 0:00,19.36578347,Approved,50,
2019-10-11T07:00:00Z,10/11/19 0:00,18.57915826,Approved,50,
2019-10-12T07:00:00Z,10/12/19 0:00,19.94774441,Approved,50,
2019-10-13T07:00:00Z,10/13/19 0:00,20.25019604,Approved,50,
2019-10-14T07:00:00Z,10/14/19 0:00,20.48095618,Approved,50,
2019-10-15T07:00:00Z,10/15/19 0:00,20.6580017,Approved,50,
2019-10-16T07:00:00Z,10/16/19 0:00,20.77184844,Approved,50,
2019-10-17T07:00:00Z,10/17/19 0:00,20.8010183,Approved,50,
2019-10-18T07:00:00Z,10/18/19 0:00,20.78952351,Approved,50,
2019-10-19T07:00:00Z,10/19/19 0:00,20.8853742,Approved,50,
2019-10-20T07:00:00Z,10/20/19 0:00,21.28225552,Approved,50,
2019-10-21T07:00:00Z,10/21/19 0:00,21.39248462,Approved,50,
2019-10-22T07:00:00Z,10/22/19 0:00,21.61584684,Approved,50,
2019-10-23T07:00:00Z,10/23/19 0:00,21.80287212,Approved,50,
2019-10-24T07:00:00Z,10/24/19 0:00,21.75662552,Approved,50,
2019-11-09T07:00:00Z,11/9/19 0:00,23.90851875,Approved,50,
2019-11-10T07:00:00Z,11/10/19 0:00,24.18309549,Approved,50,
2019-11-11T07:00:00Z,11/11/19 0:00,24.44336663,Approved,50,
2019-11-12T07:00:00Z,11/12/19 0:00,24.91667958,Approved,50,
2019-11-13T07:00:00Z,11/13/19 0:00,24.89469337,Approved,50,
2019-11-14T07:00:00Z,11/14/19 0:00,25.02576007,Approved,50,
2019-11-15T07:00:00Z,11/15/19 0:00,25.42176333,Approved,50,
2019-11-16T07:00:00Z,11/16/19 0:00,25.52290608,Approved,50,
2019-11-17T07:00:00Z,11/17/19 0:00,25.63854483,Approved,50,
2019-11-18T07:00:00Z,11/18/19 0:00,25.86774333,Approved,50,
2019-11-19T07:00:00Z,11/19/19 0:00,25.71887024,Approved,50,
2019-11-20T07:00:00Z,11/20/19 0:00,25.73839146,Approved,50,
2019-11-21T07:00:00Z,11/21/19 0:00,25.59906875,Approved,50,
2019-11-22T07:00:00Z,11/22/19 0:00,25.54293785,Approved,50,
2019-11-23T07:00:00Z,11/23/19 0:00,25.35272372,Approved,50,
2019-11-24T07:00:00Z,11/24/19 0:00,25.13966813,Approved,50,
2019-11-25T07:00:00Z,11/25/19 0:00,24.89746507,Approved,50,
2019-11-26T07:00:00Z,11/26/19 0:00,24.98843163,Approved,50,
2019-11-27T07:00:00Z,11/27/19 0:00,25.12346337,Approved,50,
2019-11-28T07:00:00Z,11/28/19 0:00,25.23618403,Approved,50,
2019-11-29T07:00:00Z,11/29/19 0:00,25.33441646,Approved,50,
2019-11-30T07:00:00Z,11/30/19 0:00,25.41234448,Approved,50,
2019-12-01T07:00:00Z,12/1/19 0:00,25.46296455,Approved,50,
2019-12-02T07:00:00Z,12/2/19 0:00,25.72996361,Approved,50,
2019-12-14T07:00:00Z,12/14/19 0:00,28.88358007,Approved,50,
2019-12-15T07:00:00Z,12/15/19 0:00,28.89570955,Approved,50,
2019-12-16T07:00:00Z,12/16/19 0:00,28.85829319,Approved,50,
2019-12-17T07:00:00Z,12/17/19 0:00,29.12452177,Approved,50,
2019-12-18T07:00:00Z,12/18/19 0:00,29.04594479,Approved,50,
2019-12-19T07:00:00Z,12/19/19 0:00,28.85238194,Approved,50,
2019-12-20T07:00:00Z,12/20/19 0:00,29.11364302,Approved,50,
2019-12-21T07:00:00Z,12/21/19 0:00,29.32859681,Approved,50,
2019-12-22T07:00:00Z,12/22/19 0:00,29.66024549,Approved,50,
2019-12-23T07:00:00Z,12/23/19 0:00,29.61635924,Approved,50,
2019-12-24T07:00:00Z,12/24/19 0:00,30.07708764,Approved,50,
2019-12-25T07:00:00Z,12/25/19 0:00,29.78500229,Approved,50,
2019-12-26T07:00:00Z,12/26/19 0:00,29.68788632,Approved,50,
2019-12-27T07:00:00Z,12/27/19 0:00,29.67234215,Approved,50,
2019-12-28T07:00:00Z,12/28/19 0:00,29.9650108,Approved,50,
2019-12-29T07:00:00Z,12/29/19 0:00,30.00920118,Approved,50,
2019-12-30T07:00:00Z,12/30/19 0:00,30.49271097,Approved,50,
2019-12-31T07:00:00Z,12/31/19 0:00,30.30361313,Approved,50,
2020-01-01T07:00:00Z,1/1/20 0:00,30.57559149,Approved,50,
2020-01-02T07:00:00Z,1/2/20 0:00,31.17433875,Approved,50,
2020-01-12T07:00:00Z,1/12/20 0:00,31.03647858,Approved,50,
2020-01-16T07:00:00Z,1/16/20 0:00,32.20401205,Approved,50,
2020-01-17T07:00:00Z,1/17/20 0:00,31.85593926,Approved,50,
2020-01-18T07:00:00Z,1/18/20 0:00,31.53803432,Approved,50,
2020-01-19T07:00:00Z,1/19/20 0:00,31.49395684,Approved,50,
2020-01-20T07:00:00Z,1/20/20 0:00,31.90232615,Approved,50,
2020-01-21T07:00:00Z,1/21/20 0:00,32.35076983,Approved,50,
2020-02-10T07:00:00Z,2/10/20 0:00,29.37519632,Approved,50,
2020-02-11T07:00:00Z,2/11/20 0:00,29.40473743,Approved,50,
2020-02-12T07:00:00Z,2/12/20 0:00,29.09085042,Approved,50,
2020-02-13T07:00:00Z,2/13/20 0:00,28.81544351,Approved,50,
2020-04-09T07:00:00Z,4/9/20 0:00,25.16976309,Approved,50,
2020-04-12T07:00:00Z,4/12/20 0:00,22.5196908,Approved,50,
2020-04-13T07:00:00Z,4/13/20 0:00,21.41713559,Approved,50,
2020-04-14T07:00:00Z,4/14/20 0:00,19.82630497,Approved,50,
2020-04-15T07:00:00Z,4/15/20 0:00,20.00613962,Approved,50,
2020-04-16T07:00:00Z,4/16/20 0:00,24.51257983,Approved,50,
2020-04-17T07:00:00Z,4/17/20 0:00,23.35278153,Approved,50,
2020-04-18T07:00:00Z,4/18/20 0:00,22.85832354,Approved,50,
2020-04-19T07:00:00Z,4/19/20 0:00,23.68247594,Approved,50,
2020-04-20T07:00:00Z,4/20/20 0:00,23.81073806,Approved,50,
2020-04-21T07:00:00Z,4/21/20 0:00,23.49595781,Approved,50,
2020-04-22T07:00:00Z,4/22/20 0:00,23.32374069,Approved,50,
2020-04-23T07:00:00Z,4/23/20 0:00,23.37453757,Approved,50,
2020-04-24T07:00:00Z,4/24/20 0:00,23.11653424,Approved,50,
2020-04-25T07:00:00Z,4/25/20 0:00,23.03409208,Approved,50,
2020-04-26T07:00:00Z,4/26/20 0:00,22.92094128,Approved,50,
2020-04-27T07:00:00Z,4/27/20 0:00,23.09053295,Approved,50,
2020-04-28T07:00:00Z,4/28/20 0:00,23.16349819,Approved,50,
2020-04-29T07:00:00Z,4/29/20 0:00,23.21258236,Approved,50,
2020-04-30T07:00:00Z,4/30/20 0:00,21.17126806,Approved,50,
2020-05-01T07:00:00Z,5/1/20 0:00,18.0325699,Approved,50,
2020-05-02T07:00:00Z,5/2/20 0:00,16.04813663,Approved,50,
2020-05-03T07:00:00Z,5/3/20 0:00,14.62436951,Approved,50,
2020-05-04T07:00:00Z,5/4/20 0:00,14.22609361,Approved,50,
2020-05-05T07:00:00Z,5/5/20 0:00,13.86874604,Approved,50,
2020-05-06T07:00:00Z,5/6/20 0:00,14.64604226,Approved,50,
2020-05-07T07:00:00Z,5/7/20 0:00,14.77117462,Approved,50,
2020-05-08T07:00:00Z,5/8/20 0:00,15.58559983,Approved,50,
2020-05-09T07:00:00Z,5/9/20 0:00,15.03337309,Approved,50,
2020-05-10T07:00:00Z,5/10/20 0:00,14.98770257,Approved,50,
2020-05-11T07:00:00Z,5/11/20 0:00,14.67234969,Approved,50,
2020-05-12T07:00:00Z,5/12/20 0:00,14.41309354,Approved,50,
2020-05-13T07:00:00Z,5/13/20 0:00,14.19178559,Approved,50,
2020-05-14T07:00:00Z,5/14/20 0:00,13.84497858,Approved,50,
2020-05-15T07:00:00Z,5/15/20 0:00,13.63889774,Approved,50,
2020-05-16T07:00:00Z,5/16/20 0:00,13.65965868,Approved,50,
2020-05-17T07:00:00Z,5/17/20 0:00,13.54798038,Approved,50,
2020-05-18T07:00:00Z,5/18/20 0:00,13.39275368,Approved,50,
2020-05-19T07:00:00Z,5/19/20 0:00,12.75523826,Approved,50,
2020-05-20T07:00:00Z,5/20/20 0:00,12.77529747,Approved,50,
2020-05-21T07:00:00Z,5/21/20 0:00,12.80490757,Approved,50,
2020-05-22T07:00:00Z,5/22/20 0:00,13.03760993,Approved,50,
2020-05-23T07:00:00Z,5/23/20 0:00,13.54081861,Approved,50,
2020-05-24T07:00:00Z,5/24/20 0:00,13.68407066,Approved,50,
2020-05-25T07:00:00Z,5/25/20 0:00,13.68691747,Approved,50,
2020-05-26T07:00:00Z,5/26/20 0:00,14.25818094,Approved,50,
2020-05-27T07:00:00Z,5/27/20 0:00,14.40556441,Approved,50,
2020-05-28T07:00:00Z,5/28/20 0:00,14.56234111,Approved,50,
2020-05-31T07:00:00Z,5/31/20 0:00,13.6622659,Approved,50,
2020-06-01T07:00:00Z,6/1/20 0:00,13.54300132,Approved,50,
2020-06-02T07:00:00Z,6/2/20 0:00,13.57757125,Approved,50,
2020-06-03T07:00:00Z,6/3/20 0:00,13.55033715,Approved,50,
2020-06-04T07:00:00Z,6/4/20 0:00,13.65527417,Approved,50,
2020-06-05T07:00:00Z,6/5/20 0:00,13.64100733,Approved,50,
2020-06-06T07:00:00Z,6/6/20 0:00,13.43257882,Approved,50,
2020-06-07T07:00:00Z,6/7/20 0:00,13.00482382,Approved,50,
2020-06-08T07:00:00Z,6/8/20 0:00,12.97221222,Approved,50,
2020-06-09T07:00:00Z,6/9/20 0:00,13.07742375,Approved,50,
2020-06-10T07:00:00Z,6/10/20 0:00,13.19422295,Approved,50,
2020-06-11T07:00:00Z,6/11/20 0:00,13.39524549,Approved,50,
2020-06-12T07:00:00Z,6/12/20 0:00,13.51507556,Approved,50,
2020-06-13T07:00:00Z,6/13/20 0:00,13.59496587,Approved,50,
2020-06-14T07:00:00Z,6/14/20 0:00,13.35133736,Approved,50,
2020-06-15T07:00:00Z,6/15/20 0:00,13.00994563,Approved,50,
2020-06-16T07:00:00Z,6/16/20 0:00,12.85808809,Approved,50,
2020-06-17T07:00:00Z,6/17/20 0:00,13.0842034,Approved,50,
2020-06-18T07:00:00Z,6/18/20 0:00,13.09067969,Approved,50,
2020-06-19T07:00:00Z,6/19/20 0:00,13.05422979,Approved,50,
2020-06-20T07:00:00Z,6/20/20 0:00,13.11936847,Approved,50,
2020-06-21T07:00:00Z,6/21/20 0:00,13.02890174,Approved,50,
2020-06-22T07:00:00Z,6/22/20 0:00,13.14451913,Approved,50,
2020-06-23T07:00:00Z,6/23/20 0:00,13.18324083,Approved,50,
2020-06-24T07:00:00Z,6/24/20 0:00,13.11837087,Approved,50,
2020-06-25T07:00:00Z,6/25/20 0:00,12.99931191,Approved,50,
2020-06-26T07:00:00Z,6/26/20 0:00,12.74310563,Approved,50,
2020-06-27T07:00:00Z,6/27/20 0:00,12.56975986,Approved,50,
2020-06-28T07:00:00Z,6/28/20 0:00,12.40355358,Approved,50,
2020-06-29T07:00:00Z,6/29/20 0:00,12.23388757,Approved,50,
2020-06-30T07:00:00Z,6/30/20 0:00,12.20297531,Approved,50,
2020-07-01T07:00:00Z,7/1/20 0:00,12.18684587,Approved,50,
2020-07-02T07:00:00Z,7/2/20 0:00,12.24715535,Approved,50,
2020-07-03T07:00:00Z,7/3/20 0:00,12.35130069,Approved,50,
2020-07-04T07:00:00Z,7/4/20 0:00,12.41029868,Approved,50,
2020-07-05T07:00:00Z,7/5/20 0:00,12.30672806,Approved,50,
2020-07-06T07:00:00Z,7/6/20 0:00,12.0977251,Approved,50,
2020-07-07T07:00:00Z,7/7/20 0:00,11.96000257,Approved,50,
2020-07-08T07:00:00Z,7/8/20 0:00,11.84841281,Approved,50,
2020-07-09T07:00:00Z,7/9/20 0:00,11.74518715,Approved,50,
2020-07-10T07:00:00Z,7/10/20 0:00,11.4992198,Approved,50,
2020-07-11T07:00:00Z,7/11/20 0:00,11.19244573,Approved,50,
2020-07-12T07:00:00Z,7/12/20 0:00,11.29125035,Approved,50,
2020-07-13T07:00:00Z,7/13/20 0:00,11.11081503,Approved,50,
2020-07-14T07:00:00Z,7/14/20 0:00,11.03744486,Approved,50,
2020-07-15T07:00:00Z,7/15/20 0:00,10.91331844,Approved,50,
2020-07-16T07:00:00Z,7/16/20 0:00,10.73258976,Approved,50,
2020-07-17T07:00:00Z,7/17/20 0:00,10.53099559,Approved,50,
2020-07-18T07:00:00Z,7/18/20 0:00,10.46252378,Approved,50,
2020-07-19T07:00:00Z,7/19/20 0:00,10.37738899,Approved,50,
2020-07-20T07:00:00Z,7/20/20 0:00,10.31897813,Approved,50,
2020-07-21T07:00:00Z,7/21/20 0:00,10.25867924,Approved,50,
2020-07-22T07:00:00Z,7/22/20 0:00,10.3025134,Approved,50,
2020-07-25T07:00:00Z,7/25/20 0:00,10.22819483,Approved,50,
2020-07-26T07:00:00Z,7/26/20 0:00,10.24112403,Approved,50,
2020-07-27T07:00:00Z,7/27/20 0:00,10.22695045,Approved,50,
2020-07-28T07:00:00Z,7/28/20 0:00,10.25962205,Approved,50,
2020-07-29T07:00:00Z,7/29/20 0:00,10.29510618,Approved,50,
2020-07-30T07:00:00Z,7/30/20 0:00,10.42386851,Approved,50,
2020-07-31T07:00:00Z,7/31/20 0:00,10.51033021,Approved,50,
2020-08-01T07:00:00Z,8/1/20 0:00,10.69682014,Approved,50,
2020-08-02T07:00:00Z,8/2/20 0:00,10.79225132,Approved,50,
2020-08-03T07:00:00Z,8/3/20 0:00,10.95664844,Approved,50,
2020-08-04T07:00:00Z,8/4/20 0:00,11.0767166,Approved,50,
2020-08-05T07:00:00Z,8/5/20 0:00,11.23720712,Approved,50,
2020-08-06T07:00:00Z,8/6/20 0:00,11.36765076,Approved,50,
2020-08-07T07:00:00Z,8/7/20 0:00,11.43478021,Approved,50,
2020-08-08T07:00:00Z,8/8/20 0:00,11.52780222,Approved,50,
2020-08-09T07:00:00Z,8/9/20 0:00,11.77804854,Approved,50,
2020-08-10T07:00:00Z,8/10/20 0:00,11.77420045,Approved,50,
2020-08-11T07:00:00Z,8/11/20 0:00,11.89678517,Approved,50,
2020-08-12T07:00:00Z,8/12/20 0:00,11.99049184,Approved,50,
2020-08-13T07:00:00Z,8/13/20 0:00,12.13992066,Approved,50,
2020-08-14T07:00:00Z,8/14/20 0:00,12.30229656,Approved,50,
2020-08-15T07:00:00Z,8/15/20 0:00,12.35484753,Approved,50,
2020-08-16T07:00:00Z,8/16/20 0:00,12.37353361,Approved,50,
2020-08-17T07:00:00Z,8/17/20 0:00,12.48844184,Approved,50,
2020-08-18T07:00:00Z,8/18/20 0:00,12.52708424,Approved,50,
2020-08-19T07:00:00Z,8/19/20 0:00,12.57184087,Approved,50,
2020-08-20T07:00:00Z,8/20/20 0:00,12.69133799,Approved,50,
2020-08-21T07:00:00Z,8/21/20 0:00,12.75530889,Approved,50,
2020-08-22T07:00:00Z,8/22/20 0:00,12.73748451,Approved,50,
2020-08-23T07:00:00Z,8/23/20 0:00,12.74176007,Approved,50,
2020-08-24T07:00:00Z,8/24/20 0:00,12.93308753,Approved,50,
2020-08-25T07:00:00Z,8/25/20 0:00,12.97654955,Approved,50,
2020-08-26T07:00:00Z,8/26/20 0:00,13.02336069,Approved,50,
2020-08-27T07:00:00Z,8/27/20 0:00,12.97359847,Approved,50,
2020-08-28T07:00:00Z,8/28/20 0:00,12.94855795,Approved,50,
2020-08-29T07:00:00Z,8/29/20 0:00,12.90141125,Approved,50,
2020-08-30T07:00:00Z,8/30/20 0:00,12.73116806,Approved,50,
2020-08-31T07:00:00Z,8/31/20 0:00,12.75186247,Approved,50,
2020-09-01T07:00:00Z,9/1/20 0:00,12.8280901,Approved,50,
2020-09-02T07:00:00Z,9/2/20 0:00,12.88763583,Approved,50,
2020-09-03T07:00:00Z,9/3/20 0:00,13.03512691,Approved,50,
2020-09-04T07:00:00Z,9/4/20 0:00,12.79333628,Approved,50,
2020-09-05T07:00:00Z,9/5/20 0:00,12.78188993,Approved,50,
2020-09-06T07:00:00Z,9/6/20 0:00,12.93820875,Approved,50,
2020-09-07T07:00:00Z,9/7/20 0:00,13.04942007,Approved,50,
2020-09-08T07:00:00Z,9/8/20 0:00,13.02628861,Approved,50,
2020-09-09T07:00:00Z,9/9/20 0:00,12.91893344,Approved,50,
2020-09-10T07:00:00Z,9/10/20 0:00,12.8034375,Approved,50,
2020-09-11T07:00:00Z,9/11/20 0:00,12.93446705,Approved,50,
2020-09-12T07:00:00Z,9/12/20 0:00,13.03882201,Approved,50,
2020-09-13T07:00:00Z,9/13/20 0:00,13.29426073,Approved,50,
2020-09-14T07:00:00Z,9/14/20 0:00,13.80674313,Approved,50,
2020-09-15T07:00:00Z,9/15/20 0:00,14.2329149,Approved,50,
2020-09-16T07:00:00Z,9/16/20 0:00,14.69884767,Approved,50,
2020-09-17T07:00:00Z,9/17/20 0:00,15.07526403,Approved,50,
2020-09-18T07:00:00Z,9/18/20 0:00,15.53476413,Approved,50,
2020-09-19T07:00:00Z,9/19/20 0:00,15.92821851,Approved,50,
2020-09-20T07:00:00Z,9/20/20 0:00,16.34004306,Approved,50,
2020-09-21T07:00:00Z,9/21/20 0:00,16.73350142,Approved,50,
2020-09-22T07:00:00Z,9/22/20 0:00,16.93912118,Approved,50,
2020-09-23T07:00:00Z,9/23/20 0:00,17.09857066,Approved,50,
2020-09-24T07:00:00Z,9/24/20 0:00,17.57116521,Approved,50,
2020-09-25T07:00:00Z,9/25/20 0:00,17.83645792,Approved,50,
2020-09-26T07:00:00Z,9/26/20 0:00,18.15592764,Approved,50,
2020-09-27T07:00:00Z,9/27/20 0:00,18.31477094,Approved,50,
2020-09-28T07:00:00Z,9/28/20 0:00,18.40153872,Approved,50,
2020-09-29T07:00:00Z,9/29/20 0:00,18.6501159,Approved,50,
2020-09-30T07:00:00Z,9/30/20 0:00,18.91187076,Approved,50,
2020-10-03T07:00:00Z,10/3/20 0:00,19.10259191,Approved,50,
2020-10-04T07:00:00Z,10/4/20 0:00,19.09552747,Approved,50,
2020-10-05T07:00:00Z,10/5/20 0:00,19.18047531,Approved,50,
2020-10-06T07:00:00Z,10/6/20 0:00,19.78295278,Approved,50,
2020-10-07T07:00:00Z,10/7/20 0:00,20.48762948,Approved,50,
2020-10-08T07:00:00Z,10/8/20 0:00,19.84965472,Approved,50,
2020-10-09T07:00:00Z,10/9/20 0:00,19.94473229,Approved,50,
2020-10-10T07:00:00Z,10/10/20 0:00,19.57187156,Approved,50,
2020-10-11T07:00:00Z,10/11/20 0:00,19.53540104,Approved,50,
2020-10-12T07:00:00Z,10/12/20 0:00,19.39253184,Approved,50,
2020-10-13T07:00:00Z,10/13/20 0:00,19.51238205,Approved,50,
2020-10-14T07:00:00Z,10/14/20 0:00,20.03006382,Approved,50,
2020-10-15T07:00:00Z,10/15/20 0:00,19.80225299,Approved,50,
2020-10-16T07:00:00Z,10/16/20 0:00,20.05295531,Approved,50,
2020-10-17T07:00:00Z,10/17/20 0:00,20.53880198,Approved,50,
2020-10-18T07:00:00Z,10/18/20 0:00,20.51003979,Approved,50,
2020-10-19T07:00:00Z,10/19/20 0:00,20.53835965,Approved,50,
2020-10-20T07:00:00Z,10/20/20 0:00,20.42928035,Approved,50,
2020-10-21T07:00:00Z,10/21/20 0:00,20.5462191,Approved,50,
2020-10-22T07:00:00Z,10/22/20 0:00,21.49492427,Approved,50,
2020-10-23T07:00:00Z,10/23/20 0:00,25.14497875,Approved,50,
2020-10-24T07:00:00Z,10/24/20 0:00,25.86797441,Approved,50,
2020-10-25T07:00:00Z,10/25/20 0:00,26.78524274,Approved,50,
2020-10-26T07:00:00Z,10/26/20 0:00,27.47218302,Approved,50,
2020-10-27T07:00:00Z,10/27/20 0:00,27.14607451,Approved,50,
2020-10-28T07:00:00Z,10/28/20 0:00,27.15383712,Approved,50,
2020-10-29T07:00:00Z,10/29/20 0:00,27.33280247,Approved,50,
2020-10-30T07:00:00Z,10/30/20 0:00,27.85351344,Approved,50,
2020-10-31T07:00:00Z,10/31/20 0:00,28.06534795,Approved,50,
2020-11-01T07:00:00Z,11/1/20 0:00,28.10878372,Approved,50,
2020-11-02T07:00:00Z,11/2/20 0:00,28.15205229,Approved,50,
2020-11-03T07:00:00Z,11/3/20 0:00,27.2237825,Approved,50,
2020-11-04T07:00:00Z,11/4/20 0:00,26.16483674,Approved,50,
2020-11-05T07:00:00Z,11/5/20 0:00,26.18724212,Approved,50,
2020-11-06T07:00:00Z,11/6/20 0:00,24.81587233,Approved,50,
2020-11-07T07:00:00Z,11/7/20 0:00,23.07107882,Approved,50,
2020-11-08T07:00:00Z,11/8/20 0:00,22.61956681,Approved,50,
2020-11-09T07:00:00Z,11/9/20 0:00,24.91255243,Approved,50,
2020-11-10T07:00:00Z,11/10/20 0:00,23.60816306,Approved,50,
2020-11-11T07:00:00Z,11/11/20 0:00,24.58440479,Approved,50,
2020-11-12T07:00:00Z,11/12/20 0:00,25.2774674,Approved,50,
2020-11-13T07:00:00Z,11/13/20 0:00,25.73913059,Approved,50,
2020-11-14T07:00:00Z,11/14/20 0:00,27.01006545,Approved,50,
2020-11-15T07:00:00Z,11/15/20 0:00,27.13085358,Approved,50,
2020-11-16T07:00:00Z,11/16/20 0:00,27.73815233,Approved,50,
2020-11-17T07:00:00Z,11/17/20 0:00,28.13050903,Approved,50,
2020-11-18T07:00:00Z,11/18/20 0:00,28.19722215,Approved,50,
2020-11-19T07:00:00Z,11/19/20 0:00,27.67127656,Approved,50,
2020-11-20T07:00:00Z,11/20/20 0:00,27.80672601,Approved,50,
2020-11-21T07:00:00Z,11/21/20 0:00,27.64953094,Approved,50,
2020-11-22T07:00:00Z,11/22/20 0:00,27.31270976,Approved,50,
2020-11-23T07:00:00Z,11/23/20 0:00,27.50281691,Approved,50,
2020-11-24T07:00:00Z,11/24/20 0:00,25.9619774,Approved,50,
2020-11-25T07:00:00Z,11/25/20 0:00,24.26611601,Approved,50,
2020-11-26T07:00:00Z,11/26/20 0:00,24.57554868,Approved,50,
2020-11-27T07:00:00Z,11/27/20 0:00,27.24830934,Approved,50,
2020-11-28T07:00:00Z,11/28/20 0:00,28.29865497,Approved,50,
2020-11-29T07:00:00Z,11/29/20 0:00,28.25435983,Approved,50,
2020-11-30T07:00:00Z,11/30/20 0:00,28.4028325,Approved,50,
2020-12-01T07:00:00Z,12/1/20 0:00,28.65431649,Approved,50,
2020-12-02T07:00:00Z,12/2/20 0:00,29.25985615,Approved,50,
2020-12-03T07:00:00Z,12/3/20 0:00,29.49351542,Approved,50,
2020-12-04T07:00:00Z,12/4/20 0:00,30.77071406,Approved,50,
2020-12-05T07:00:00Z,12/5/20 0:00,31.22078556,Approved,50,
2020-12-06T07:00:00Z,12/6/20 0:00,31.85070083,Approved,50,
2020-12-07T07:00:00Z,12/7/20 0:00,32.34269309,Approved,50,
2020-12-08T07:00:00Z,12/8/20 0:00,32.61579472,Approved,50,
2020-12-09T07:00:00Z,12/9/20 0:00,32.93252073,Approved,50,
2020-12-10T07:00:00Z,12/10/20 0:00,33.24511819,Approved,50,
2020-12-11T07:00:00Z,12/11/20 0:00,33.38399205,Approved,50,
2020-12-12T07:00:00Z,12/12/20 0:00,33.06087281,Approved,50,
2020-12-13T07:00:00Z,12/13/20 0:00,32.64419014,Approved,50,
2020-12-14T07:00:00Z,12/14/20 0:00,33.16875698,Approved,50,
2020-12-15T07:00:00Z,12/15/20 0:00,32.65449035,Approved,50,
2020-12-16T07:00:00Z,12/16/20 0:00,33.15528903,Approved,50,
2020-12-17T07:00:00Z,12/17/20 0:00,33.38208441,Approved,50,
2020-12-18T07:00:00Z,12/18/20 0:00,34.03213684,Approved,50,
2020-12-19T07:00:00Z,12/19/20 0:00,33.66677441,Approved,50,
2020-12-20T07:00:00Z,12/20/20 0:00,34.05604743,Approved,50,
2020-12-21T07:00:00Z,12/21/20 0:00,33.74277,Approved,50,
2020-12-22T07:00:00Z,12/22/20 0:00,32.84360076,Approved,50,
2020-12-23T07:00:00Z,12/23/20 0:00,33.13162649,Approved,50,
2020-12-24T07:00:00Z,12/24/20 0:00,33.26404128,Approved,50,
2020-12-25T07:00:00Z,12/25/20 0:00,32.46235476,Approved,50,
2020-12-26T07:00:00Z,12/26/20 0:00,32.09925913,Approved,50,
2020-12-27T07:00:00Z,12/27/20 0:00,32.68194903,Approved,50,
2020-12-28T07:00:00Z,12/28/20 0:00,31.99067135,Approved,50,
2020-12-29T07:00:00Z,12/29/20 0:00,34.43056267,Approved,50,
2020-12-30T07:00:00Z,12/30/20 0:00,34.85418198,Approved,50,
2020-12-31T07:00:00Z,12/31/20 0:00,33.15739826,Approved,50,
2021-01-01T07:00:00Z,1/1/21 0:00,32.32311819,Approved,50,
2021-01-02T07:00:00Z,1/2/21 0:00,33.12182868,Approved,50,
2021-01-03T07:00:00Z,1/3/21 0:00,33.89173767,Approved,50,
2021-01-04T07:00:00Z,1/4/21 0:00,34.67974729,Approved,50,
2021-01-05T07:00:00Z,1/5/21 0:00,35.69871417,Approved,50,
2021-01-06T07:00:00Z,1/6/21 0:00,34.06404628,Approved,50,
2021-01-07T07:00:00Z,1/7/21 0:00,34.35891424,Approved,50,
2021-01-08T07:00:00Z,1/8/21 0:00,33.26712906,Approved,50,
2021-01-09T07:00:00Z,1/9/21 0:00,33.9975,Approved,50,
2021-01-10T07:00:00Z,1/10/21 0:00,33.825625,Approved,50,
2021-01-11T07:00:00Z,1/11/21 0:00,33.74979167,Approved,50,
2021-01-12T07:00:00Z,1/12/21 0:00,33.32770833,Approved,50,
2021-01-13T07:00:00Z,1/13/21 0:00,32.15854167,Approved,50,
2021-01-14T07:00:00Z,1/14/21 0:00,32.7975,Approved,50,
2021-01-15T07:00:00Z,1/15/21 0:00,31.01416667,Approved,50,
2021-01-16T07:00:00Z,1/16/21 0:00,31.53583333,Approved,50,
2021-01-17T07:00:00Z,1/17/21 0:00,34.34270833,Approved,50,
2021-01-18T07:00:00Z,1/18/21 0:00,32.14083333,Approved,50,
2021-01-19T07:00:00Z,1/19/21 0:00,33.91625,Approved,50,
2021-01-20T07:00:00Z,1/20/21 0:00,30.898125,Approved,50,
2021-01-21T07:00:00Z,1/21/21 0:00,28.35729167,Approved,50,
2021-01-26T07:00:00Z,1/26/21 0:00,29.08416667,Approved,50,
2021-01-27T07:00:00Z,1/27/21 0:00,29.36708333,Approved,50,
2021-01-28T07:00:00Z,1/28/21 0:00,29.72541667,Approved,50,
2021-02-05T07:00:00Z,2/5/21 0:00,32.624375,Approved,50,
2021-02-08T07:00:00Z,2/8/21 0:00,30.37717274,Approved,50,
2021-02-09T07:00:00Z,2/9/21 0:00,30.81493191,Approved,50,
2021-02-10T07:00:00Z,2/10/21 0:00,31.70076483,Approved,50,
2021-02-11T07:00:00Z,2/11/21 0:00,32.54676753,Approved,50,
2021-02-12T07:00:00Z,2/12/21 0:00,31.78210479,Approved,50,
2021-02-13T07:00:00Z,2/13/21 0:00,32.56730295,Approved,50,
2021-02-14T07:00:00Z,2/14/21 0:00,33.62927712,Approved,50,
2021-02-15T07:00:00Z,2/15/21 0:00,32.16817219,Approved,50,
2021-02-16T07:00:00Z,2/16/21 0:00,31.41052087,Approved,50,
2021-02-17T07:00:00Z,2/17/21 0:00,31.96312569,Approved,50,
2021-02-18T07:00:00Z,2/18/21 0:00,33.11332851,Approved,50,
2021-02-19T07:00:00Z,2/19/21 0:00,33.53027517,Approved,50,
2021-02-20T07:00:00Z,2/20/21 0:00,32.48659823,Approved,50,
2021-02-21T07:00:00Z,2/21/21 0:00,33.71570906,Approved,50,
2021-02-22T07:00:00Z,2/22/21 0:00,34.81303097,Approved,50,
2021-02-23T07:00:00Z,2/23/21 0:00,33.58779403,Approved,50,
2021-02-24T07:00:00Z,2/24/21 0:00,35.73125653,Approved,50,
2021-02-25T07:00:00Z,2/25/21 0:00,36.77581,Approved,50,
2021-03-17T07:00:00Z,3/17/21 0:00,28.65318917,Approved,50,
2021-03-18T07:00:00Z,3/18/21 0:00,29.37070188,Approved,50,
2021-03-19T07:00:00Z,3/19/21 0:00,30.27105955,Approved,50,
2021-03-20T07:00:00Z,3/20/21 0:00,29.76962111,Approved,50,
2021-03-21T07:00:00Z,3/21/21 0:00,30.70217149,Approved,50,
2021-03-22T07:00:00Z,3/22/21 0:00,30.81141049,Approved,50,
2021-03-23T07:00:00Z,3/23/21 0:00,31.21946194,Approved,50,
2021-03-24T07:00:00Z,3/24/21 0:00,30.92396635,Approved,50,
2021-03-25T07:00:00Z,3/25/21 0:00,31.07940705,Approved,50,
2021-03-26T07:00:00Z,3/26/21 0:00,31.04793309,Approved,50,
2021-03-27T07:00:00Z,3/27/21 0:00,30.78855462,Approved,50,
2021-03-28T07:00:00Z,3/28/21 0:00,30.10424125,Approved,50,
2021-03-29T07:00:00Z,3/29/21 0:00,30.19322858,Approved,50,
2021-03-30T07:00:00Z,3/30/21 0:00,30.94236958,Approved,50,
2021-03-31T07:00:00Z,3/31/21 0:00,32.00356316,Approved,50,
2021-04-01T07:00:00Z,4/1/21 0:00,30.86638795,Approved,50,
2021-04-02T07:00:00Z,4/2/21 0:00,32.57427201,Approved,50,
2021-04-03T07:00:00Z,4/3/21 0:00,31.75787427,Approved,50,
2021-04-04T07:00:00Z,4/4/21 0:00,32.04602535,Approved,50,
2021-04-05T07:00:00Z,4/5/21 0:00,31.69479083,Approved,50,
2021-04-06T07:00:00Z,4/6/21 0:00,30.40428417,Approved,50,
2021-04-07T07:00:00Z,4/7/21 0:00,28.75990611,Approved,50,
2021-04-08T07:00:00Z,4/8/21 0:00,27.28562382,Approved,50,
2021-04-09T07:00:00Z,4/9/21 0:00,26.03510087,Approved,50,
2021-04-10T07:00:00Z,4/10/21 0:00,25.96713618,Approved,50,
2021-04-11T07:00:00Z,4/11/21 0:00,24.99652483,Approved,50,
2021-04-12T07:00:00Z,4/12/21 0:00,25.22346955,Approved,50,
2021-04-13T07:00:00Z,4/13/21 0:00,25.72493774,Approved,50,
2021-04-14T07:00:00Z,4/14/21 0:00,22.5864708,Approved,50,
2021-04-15T07:00:00Z,4/15/21 0:00,19.78784274,Approved,50,
2021-04-16T07:00:00Z,4/16/21 0:00,19.09160802,Approved,50,
2021-04-17T07:00:00Z,4/17/21 0:00,19.51811302,Approved,50,
2021-04-18T07:00:00Z,4/18/21 0:00,20.31762292,Approved,50,
2021-04-19T07:00:00Z,4/19/21 0:00,21.00540038,Approved,50,
2021-04-20T07:00:00Z,4/20/21 0:00,21.83582458,Approved,50,
2021-04-21T07:00:00Z,4/21/21 0:00,22.50066628,Approved,50,
2021-04-22T07:00:00Z,4/22/21 0:00,23.10400483,Approved,50,
2021-04-23T07:00:00Z,4/23/21 0:00,23.81412479,Approved,50,
2021-04-24T07:00:00Z,4/24/21 0:00,24.79288847,Approved,50,
2021-04-25T07:00:00Z,4/25/21 0:00,26.27085826,Approved,50,
2021-04-26T07:00:00Z,4/26/21 0:00,25.15434302,Approved,50,
2021-04-27T07:00:00Z,4/27/21 0:00,25.47989066,Approved,50,
2021-04-28T07:00:00Z,4/28/21 0:00,25.69780924,Approved,50,
2021-04-29T07:00:00Z,4/29/21 0:00,25.57505604,Approved,50,
2021-04-30T07:00:00Z,4/30/21 0:00,25.12771535,Approved,50,
2021-05-01T07:00:00Z,5/1/21 0:00,24.76670872,Approved,50,
2021-05-02T07:00:00Z,5/2/21 0:00,21.6225351,Approved,50,
2021-05-03T07:00:00Z,5/3/21 0:00,18.98147198,Approved,50,
2021-05-04T07:00:00Z,5/4/21 0:00,18.58613378,Approved,50,
2021-05-05T07:00:00Z,5/5/21 0:00,19.2428901,Approved,50,
2021-05-06T07:00:00Z,5/6/21 0:00,19.81100743,Approved,50,
2021-05-07T07:00:00Z,5/7/21 0:00,20.22274795,Approved,50,
2021-05-08T07:00:00Z,5/8/21 0:00,20.33530931,Approved,50,
2021-05-09T07:00:00Z,5/9/21 0:00,18.12898868,Approved,50,
2021-05-10T07:00:00Z,5/10/21 0:00,17.31467347,Approved,50,
2021-05-11T07:00:00Z,5/11/21 0:00,17.29375597,Approved,50,
2021-05-12T07:00:00Z,5/12/21 0:00,17.73159958,Approved,50,
2021-05-13T07:00:00Z,5/13/21 0:00,18.53993792,Approved,50,
2021-05-14T07:00:00Z,5/14/21 0:00,19.37539615,Approved,50,
2021-05-15T07:00:00Z,5/15/21 0:00,19.81999566,Approved,50,
2021-05-16T07:00:00Z,5/16/21 0:00,19.04991767,Approved,50,
2021-05-17T07:00:00Z,5/17/21 0:00,16.94734656,Approved,50,
2021-05-18T07:00:00Z,5/18/21 0:00,16.70145566,Approved,50,
2021-05-19T07:00:00Z,5/19/21 0:00,18.59019319,Approved,50,
2021-05-20T07:00:00Z,5/20/21 0:00,18.02027351,Approved,50,
2021-05-21T07:00:00Z,5/21/21 0:00,18.08399781,Approved,50,
2021-05-22T07:00:00Z,5/22/21 0:00,16.64535719,Approved,50,
2021-05-23T07:00:00Z,5/23/21 0:00,17.03602444,Approved,50,
2021-05-24T07:00:00Z,5/24/21 0:00,15.88972823,Approved,50,
2021-05-25T07:00:00Z,5/25/21 0:00,17.10831125,Approved,50,
2021-05-26T07:00:00Z,5/26/21 0:00,17.12696115,Approved,50,
2021-05-27T07:00:00Z,5/27/21 0:00,16.00531774,Approved,50,
2021-05-28T07:00:00Z,5/28/21 0:00,15.74261344,Approved,50,
2021-05-29T07:00:00Z,5/29/21 0:00,14.79509642,Approved,50,
2021-05-30T07:00:00Z,5/30/21 0:00,14.41548882,Approved,50,
2021-05-31T07:00:00Z,5/31/21 0:00,14.58456969,Approved,50,
2021-06-01T07:00:00Z,6/1/21 0:00,15.69624535,Approved,50,
2021-06-02T07:00:00Z,6/2/21 0:00,16.67029854,Approved,50,
2021-06-03T07:00:00Z,6/3/21 0:00,16.92157191,Approved,50,
2021-06-04T07:00:00Z,6/4/21 0:00,16.26099542,Approved,50,
2021-06-05T07:00:00Z,6/5/21 0:00,15.43198222,Approved,50,
2021-06-06T07:00:00Z,6/6/21 0:00,15.04143358,Approved,50,
2021-06-07T07:00:00Z,6/7/21 0:00,14.47761639,Approved,50,
2021-06-08T07:00:00Z,6/8/21 0:00,14.20841389,Approved,50,
2021-06-09T07:00:00Z,6/9/21 0:00,14.85090903,Approved,50,
2021-06-10T07:00:00Z,6/10/21 0:00,18.15722059,Approved,50,
2021-06-11T07:00:00Z,6/11/21 0:00,18.36015962,Approved,50,
2021-06-12T07:00:00Z,6/12/21 0:00,18.53709809,Approved,50,
2021-06-13T07:00:00Z,6/13/21 0:00,18.94891403,Approved,50,
2021-06-14T07:00:00Z,6/14/21 0:00,19.07869806,Approved,50,
2021-06-15T07:00:00Z,6/15/21 0:00,18.4513234,Approved,50,
2021-06-16T07:00:00Z,6/16/21 0:00,18.56101837,Approved,50,
2021-06-17T07:00:00Z,6/17/21 0:00,18.83391181,Approved,50,
2021-06-18T07:00:00Z,6/18/21 0:00,16.95726087,Approved,50,
2021-06-19T07:00:00Z,6/19/21 0:00,15.91848764,Approved,50,
2021-06-20T07:00:00Z,6/20/21 0:00,15.60284719,Approved,50,
2021-06-21T07:00:00Z,6/21/21 0:00,15.73892042,Approved,50,
2021-06-22T07:00:00Z,6/22/21 0:00,16.4284034,Approved,50,
2021-06-23T07:00:00Z,6/23/21 0:00,16.34651802,Approved,50,
2021-06-24T07:00:00Z,6/24/21 0:00,16.39038583,Approved,50,
2021-06-25T07:00:00Z,6/25/21 0:00,16.49088278,Approved,50,
2021-06-26T07:00:00Z,6/26/21 0:00,16.24465417,Approved,50,
2021-06-27T07:00:00Z,6/27/21 0:00,16.48600542,Approved,50,
2021-06-28T07:00:00Z,6/28/21 0:00,16.97820747,Approved,50,
2021-06-29T07:00:00Z,6/29/21 0:00,17.28674712,Approved,50,
2021-06-30T07:00:00Z,6/30/21 0:00,17.35364174,Approved,50,
2021-07-01T07:00:00Z,7/1/21 0:00,17.41841934,Approved,50,
2021-07-02T07:00:00Z,7/2/21 0:00,17.92416167,Approved,50,
2021-07-03T07:00:00Z,7/3/21 0:00,17.3850925,Approved,50,
2021-07-04T07:00:00Z,7/4/21 0:00,15.40352233,Approved,50,
2021-07-05T07:00:00Z,7/5/21 0:00,15.53225451,Approved,50,
2021-07-06T07:00:00Z,7/6/21 0:00,15.43650976,Approved,50,
2021-07-07T07:00:00Z,7/7/21 0:00,15.62681736,Approved,50,
2021-07-08T07:00:00Z,7/8/21 0:00,14.82587479,Approved,50,
2021-07-09T07:00:00Z,7/9/21 0:00,14.11549069,Approved,50,
2021-07-14T07:00:00Z,7/14/21 0:00,13.14277403,Approved,50,
2021-07-15T07:00:00Z,7/15/21 0:00,13.23342493,Approved,50,
2021-07-16T07:00:00Z,7/16/21 0:00,13.22533528,Approved,50,
2021-07-18T07:00:00Z,7/18/21 0:00,13.11374885,Approved,50,
2021-07-19T07:00:00Z,7/19/21 0:00,13.14168715,Approved,50,
2021-07-20T07:00:00Z,7/20/21 0:00,13.2170667,Approved,50,
2021-07-21T07:00:00Z,7/21/21 0:00,13.04429889,Approved,50,
2021-07-22T07:00:00Z,7/22/21 0:00,13.81886333,Approved,50,
2021-07-23T07:00:00Z,7/23/21 0:00,13.40391514,Approved,50,
2021-07-24T07:00:00Z,7/24/21 0:00,12.96047771,Approved,50,
2021-07-25T07:00:00Z,7/25/21 0:00,12.88232913,Approved,50,
2021-07-26T07:00:00Z,7/26/21 0:00,12.85090444,Approved,50,
2021-07-27T07:00:00Z,7/27/21 0:00,12.8904176,Approved,50,
2021-07-28T07:00:00Z,7/28/21 0:00,12.86701378,Approved,50,
2021-07-29T07:00:00Z,7/29/21 0:00,12.80023757,Approved,50,
2021-07-30T07:00:00Z,7/30/21 0:00,12.70073333,Approved,50,
2021-07-31T07:00:00Z,7/31/21 0:00,12.4403085,Approved,50,
2021-08-01T07:00:00Z,8/1/21 0:00,12.53342552,Approved,50,
2021-08-02T07:00:00Z,8/2/21 0:00,13.17833521,Approved,50,
2021-08-03T07:00:00Z,8/3/21 0:00,13.52979771,Approved,50,
2021-08-04T07:00:00Z,8/4/21 0:00,14.28367021,Approved,50,
2021-08-05T07:00:00Z,8/5/21 0:00,15.15918028,Approved,50,
2021-08-06T07:00:00Z,8/6/21 0:00,15.62420813,Approved,50,
2021-08-07T07:00:00Z,8/7/21 0:00,15.85202781,Approved,50,
2021-08-08T07:00:00Z,8/8/21 0:00,15.90580715,Approved,50,
2021-08-09T07:00:00Z,8/9/21 0:00,15.73935819,Approved,50,
2021-08-10T07:00:00Z,8/10/21 0:00,15.78338861,Approved,50,
2021-08-11T07:00:00Z,8/11/21 0:00,15.76883066,Approved,50,
2021-08-12T07:00:00Z,8/12/21 0:00,15.28767306,Approved,50,
2021-08-13T07:00:00Z,8/13/21 0:00,15.03734035,Approved,50,
2021-08-14T07:00:00Z,8/14/21 0:00,14.96429122,Approved,50,
2021-08-15T07:00:00Z,8/15/21 0:00,14.91798413,Approved,50,
2021-08-16T07:00:00Z,8/16/21 0:00,14.95067451,Approved,50,
2021-08-17T07:00:00Z,8/17/21 0:00,14.94433476,Approved,50,
2021-08-18T07:00:00Z,8/18/21 0:00,14.99935399,Approved,50,
2021-08-19T07:00:00Z,8/19/21 0:00,14.93656882,Approved,50,
2021-08-20T07:00:00Z,8/20/21 0:00,14.88198351,Approved,50,
2021-08-21T07:00:00Z,8/21/21 0:00,14.69632969,Approved,50,
2021-08-22T07:00:00Z,8/22/21 0:00,14.82508344,Approved,50,
2021-08-23T07:00:00Z,8/23/21 0:00,14.96278,Approved,50,
2021-08-24T07:00:00Z,8/24/21 0:00,15.09237924,Approved,50,
2021-08-25T07:00:00Z,8/25/21 0:00,15.26672031,Approved,50,
2021-08-26T07:00:00Z,8/26/21 0:00,15.36793927,Approved,50,
2021-08-27T07:00:00Z,8/27/21 0:00,15.40730052,Approved,50,
2021-08-28T07:00:00Z,8/28/21 0:00,15.45064684,Approved,50,
2021-08-29T07:00:00Z,8/29/21 0:00,15.49900986,Approved,50,
2021-09-02T07:00:00Z,9/2/21 0:00,15.71767198,Approved,50,
2021-09-05T07:00:00Z,9/5/21 0:00,15.9691341,Approved,50,
2021-09-06T07:00:00Z,9/6/21 0:00,16.02302122,Approved,50,
2021-09-07T07:00:00Z,9/7/21 0:00,16.16183688,Approved,50,
2021-09-08T07:00:00Z,9/8/21 0:00,16.38958576,Approved,50,
2021-09-09T07:00:00Z,9/9/21 0:00,16.44252052,Approved,50,
2021-09-10T07:00:00Z,9/10/21 0:00,16.60713993,Approved,50,
2021-09-11T07:00:00Z,9/11/21 0:00,16.74949469,Approved,50,
2021-09-12T07:00:00Z,9/12/21 0:00,16.73512406,Approved,50,
2021-09-13T07:00:00Z,9/13/21 0:00,16.7892501,Approved,50,
2021-09-14T07:00:00Z,9/14/21 0:00,16.86998941,Approved,50,
2021-09-15T07:00:00Z,9/15/21 0:00,16.98343628,Approved,50,
2021-09-17T07:00:00Z,9/17/21 0:00,16.75817639,Approved,50,
2021-09-18T07:00:00Z,9/18/21 0:00,16.87551934,Approved,50,
2021-09-19T07:00:00Z,9/19/21 0:00,16.96703333,Approved,50,
2021-09-20T07:00:00Z,9/20/21 0:00,16.92883188,Approved,50,
2021-09-21T07:00:00Z,9/21/21 0:00,16.85397014,Approved,50,
2021-09-22T07:00:00Z,9/22/21 0:00,17.10959618,Approved,50,
2021-09-23T07:00:00Z,9/23/21 0:00,17.36315149,Approved,50,
2021-09-24T07:00:00Z,9/24/21 0:00,17.51436649,Approved,50,
2021-09-25T07:00:00Z,9/25/21 0:00,17.59823771,Approved,50,
2021-09-26T07:00:00Z,9/26/21 0:00,17.64141545,Approved,50,
2021-09-27T07:00:00Z,9/27/21 0:00,17.76164535,Approved,50,
2021-09-28T07:00:00Z,9/28/21 0:00,17.77735188,Approved,50,
2021-09-29T07:00:00Z,9/29/21 0:00,17.91451639,Approved,50,
2021-09-30T07:00:00Z,9/30/21 0:00,18.0520059,Approved,50,
2021-10-01T07:00:00Z,10/1/21 0:00,18.17090788,Approved,50,
2021-10-02T07:00:00Z,10/2/21 0:00,18.40138056,Approved,50,
2021-10-03T07:00:00Z,10/3/21 0:00,18.51996632,Approved,50,
2021-10-04T07:00:00Z,10/4/21 0:00,18.80306403,Approved,50,
2021-10-05T07:00:00Z,10/5/21 0:00,19.01718028,Approved,50,
2021-10-06T07:00:00Z,10/6/21 0:00,19.18167705,Approved,50,
2021-10-07T07:00:00Z,10/7/21 0:00,19.36445476,Approved,50,
2021-10-08T07:00:00Z,10/8/21 0:00,19.63801219,Approved,50,
2021-10-10T07:00:00Z,10/10/21 0:00,19.87044014,Analyzed,50,
2021-10-11T07:00:00Z,10/11/21 0:00,20.31310257,Analyzed,50,
2021-10-12T07:00:00Z,10/12/21 0:00,20.72493413,Analyzed,50,
2021-10-13T07:00:00Z,10/13/21 0:00,20.77311472,Analyzed,50,
2021-10-14T07:00:00Z,10/14/21 0:00,21.19124003,Analyzed,50,
2021-10-15T07:00:00Z,10/15/21 0:00,21.47534979,Analyzed,50,
2021-10-16T07:00:00Z,10/16/21 0:00,21.71058222,Analyzed,50,
2021-10-17T07:00:00Z,10/17/21 0:00,22.37983566,Analyzed,50,
2021-10-18T07:00:00Z,10/18/21 0:00,22.76453458,Analyzed,50,
2021-10-19T07:00:00Z,10/19/21 0:00,22.6321942,Analyzed,50,
2021-10-20T07:00:00Z,10/20/21 0:00,22.63917063,Analyzed,50,
2021-10-21T07:00:00Z,10/21/21 0:00,22.90803917,Analyzed,50,
2021-10-22T07:00:00Z,10/22/21 0:00,23.00176431,Analyzed,50,
2021-10-23T07:00:00Z,10/23/21 0:00,23.13409038,Analyzed,50,
2021-10-24T07:00:00Z,10/24/21 0:00,22.79118503,Analyzed,50,
2021-10-25T07:00:00Z,10/25/21 0:00,22.58994403,Analyzed,50,
2021-10-26T07:00:00Z,10/26/21 0:00,22.51541146,Analyzed,50,
2021-10-27T07:00:00Z,10/27/21 0:00,22.3162424,Analyzed,50,
2021-10-28T07:00:00Z,10/28/21 0:00,22.58030559,Analyzed,50,
2021-10-29T07:00:00Z,10/29/21 0:00,22.79057174,Analyzed,50,
2021-10-30T07:00:00Z,10/30/21 0:00,22.81415601,Analyzed,50,
2021-10-31T07:00:00Z,10/31/21 0:00,22.97577462,Analyzed,50,
2021-11-01T07:00:00Z,11/1/21 0:00,22.98253326,Analyzed,50,
2021-11-02T07:00:00Z,11/2/21 0:00,23.00502448,Analyzed,50,
2021-11-03T07:00:00Z,11/3/21 0:00,23.03945681,Analyzed,50,
2021-11-04T07:00:00Z,11/4/21 0:00,23.12386837,Analyzed,50,
2021-11-05T07:00:00Z,11/5/21 0:00,23.2201575,Analyzed,50,
2021-11-06T07:00:00Z,11/6/21 0:00,23.18154396,Analyzed,50,
2021-11-07T07:00:00Z,11/7/21 0:00,23.28898031,Analyzed,50,
2021-11-08T07:00:00Z,11/8/21 0:00,23.29022771,Analyzed,50,
2021-11-09T07:00:00Z,11/9/21 0:00,23.45076153,Analyzed,50,
2021-11-10T07:00:00Z,11/10/21 0:00,23.55339132,Analyzed,50,
2021-11-11T07:00:00Z,11/11/21 0:00,23.60967399,Analyzed,50,
2021-11-12T07:00:00Z,11/12/21 0:00,23.85618615,Analyzed,50,
2021-11-13T07:00:00Z,11/13/21 0:00,23.84598184,Analyzed,50,
2021-11-14T07:00:00Z,11/14/21 0:00,23.90267802,Analyzed,50,
2021-11-15T07:00:00Z,11/15/21 0:00,23.97816125,Analyzed,50,
2021-11-16T07:00:00Z,11/16/21 0:00,24.07620774,Analyzed,50,
2021-11-17T07:00:00Z,11/17/21 0:00,24.20603076,Analyzed,50,
2021-11-18T07:00:00Z,11/18/21 0:00,24.4366251,Analyzed,50,
2021-11-19T07:00:00Z,11/19/21 0:00,24.91286427,Analyzed,50,
2021-11-20T07:00:00Z,11/20/21 0:00,25.0875401,Analyzed,50,
2021-11-21T07:00:00Z,11/21/21 0:00,25.2730801,Analyzed,50,
2021-11-22T07:00:00Z,11/22/21 0:00,25.35193969,Analyzed,50,
2021-11-23T07:00:00Z,11/23/21 0:00,25.88593698,Analyzed,50,
2021-11-24T07:00:00Z,11/24/21 0:00,26.34601576,Analyzed,50,
2021-11-25T07:00:00Z,11/25/21 0:00,26.64333826,Analyzed,50,
2021-11-26T07:00:00Z,11/26/21 0:00,26.38771174,Analyzed,50,
2021-11-27T07:00:00Z,11/27/21 0:00,26.51416625,Analyzed,50,
2021-11-28T07:00:00Z,11/28/21 0:00,26.84910976,Analyzed,50,
2021-11-29T07:00:00Z,11/29/21 0:00,27.11136878,Analyzed,50,
2021-11-30T07:00:00Z,11/30/21 0:00,27.31365503,Analyzed,50,
2021-12-03T07:00:00Z,12/3/21 0:00,28.32389243,Analyzed,50,
2021-12-04T07:00:00Z,12/4/21 0:00,28.56350389,Analyzed,50,
2021-12-05T07:00:00Z,12/5/21 0:00,28.72253059,Analyzed,50,
2021-12-10T07:00:00Z,12/10/21 0:00,29.65828368,Analyzed,50,
2021-12-11T07:00:00Z,12/11/21 0:00,29.40557535,Analyzed,50,
2021-12-12T07:00:00Z,12/12/21 0:00,28.32883118,Analyzed,50,
2021-12-13T07:00:00Z,12/13/21 0:00,28.9454299,Analyzed,50,
2021-12-14T07:00:00Z,12/14/21 0:00,29.86509788,Analyzed,50,
2021-12-15T07:00:00Z,12/15/21 0:00,29.94442969,Analyzed,50,
2021-12-16T07:00:00Z,12/16/21 0:00,29.76281479,Analyzed,50,
2021-12-17T07:00:00Z,12/17/21 0:00,30.25450903,Analyzed,50,
2021-12-18T07:00:00Z,12/18/21 0:00,30.63626795,Analyzed,50,
2021-12-19T07:00:00Z,12/19/21 0:00,31.51015861,Analyzed,50,
2021-12-20T07:00:00Z,12/20/21 0:00,32.15122628,Analyzed,50,
2021-12-21T07:00:00Z,12/21/21 0:00,31.7124701,Analyzed,50,
2021-12-22T07:00:00Z,12/22/21 0:00,31.9965908,Analyzed,50,
2021-12-23T07:00:00Z,12/23/21 0:00,32.32811247,Analyzed,50,
2021-12-24T07:00:00Z,12/24/21 0:00,32.67732295,Analyzed,50,
2021-12-25T07:00:00Z,12/25/21 0:00,31.7243324,Analyzed,50,
2021-12-26T07:00:00Z,12/26/21 0:00,31.10340153,Analyzed,50,
2021-12-27T07:00:00Z,12/27/21 0:00,30.08038708,Analyzed,50,
2021-12-28T07:00:00Z,12/28/21 0:00,29.33711375,Analyzed,50,
2021-12-29T07:00:00Z,12/29/21 0:00,29.2844133,Analyzed,50,
2021-12-30T07:00:00Z,12/30/21 0:00,29.15451378,Analyzed,50,
2021-12-31T07:00:00Z,12/31/21 0:00,29.04233806,Analyzed,50,
2022-01-01T07:00:00Z,1/1/22 0:00,28.81424323,Analyzed,50,
2022-01-02T07:00:00Z,1/2/22 0:00,29.23359076,Analyzed,50,
2022-01-03T07:00:00Z,1/3/22 0:00,29.27583243,Analyzed,50,
2022-01-04T07:00:00Z,1/4/22 0:00,29.44788309,Analyzed,50,
2022-01-05T07:00:00Z,1/5/22 0:00,29.05912566,Analyzed,50,
2022-01-06T07:00:00Z,1/6/22 0:00,29.07153083,Analyzed,50,
2022-01-07T07:00:00Z,1/7/22 0:00,29.34208319,Analyzed,50,
2022-01-08T07:00:00Z,1/8/22 0:00,29.81422778,Analyzed,50,
2022-01-09T07:00:00Z,1/9/22 0:00,30.05479361,Analyzed,50,
2022-01-10T07:00:00Z,1/10/22 0:00,29.91589472,Analyzed,50,
2022-01-11T07:00:00Z,1/11/22 0:00,29.96432917,Analyzed,50,
2022-01-12T07:00:00Z,1/12/22 0:00,29.92984694,Analyzed,50,
2022-01-13T07:00:00Z,1/13/22 0:00,30.07876878,Analyzed,50,
2022-01-14T07:00:00Z,1/14/22 0:00,30.39904649,Analyzed,50,
2022-01-15T07:00:00Z,1/15/22 0:00,30.37938865,Analyzed,50,
2022-01-16T07:00:00Z,1/16/22 0:00,30.22986035,Analyzed,50,
2022-01-17T07:00:00Z,1/17/22 0:00,30.22653885,Analyzed,50,
2022-01-18T07:00:00Z,1/18/22 0:00,30.27079135,Analyzed,50,
2022-01-19T07:00:00Z,1/19/22 0:00,30.341005,Analyzed,50,
2022-01-20T07:00:00Z,1/20/22 0:00,30.83252861,Analyzed,50,
2022-01-21T07:00:00Z,1/21/22 0:00,30.76047222,Analyzed,50,
2022-02-11T07:00:00Z,2/11/22 0:00,31.52332914,Analyzed,50,
2022-02-12T07:00:00Z,2/12/22 0:00,30.76819083,Analyzed,50,
2022-02-13T07:00:00Z,2/13/22 0:00,30.20293056,Analyzed,50,
2022-02-14T07:00:00Z,2/14/22 0:00,30.71652118,Analyzed,50,
2022-02-15T07:00:00Z,2/15/22 0:00,30.26758222,Analyzed,50,
2022-02-16T07:00:00Z,2/16/22 0:00,30.54436372,Analyzed,50,
2022-02-17T07:00:00Z,2/17/22 0:00,30.98744302,Analyzed,50,
2022-02-18T07:00:00Z,2/18/22 0:00,29.67381802,Analyzed,50,
2022-02-19T07:00:00Z,2/19/22 0:00,29.25836243,Analyzed,50,
2022-02-20T07:00:00Z,2/20/22 0:00,29.63723979,Analyzed,50,
2022-02-21T07:00:00Z,2/21/22 0:00,30.32194653,Analyzed,50,
2022-02-22T07:00:00Z,2/22/22 0:00,30.35600573,Analyzed,50,
2022-02-23T07:00:00Z,2/23/22 0:00,29.86871743,Analyzed,50,
2022-02-24T07:00:00Z,2/24/22 0:00,29.30970771,Analyzed,50,
2022-02-25T07:00:00Z,2/25/22 0:00,29.19997344,Analyzed,50,
2022-02-26T07:00:00Z,2/26/22 0:00,29.68833063,Analyzed,50,
2022-02-27T07:00:00Z,2/27/22 0:00,29.93385583,Analyzed,50,
2022-02-28T07:00:00Z,2/28/22 0:00,30.38378993,Analyzed,50,
2022-03-01T07:00:00Z,3/1/22 0:00,30.52877469,Analyzed,50,
2022-03-02T07:00:00Z,3/2/22 0:00,30.35917441,Analyzed,50,
2022-03-03T07:00:00Z,3/3/22 0:00,30.30159889,Analyzed,50,
2022-03-04T07:00:00Z,3/4/22 0:00,29.90902507,Analyzed,50,
2022-03-05T07:00:00Z,3/5/22 0:00,29.4421575,Analyzed,50,
2022-03-06T07:00:00Z,3/6/22 0:00,28.80530576,Analyzed,50,
2022-03-07T07:00:00Z,3/7/22 0:00,28.13679472,Analyzed,50,
2022-03-08T07:00:00Z,3/8/22 0:00,27.2168592,Analyzed,50,
2022-03-09T07:00:00Z,3/9/22 0:00,26.96271597,Analyzed,50,
2022-03-10T07:00:00Z,3/10/22 0:00,27.68328347,Analyzed,50,
2022-03-11T07:00:00Z,3/11/22 0:00,27.84739913,Analyzed,50,
2022-03-12T07:00:00Z,3/12/22 0:00,28.37997552,Analyzed,50,
2022-03-13T07:00:00Z,3/13/22 0:00,28.67437483,Analyzed,50,
2022-03-14T07:00:00Z,3/14/22 0:00,28.87919615,Analyzed,50,
2022-03-15T07:00:00Z,3/15/22 0:00,28.66837014,Analyzed,50,
2022-03-16T07:00:00Z,3/16/22 0:00,28.81477434,Analyzed,50,
2022-03-17T07:00:00Z,3/17/22 0:00,28.69182503,Analyzed,50,
2022-03-29T07:00:00Z,3/29/22 0:00,24.9507533,Analyzed,50,
2022-03-30T07:00:00Z,3/30/22 0:00,24.11861931,Analyzed,50,
2022-03-31T07:00:00Z,3/31/22 0:00,23.02368545,Analyzed,50,
2022-04-01T07:00:00Z,4/1/22 0:00,22.40889958,Analyzed,50,
2022-04-02T07:00:00Z,4/2/22 0:00,22.63945271,Analyzed,50,
2022-04-21T07:00:00Z,4/21/22 0:00,22.85814545,Analyzed,50,
2022-04-22T07:00:00Z,4/22/22 0:00,22.61162945,Analyzed,50,
2022-04-23T07:00:00Z,4/23/22 0:00,21.99440439,Analyzed,50,
2022-04-24T07:00:00Z,4/24/22 0:00,21.4268721,Analyzed,50,
2022-04-25T07:00:00Z,4/25/22 0:00,20.09039603,Analyzed,50,
2022-04-26T07:00:00Z,4/26/22 0:00,19.55003108,Analyzed,50,
2022-04-27T07:00:00Z,4/27/22 0:00,19.0354323,Analyzed,50,
2022-04-28T07:00:00Z,4/28/22 0:00,19.17130692,Analyzed,50,
2022-04-29T07:00:00Z,4/29/22 0:00,19.39233686,Analyzed,50,
2022-04-30T07:00:00Z,4/30/22 0:00,19.34629645,Analyzed,50,
2022-05-01T07:00:00Z,5/1/22 0:00,19.62292312,Analyzed,50,
2022-05-02T07:00:00Z,5/2/22 0:00,19.8269508,Analyzed,50,
2022-05-03T07:00:00Z,5/3/22 0:00,18.97002196,Analyzed,50,
2022-05-04T07:00:00Z,5/4/22 0:00,20.08273148,Analyzed,50,
2022-05-05T07:00:00Z,5/5/22 0:00,21.26475124,Analyzed,50,
2022-05-06T07:00:00Z,5/6/22 0:00,20.95175725,Analyzed,50,
2022-05-07T07:00:00Z,5/7/22 0:00,21.57163778,Analyzed,50,
2022-05-08T07:00:00Z,5/8/22 0:00,19.98436956,Analyzed,50,
2022-05-09T07:00:00Z,5/9/22 0:00,17.65859293,Analyzed,50,
2022-05-10T07:00:00Z,5/10/22 0:00,17.62377839,Analyzed,50,
2022-05-11T07:00:00Z,5/11/22 0:00,17.8589209,Analyzed,50,
2022-05-12T07:00:00Z,5/12/22 0:00,17.96942986,Analyzed,50,
2022-05-13T07:00:00Z,5/13/22 0:00,16.37745112,Analyzed,50,
2022-05-14T07:00:00Z,5/14/22 0:00,15.96518825,Analyzed,50,
2022-05-15T07:00:00Z,5/15/22 0:00,15.78073183,Analyzed,50,
2022-05-16T07:00:00Z,5/16/22 0:00,15.52411208,Analyzed,50,
2022-05-17T07:00:00Z,5/17/22 0:00,15.76816261,Analyzed,50,
2022-05-18T07:00:00Z,5/18/22 0:00,16.02634959,Analyzed,50,
2022-05-19T07:00:00Z,5/19/22 0:00,15.81863015,Analyzed,50,
2022-05-20T07:00:00Z,5/20/22 0:00,15.4608662,Analyzed,50,
2022-05-21T07:00:00Z,5/21/22 0:00,16.15710097,Analyzed,50,
2022-05-22T07:00:00Z,5/22/22 0:00,17.49043448,Analyzed,50,
2022-05-23T07:00:00Z,5/23/22 0:00,18.87439247,Analyzed,50,
2022-05-24T07:00:00Z,5/24/22 0:00,18.70283373,Analyzed,50,
2022-05-25T07:00:00Z,5/25/22 0:00,18.17956061,Analyzed,50,
2022-05-26T07:00:00Z,5/26/22 0:00,18.98205211,Analyzed,50,
2022-05-27T07:00:00Z,5/27/22 0:00,18.0517541,Analyzed,50,
2022-05-28T07:00:00Z,5/28/22 0:00,17.75767091,Analyzed,50,
2022-05-29T07:00:00Z,5/29/22 0:00,17.51916411,Analyzed,50,
2022-05-30T07:00:00Z,5/30/22 0:00,17.54375537,Analyzed,50,
2022-05-31T07:00:00Z,5/31/22 0:00,17.71410569,Analyzed,50,
2022-06-01T07:00:00Z,6/1/22 0:00,18.04670094,Analyzed,50,
2022-06-02T07:00:00Z,6/2/22 0:00,18.68558705,Analyzed,50,
2022-06-03T07:00:00Z,6/3/22 0:00,18.44047852,Analyzed,50,
2022-06-04T07:00:00Z,6/4/22 0:00,18.27491283,Analyzed,50,
2022-06-05T07:00:00Z,6/5/22 0:00,17.74461308,Analyzed,50,
2022-06-06T07:00:00Z,6/6/22 0:00,17.3819543,Analyzed,50,
2022-06-07T07:00:00Z,6/7/22 0:00,17.20166757,Analyzed,50,
2022-06-08T07:00:00Z,6/8/22 0:00,16.98484935,Analyzed,50,
2022-06-09T07:00:00Z,6/9/22 0:00,16.71052839,Analyzed,50,
2022-06-10T07:00:00Z,6/10/22 0:00,16.34571784,Analyzed,50,
2022-06-11T07:00:00Z,6/11/22 0:00,16.0454901,Analyzed,50,
2022-06-12T07:00:00Z,6/12/22 0:00,15.83083934,Analyzed,50,
2022-06-13T07:00:00Z,6/13/22 0:00,15.67404494,Analyzed,50,
2022-06-14T07:00:00Z,6/14/22 0:00,15.21724578,Analyzed,50,
2022-06-15T07:00:00Z,6/15/22 0:00,15.12742388,Analyzed,50,
2022-06-16T07:00:00Z,6/16/22 0:00,15.32227107,Analyzed,50,
2022-06-17T07:00:00Z,6/17/22 0:00,15.41202306,Analyzed,50,
2022-06-18T07:00:00Z,6/18/22 0:00,15.14733536,Analyzed,50,
2022-06-19T07:00:00Z,6/19/22 0:00,14.90317703,Analyzed,50,
2022-06-20T07:00:00Z,6/20/22 0:00,14.87930325,Analyzed,50,
2022-06-21T07:00:00Z,6/21/22 0:00,14.82944145,Analyzed,50,
2022-06-22T07:00:00Z,6/22/22 0:00,15.15253583,Analyzed,50,
2022-06-23T07:00:00Z,6/23/22 0:00,14.9862766,Analyzed,50,
2022-06-24T07:00:00Z,6/24/22 0:00,15.0301314,Analyzed,50,
2022-06-25T07:00:00Z,6/25/22 0:00,14.81790266,Analyzed,50,
2022-06-26T07:00:00Z,6/26/22 0:00,14.26411319,Analyzed,50,
2022-06-27T07:00:00Z,6/27/22 0:00,14.23181045,Analyzed,50,
2022-06-28T07:00:00Z,6/28/22 0:00,14.43908459,Analyzed,50,
2022-06-29T07:00:00Z,6/29/22 0:00,14.38373241,Analyzed,50,
2022-06-30T07:00:00Z,6/30/22 0:00,14.12977242,Analyzed,50,
2022-07-01T07:00:00Z,7/1/22 0:00,13.45625336,Analyzed,50,
2022-07-02T07:00:00Z,7/2/22 0:00,13.46428038,Analyzed,50,
2022-07-03T07:00:00Z,7/3/22 0:00,13.59068577,Analyzed,50,
2022-07-04T07:00:00Z,7/4/22 0:00,13.72428463,Analyzed,50,
2022-07-05T07:00:00Z,7/5/22 0:00,13.56114648,Analyzed,50,
2022-07-09T07:00:00Z,7/9/22 0:00,12.38907521,Analyzed,50,
2022-07-10T07:00:00Z,7/10/22 0:00,12.35268455,Analyzed,50,
2022-07-11T07:00:00Z,7/11/22 0:00,12.31682205,Analyzed,50,
2022-07-12T07:00:00Z,7/12/22 0:00,12.20122365,Analyzed,50,
2022-07-13T07:00:00Z,7/13/22 0:00,12.04642302,Analyzed,50,
2022-07-14T07:00:00Z,7/14/22 0:00,11.98252604,Analyzed,50,
2022-07-15T07:00:00Z,7/15/22 0:00,11.98031316,Analyzed,50,
2022-07-16T07:00:00Z,7/16/22 0:00,12.01284184,Analyzed,50,
2022-07-17T07:00:00Z,7/17/22 0:00,11.78343639,Analyzed,50,
2022-07-18T07:00:00Z,7/18/22 0:00,11.64393021,Analyzed,50,
2022-07-19T07:00:00Z,7/19/22 0:00,11.50959719,Analyzed,50,
2022-07-20T07:00:00Z,7/20/22 0:00,11.48803125,Analyzed,50,
2022-07-21T07:00:00Z,7/21/22 0:00,11.50180076,Analyzed,50,
2022-07-22T07:00:00Z,7/22/22 0:00,11.54805156,Analyzed,50,
2022-07-23T07:00:00Z,7/23/22 0:00,11.51584069,Analyzed,50,
2022-07-24T07:00:00Z,7/24/22 0:00,11.17735731,Analyzed,50,
2022-07-25T07:00:00Z,7/25/22 0:00,11.13538918,Analyzed,50,
2022-07-26T07:00:00Z,7/26/22 0:00,10.91280272,Analyzed,50,
2022-07-27T07:00:00Z,7/27/22 0:00,10.68424518,Analyzed,50,
2022-07-28T07:00:00Z,7/28/22 0:00,10.79430355,Analyzed,50,
2022-07-29T07:00:00Z,7/29/22 0:00,10.92667049,Analyzed,50,
2022-07-30T07:00:00Z,7/30/22 0:00,10.81965591,Analyzed,50,
2022-07-31T07:00:00Z,7/31/22 0:00,10.85723535,Analyzed,50,
2022-08-01T07:00:00Z,8/1/22 0:00,11.31765278,Analyzed,50,
2022-08-02T07:00:00Z,8/2/22 0:00,11.90842239,Analyzed,50,
2022-08-03T07:00:00Z,8/3/22 0:00,12.52836034,Analyzed,50,
2022-08-04T07:00:00Z,8/4/22 0:00,12.88209354,Analyzed,50,
2022-08-05T07:00:00Z,8/5/22 0:00,13.25328713,Analyzed,50,
2022-08-06T07:00:00Z,8/6/22 0:00,13.11778628,Analyzed,50,
2022-08-07T07:00:00Z,8/7/22 0:00,13.11910396,Analyzed,50,
2022-08-08T07:00:00Z,8/8/22 0:00,13.0306101,Analyzed,50,
2022-08-09T07:00:00Z,8/9/22 0:00,13.12686691,Analyzed,50,
2022-08-10T07:00:00Z,8/10/22 0:00,13.21531951,Analyzed,50,
2022-08-11T07:00:00Z,8/11/22 0:00,13.28773292,Analyzed,50,
2022-08-12T07:00:00Z,8/12/22 0:00,13.30339542,Analyzed,50,
2022-08-13T07:00:00Z,8/13/22 0:00,13.44735729,Analyzed,50,
2022-08-14T07:00:00Z,8/14/22 0:00,13.43278024,Analyzed,50,
2022-08-15T07:00:00Z,8/15/22 0:00,13.52557299,Analyzed,50,
2022-08-16T07:00:00Z,8/16/22 0:00,13.51909246,Analyzed,50,
2022-08-17T07:00:00Z,8/17/22 0:00,13.59288868,Analyzed,50,
2022-08-18T07:00:00Z,8/18/22 0:00,13.68267812,Analyzed,50,
2022-08-19T07:00:00Z,8/19/22 0:00,14.0076652,Analyzed,50,
2022-08-20T07:00:00Z,8/20/22 0:00,14.05218543,Analyzed,50,
2022-08-21T07:00:00Z,8/21/22 0:00,14.36567394,Analyzed,50,
2022-08-22T07:00:00Z,8/22/22 0:00,14.67808852,Analyzed,50,
2022-08-23T07:00:00Z,8/23/22 0:00,15.12387806,Analyzed,50,
2022-08-24T07:00:00Z,8/24/22 0:00,15.28417098,Analyzed,50,
2022-08-25T07:00:00Z,8/25/22 0:00,15.45616854,Analyzed,50,
2022-08-26T07:00:00Z,8/26/22 0:00,15.74085097,Analyzed,50,
2022-08-27T07:00:00Z,8/27/22 0:00,15.90501708,Analyzed,50,
2022-08-28T07:00:00Z,8/28/22 0:00,16.58802672,Analyzed,50,
2022-08-29T07:00:00Z,8/29/22 0:00,17.17301703,Analyzed,50,
2022-08-30T07:00:00Z,8/30/22 0:00,17.47686495,Analyzed,50,
2022-08-31T07:00:00Z,8/31/22 0:00,17.63242585,Analyzed,50,
2022-09-01T07:00:00Z,9/1/22 0:00,17.92303924,Analyzed,50,
2022-09-02T07:00:00Z,9/2/22 0:00,18.18470702,Analyzed,50,
2022-09-03T07:00:00Z,9/3/22 0:00,18.43255282,Analyzed,50,
2022-09-04T07:00:00Z,9/4/22 0:00,18.6443158,Analyzed,50,
2022-09-05T07:00:00Z,9/5/22 0:00,18.63314146,Analyzed,50,
2022-09-06T07:00:00Z,9/6/22 0:00,18.69432792,Analyzed,50,
2022-09-07T07:00:00Z,9/7/22 0:00,18.74553063,Analyzed,50,
2022-09-08T07:00:00Z,9/8/22 0:00,18.83400274,Analyzed,50,
2022-09-09T07:00:00Z,9/9/22 0:00,18.89953083,Analyzed,50,
2022-09-10T07:00:00Z,9/10/22 0:00,19.03688542,Analyzed,50,
2022-09-11T07:00:00Z,9/11/22 0:00,19.09849531,Analyzed,50,
2022-09-12T07:00:00Z,9/12/22 0:00,19.11071788,Analyzed,50,
2022-09-13T07:00:00Z,9/13/22 0:00,19.42628604,Analyzed,50,
2022-09-14T07:00:00Z,9/14/22 0:00,19.91907792,Analyzed,50,
2022-09-15T07:00:00Z,9/15/22 0:00,20.14382472,Analyzed,50,
2022-09-16T07:00:00Z,9/16/22 0:00,20.41762038,Analyzed,50,
2022-09-17T07:00:00Z,9/17/22 0:00,20.58718507,Analyzed,50,
2022-09-18T07:00:00Z,9/18/22 0:00,20.72860483,Analyzed,50,
2022-09-19T07:00:00Z,9/19/22 0:00,20.86610718,Analyzed,50,
2022-09-20T07:00:00Z,9/20/22 0:00,21.2668849,Analyzed,50,
2022-09-21T07:00:00Z,9/21/22 0:00,21.51034237,Analyzed,50,
2022-09-22T07:00:00Z,9/22/22 0:00,21.87554749,Analyzed,50,
2022-09-23T07:00:00Z,9/23/22 0:00,21.97843323,Analyzed,50,
2022-09-24T07:00:00Z,9/24/22 0:00,22.22051193,Analyzed,50,
2022-09-25T07:00:00Z,9/25/22 0:00,22.29327951,Analyzed,50,
2022-09-26T07:00:00Z,9/26/22 0:00,22.51157393,Analyzed,50,
2022-09-27T07:00:00Z,9/27/22 0:00,22.63310408,Analyzed,50,
2022-09-28T07:00:00Z,9/28/22 0:00,22.73960257,Analyzed,50,
2022-09-29T07:00:00Z,9/29/22 0:00,22.96572466,Analyzed,50,
2022-09-30T07:00:00Z,9/30/22 0:00,22.87142704,Analyzed,50,
2022-10-01T07:00:00Z,10/1/22 0:00,23.03379545,Analyzed,50,
2022-10-02T07:00:00Z,10/2/22 0:00,23.72481512,Analyzed,50,
2022-10-03T07:00:00Z,10/3/22 0:00,23.69424332,Analyzed,50,
2022-10-04T07:00:00Z,10/4/22 0:00,22.91524823,Analyzed,50,
2022-10-05T07:00:00Z,10/5/22 0:00,21.67189838,Analyzed,50,
2022-10-06T07:00:00Z,10/6/22 0:00,21.83718156,Analyzed,50,
2022-10-07T07:00:00Z,10/7/22 0:00,22.74161976,Analyzed,50,
2022-10-08T07:00:00Z,10/8/22 0:00,24.15773005,Analyzed,50,
2022-10-09T07:00:00Z,10/9/22 0:00,25.32287923,Analyzed,50,
2022-10-10T07:00:00Z,10/10/22 0:00,26.44196563,Analyzed,50,
2022-10-11T07:00:00Z,10/11/22 0:00,26.91674901,Analyzed,50,
2022-10-12T07:00:00Z,10/12/22 0:00,26.31035309,Analyzed,50,
2022-10-13T07:00:00Z,10/13/22 0:00,26.05277661,Analyzed,50,
2022-10-14T07:00:00Z,10/14/22 0:00,26.15486667,Analyzed,50,
2022-10-15T07:00:00Z,10/15/22 0:00,26.43971215,Analyzed,50,
2022-10-16T07:00:00Z,10/16/22 0:00,26.62457767,Analyzed,50,
2022-10-17T07:00:00Z,10/17/22 0:00,26.57059861,Analyzed,50,
2022-10-18T07:00:00Z,10/18/22 0:00,26.61955792,Analyzed,50,
2022-10-19T07:00:00Z,10/19/22 0:00,26.62939174,Analyzed,50,
2022-10-20T07:00:00Z,10/20/22 0:00,26.65490111,Analyzed,50,
2022-10-21T07:00:00Z,10/21/22 0:00,26.66944816,Analyzed,50,
2022-10-22T07:00:00Z,10/22/22 0:00,26.80027177,Analyzed,50,
2022-10-23T07:00:00Z,10/23/22 0:00,26.98688372,Analyzed,50,
2022-10-24T07:00:00Z,10/24/22 0:00,27.05185444,Analyzed,50,
2022-10-25T07:00:00Z,10/25/22 0:00,27.73414813,Analyzed,50,
2022-10-26T07:00:00Z,10/26/22 0:00,28.64611545,Analyzed,50,
2022-10-27T07:00:00Z,10/27/22 0:00,29.39385226,Analyzed,50,
2022-10-28T07:00:00Z,10/28/22 0:00,29.73280365,Analyzed,50,
2022-10-29T07:00:00Z,10/29/22 0:00,29.89057313,Analyzed,50,
2022-10-30T07:00:00Z,10/30/22 0:00,30.3013008,Analyzed,50,
2022-10-31T07:00:00Z,10/31/22 0:00,30.22094205,Analyzed,50,
2022-11-01T07:00:00Z,11/1/22 0:00,29.96326972,Analyzed,50,
2022-11-02T07:00:00Z,11/2/22 0:00,29.79216625,Analyzed,50,
2022-11-03T07:00:00Z,11/3/22 0:00,29.78467938,Analyzed,50,
2022-11-04T07:00:00Z,11/4/22 0:00,29.74517785,Analyzed,50,
2022-11-05T07:00:00Z,11/5/22 0:00,29.4850509,Analyzed,50,
2022-11-06T07:00:00Z,11/6/22 0:00,29.50455038,Analyzed,50,
2022-11-07T07:00:00Z,11/7/22 0:00,29.92237385,Analyzed,50,
2022-11-08T07:00:00Z,11/8/22 0:00,30.03609844,Analyzed,50,
2022-11-09T07:00:00Z,11/9/22 0:00,30.1221009,Analyzed,50,
2022-11-10T07:00:00Z,11/10/22 0:00,30.12753222,Analyzed,50,
2022-11-11T07:00:00Z,11/11/22 0:00,29.98108236,Analyzed,50,
2022-11-12T07:00:00Z,11/12/22 0:00,29.99148615,Analyzed,50,
2022-11-13T07:00:00Z,11/13/22 0:00,30.22646944,Analyzed,50,
2022-11-14T07:00:00Z,11/14/22 0:00,30.55376622,Analyzed,50,
2022-11-15T07:00:00Z,11/15/22 0:00,30.73681354,Analyzed,50,
2022-11-16T07:00:00Z,11/16/22 0:00,31.17131163,Analyzed,50,
2022-11-17T07:00:00Z,11/17/22 0:00,31.22775396,Analyzed,50,
2022-11-18T07:00:00Z,11/18/22 0:00,31.50453882,Analyzed,50,
2022-11-19T07:00:00Z,11/19/22 0:00,32.04862382,Analyzed,50,
2022-11-20T07:00:00Z,11/20/22 0:00,32.07514531,Analyzed,50,
2022-11-21T07:00:00Z,11/21/22 0:00,31.56897875,Analyzed,50,
2022-11-22T07:00:00Z,11/22/22 0:00,31.7697641,Analyzed,50,
2022-11-24T07:00:00Z,11/24/22 0:00,31.89245937,Analyzed,50,
2022-11-25T07:00:00Z,11/25/22 0:00,32.08650615,Analyzed,50,
2022-11-26T07:00:00Z,11/26/22 0:00,32.32227059,Analyzed,50,
2022-11-27T07:00:00Z,11/27/22 0:00,32.56571556,Analyzed,50,
2022-11-28T07:00:00Z,11/28/22 0:00,32.11552372,Analyzed,50,
2022-11-29T07:00:00Z,11/29/22 0:00,32.2150825,Analyzed,50,
2022-11-30T07:00:00Z,11/30/22 0:00,32.76569747,Analyzed,50,
2022-12-01T07:00:00Z,12/1/22 0:00,33.82933188,Analyzed,50,
2022-12-02T07:00:00Z,12/2/22 0:00,33.99812712,Analyzed,50,
2022-12-03T07:00:00Z,12/3/22 0:00,33.88055135,Analyzed,50,
2022-12-05T07:00:00Z,12/5/22 0:00,34.81100971,Analyzed,50,
2022-12-06T07:00:00Z,12/6/22 0:00,34.60899705,Analyzed,50,
2022-12-07T07:00:00Z,12/7/22 0:00,34.56097003,Analyzed,50,
2022-12-08T07:00:00Z,12/8/22 0:00,34.27669198,Analyzed,50,
2022-12-09T07:00:00Z,12/9/22 0:00,33.73346063,Analyzed,50,
2022-12-10T07:00:00Z,12/10/22 0:00,33.23674771,Analyzed,50,
2022-12-11T07:00:00Z,12/11/22 0:00,33.18958333,Analyzed,50,
2022-12-12T07:00:00Z,12/12/22 0:00,33.36625,Analyzed,50,
2022-12-13T07:00:00Z,12/13/22 0:00,33.41125,Analyzed,50,
2022-12-14T07:00:00Z,12/14/22 0:00,33.14333333,Analyzed,50,
2022-12-15T07:00:00Z,12/15/22 0:00,33.094375,Analyzed,50,
2022-12-16T07:00:00Z,12/16/22 0:00,33.60729167,Analyzed,50,
2022-12-17T07:00:00Z,12/17/22 0:00,34.18416667,Analyzed,50,
2022-12-18T07:00:00Z,12/18/22 0:00,34.75416667,Analyzed,50,
2022-12-19T07:00:00Z,12/19/22 0:00,35.36541667,Analyzed,50,
2022-12-20T07:00:00Z,12/20/22 0:00,35.28333333,Analyzed,50,
2022-12-21T07:00:00Z,12/21/22 0:00,35.58458333,Analyzed,50,
2022-12-22T07:00:00Z,12/22/22 0:00,35.84083333,Analyzed,50,
2022-12-24T07:00:00Z,12/24/22 0:00,36.42625,Analyzed,50,
2022-12-25T07:00:00Z,12/25/22 0:00,36.910625,Analyzed,50,
2022-12-26T07:00:00Z,12/26/22 0:00,36.82291667,Analyzed,50,
2022-12-28T07:00:00Z,12/28/22 0:00,35.554375,Analyzed,50,
2022-12-29T07:00:00Z,12/29/22 0:00,35.20583333,Analyzed,50,
2022-12-30T07:00:00Z,12/30/22 0:00,34.55041667,Analyzed,50,
2022-12-31T07:00:00Z,12/31/22 0:00,33.89291667,Analyzed,50,
2023-01-01T07:00:00Z,1/1/23 0:00,34.07541667,Analyzed,50,
2023-01-02T07:00:00Z,1/2/23 0:00,33.3153125,Analyzed,50,
2023-01-03T07:00:00Z,1/3/23 0:00,32.75270833,Analyzed,50,
2023-01-04T07:00:00Z,1/4/23 0:00,32.6765625,Analyzed,50,
2023-01-05T07:00:00Z,1/5/23 0:00,32.76416667,Analyzed,50,
2023-01-06T07:00:00Z,1/6/23 0:00,32.56375,Analyzed,50,
2023-01-07T07:00:00Z,1/7/23 0:00,33.96208333,Analyzed,50,
2023-01-08T07:00:00Z,1/8/23 0:00,35.29791667,Analyzed,50,
2023-01-09T07:00:00Z,1/9/23 0:00,34.421875,Analyzed,50,
2023-01-10T07:00:00Z,1/10/23 0:00,34.16354167,Analyzed,50,
2023-01-11T07:00:00Z,1/11/23 0:00,34.62645833,Analyzed,50,
2023-01-12T07:00:00Z,1/12/23 0:00,34.88958333,Analyzed,50,
2023-01-13T07:00:00Z,1/13/23 0:00,34.11875,Analyzed,50,
2023-01-14T07:00:00Z,1/14/23 0:00,33.84375,Analyzed,50,
2023-01-15T07:00:00Z,1/15/23 0:00,34.12125,Analyzed,50,
2023-01-16T07:00:00Z,1/16/23 0:00,34.36166667,Analyzed,50,
2023-01-17T07:00:00Z,1/17/23 0:00,34.44208333,Analyzed,50,
2023-01-18T07:00:00Z,1/18/23 0:00,34.26708333,Analyzed,50,
2023-01-19T07:00:00Z,1/19/23 0:00,34.16645833,Analyzed,50,
2023-01-20T07:00:00Z,1/20/23 0:00,33.51967139,Analyzed,50,
2023-01-21T07:00:00Z,1/21/23 0:00,33.22187667,Analyzed,50,
2023-01-22T07:00:00Z,1/22/23 0:00,33.21766104,Analyzed,50,
2023-01-23T07:00:00Z,1/23/23 0:00,33.34903142,Analyzed,50,
2023-01-24T07:00:00Z,1/24/23 0:00,33.76585566,Analyzed,50,
2023-01-25T07:00:00Z,1/25/23 0:00,33.64074417,Analyzed,50,
2023-01-26T07:00:00Z,1/26/23 0:00,33.2176401,Analyzed,50,
2023-01-27T07:00:00Z,1/27/23 0:00,32.92531212,Analyzed,50,
2023-01-28T07:00:00Z,1/28/23 0:00,32.90896517,Analyzed,50,
2023-01-29T07:00:00Z,1/29/23 0:00,34.25131243,Analyzed,50,
2023-01-30T07:00:00Z,1/30/23 0:00,34.97161934,Analyzed,50,
2023-01-31T07:00:00Z,1/31/23 0:00,35.58764319,Analyzed,50,
2023-02-01T07:00:00Z,2/1/23 0:00,35.77293042,Analyzed,50,
2023-04-14T07:00:00Z,4/14/23 0:00,25.86654389,Analyzed,50,
2023-04-15T07:00:00Z,4/15/23 0:00,24.6224358,Analyzed,50,
2023-04-16T07:00:00Z,4/16/23 0:00,22.94043899,Analyzed,50,
2023-04-17T07:00:00Z,4/17/23 0:00,23.6897116,Analyzed,50,
2023-04-18T07:00:00Z,4/18/23 0:00,23.98209667,Analyzed,50,
2023-04-19T07:00:00Z,4/19/23 0:00,23.04220729,Analyzed,50,
2023-04-20T07:00:00Z,4/20/23 0:00,21.9778942,Analyzed,50,
2023-04-21T07:00:00Z,4/21/23 0:00,20.81252892,Analyzed,50,
2023-04-22T07:00:00Z,4/22/23 0:00,20.44733354,Analyzed,50,
2023-04-23T07:00:00Z,4/23/23 0:00,19.8959451,Analyzed,50,
2023-04-24T07:00:00Z,4/24/23 0:00,20.06034837,Analyzed,50,
2023-04-25T07:00:00Z,4/25/23 0:00,20.09828285,Analyzed,50,
2023-04-26T07:00:00Z,4/26/23 0:00,20.43310118,Analyzed,50,
2023-04-27T07:00:00Z,4/27/23 0:00,20.96068545,Analyzed,50,
2023-04-28T07:00:00Z,4/28/23 0:00,21.46094021,Analyzed,50,
2023-04-29T07:00:00Z,4/29/23 0:00,21.34643337,Analyzed,50,
2023-04-30T07:00:00Z,4/30/23 0:00,20.81061465,Analyzed,50,
2023-05-01T07:00:00Z,5/1/23 0:00,20.36746986,Analyzed,50,
2023-05-02T07:00:00Z,5/2/23 0:00,19.24038045,Analyzed,50,
2023-05-03T07:00:00Z,5/3/23 0:00,18.25120083,Analyzed,50,
2023-05-04T07:00:00Z,5/4/23 0:00,17.38611972,Analyzed,50,
2023-05-05T07:00:00Z,5/5/23 0:00,16.81682035,Analyzed,50,
2023-05-06T07:00:00Z,5/6/23 0:00,18.13772653,Analyzed,50,
2023-05-07T07:00:00Z,5/7/23 0:00,18.50402094,Analyzed,50,
2023-05-08T07:00:00Z,5/8/23 0:00,18.63909625,Analyzed,50,
2023-05-09T07:00:00Z,5/9/23 0:00,19.03342274,Analyzed,50,
2023-05-11T07:00:00Z,5/11/23 0:00,19.12206035,Analyzed,50,
2023-05-12T07:00:00Z,5/12/23 0:00,17.51626847,Analyzed,50,
2023-05-13T07:00:00Z,5/13/23 0:00,17.5015849,Analyzed,50,
2023-05-14T07:00:00Z,5/14/23 0:00,18.47998465,Analyzed,50,
2023-05-15T07:00:00Z,5/15/23 0:00,17.75666806,Analyzed,50,
2023-05-16T07:00:00Z,5/16/23 0:00,17.60440646,Analyzed,50,
2023-05-17T07:00:00Z,5/17/23 0:00,17.57784552,Analyzed,50,
2023-05-18T07:00:00Z,5/18/23 0:00,17.15337042,Analyzed,50,
2023-05-19T07:00:00Z,5/19/23 0:00,16.88880024,Analyzed,50,
2023-05-20T07:00:00Z,5/20/23 0:00,17.45152222,Analyzed,50,
2023-05-21T07:00:00Z,5/21/23 0:00,19.01144337,Analyzed,50,
2023-05-22T07:00:00Z,5/22/23 0:00,18.62997601,Analyzed,50,
2023-05-23T07:00:00Z,5/23/23 0:00,17.75592955,Analyzed,50,
2023-05-24T07:00:00Z,5/24/23 0:00,17.24963792,Analyzed,50,
2023-05-25T07:00:00Z,5/25/23 0:00,16.79613729,Analyzed,50,
2023-05-26T07:00:00Z,5/26/23 0:00,16.96904698,Analyzed,50,
2023-05-27T07:00:00Z,5/27/23 0:00,16.56549462,Analyzed,50,
2023-05-28T07:00:00Z,5/28/23 0:00,16.98510729,Analyzed,50,
2023-05-29T07:00:00Z,5/29/23 0:00,16.68123389,Analyzed,50,
2023-05-30T07:00:00Z,5/30/23 0:00,16.74940628,Analyzed,50,
2023-05-31T07:00:00Z,5/31/23 0:00,16.45460354,Analyzed,50,
2023-06-01T07:00:00Z,6/1/23 0:00,16.21209479,Analyzed,50,
2023-06-02T07:00:00Z,6/2/23 0:00,16.28284333,Analyzed,50,
2023-06-03T07:00:00Z,6/3/23 0:00,16.26728503,Analyzed,50,
2023-06-04T07:00:00Z,6/4/23 0:00,16.03178194,Analyzed,50,
2023-06-05T07:00:00Z,6/5/23 0:00,15.80883431,Analyzed,50,
2023-06-06T07:00:00Z,6/6/23 0:00,16.32414309,Analyzed,50,
2023-06-07T07:00:00Z,6/7/23 0:00,16.37256049,Analyzed,50,
2023-06-08T07:00:00Z,6/8/23 0:00,16.314455,Analyzed,50,
2023-06-09T07:00:00Z,6/9/23 0:00,16.22297514,Analyzed,50,
2023-06-10T07:00:00Z,6/10/23 0:00,15.83395972,Analyzed,50,
2023-06-11T07:00:00Z,6/11/23 0:00,15.63985056,Analyzed,50,
2023-06-12T07:00:00Z,6/12/23 0:00,15.51155528,Analyzed,50,
2023-06-13T07:00:00Z,6/13/23 0:00,15.46160924,Analyzed,50,
2023-06-14T07:00:00Z,6/14/23 0:00,15.74434031,Analyzed,50,
2023-06-15T07:00:00Z,6/15/23 0:00,15.79387285,Analyzed,50,
2023-06-16T07:00:00Z,6/16/23 0:00,15.1108391,Analyzed,50,
2023-06-17T07:00:00Z,6/17/23 0:00,14.5284759,Analyzed,50,
2023-06-18T07:00:00Z,6/18/23 0:00,14.98101354,Analyzed,50,
2023-06-19T07:00:00Z,6/19/23 0:00,15.34600483,Analyzed,50,
2023-06-20T07:00:00Z,6/20/23 0:00,15.28799472,Analyzed,50,
2023-06-21T07:00:00Z,6/21/23 0:00,14.79101552,Analyzed,50,
2023-06-22T07:00:00Z,6/22/23 0:00,14.61774483,Analyzed,50,
2023-06-23T07:00:00Z,6/23/23 0:00,14.3404666,Analyzed,50,
2023-06-24T07:00:00Z,6/24/23 0:00,13.97542167,Analyzed,50,
2023-06-25T07:00:00Z,6/25/23 0:00,13.85770837,Analyzed,50,
2023-06-26T07:00:00Z,6/26/23 0:00,13.81341816,Analyzed,50,
2023-06-27T07:00:00Z,6/27/23 0:00,13.64471146,Analyzed,50,
2023-06-28T07:00:00Z,6/28/23 0:00,13.39167278,Analyzed,50,
2023-06-29T07:00:00Z,6/29/23 0:00,13.16712906,Analyzed,50,
2023-06-30T07:00:00Z,6/30/23 0:00,13.12555017,Analyzed,50,
2023-07-01T07:00:00Z,7/1/23 0:00,12.9570476,Analyzed,50,
2023-07-02T07:00:00Z,7/2/23 0:00,12.9030791,Analyzed,50,
2023-07-03T07:00:00Z,7/3/23 0:00,12.8636208,Analyzed,50,
2023-07-04T07:00:00Z,7/4/23 0:00,12.73707774,Analyzed,50,
2023-07-05T07:00:00Z,7/5/23 0:00,12.61002705,Analyzed,50,
2023-07-06T07:00:00Z,7/6/23 0:00,12.33472476,Analyzed,50,
2023-07-07T07:00:00Z,7/7/23 0:00,12.09510549,Analyzed,50,
2023-07-08T07:00:00Z,7/8/23 0:00,12.12263559,Analyzed,50,
2023-07-09T07:00:00Z,7/9/23 0:00,12.13654049,Analyzed,50,
2023-07-10T07:00:00Z,7/10/23 0:00,12.0816374,Analyzed,50,
2023-07-11T07:00:00Z,7/11/23 0:00,12.0947399,Analyzed,50,
2023-07-12T07:00:00Z,7/12/23 0:00,12.12385434,Analyzed,50,
2023-07-13T07:00:00Z,7/13/23 0:00,12.06136028,Analyzed,50,
2023-07-14T07:00:00Z,7/14/23 0:00,11.98641201,Analyzed,50,
2023-07-15T07:00:00Z,7/15/23 0:00,11.87581747,Analyzed,50,
2023-07-16T07:00:00Z,7/16/23 0:00,11.81779431,Analyzed,50,
2023-07-17T07:00:00Z,7/17/23 0:00,11.81772096,Analyzed,50,
2023-07-18T07:00:00Z,7/18/23 0:00,11.72100831,Analyzed,50,
2023-07-19T07:00:00Z,7/19/23 0:00,11.61009347,Analyzed,50,
2023-07-20T07:00:00Z,7/20/23 0:00,11.53909774,Analyzed,50,
2023-07-21T07:00:00Z,7/21/23 0:00,11.24135615,Analyzed,50,
2023-07-22T07:00:00Z,7/22/23 0:00,11.1342616,Analyzed,50,
2023-07-23T07:00:00Z,7/23/23 0:00,11.22860802,Analyzed,50,
2023-07-24T07:00:00Z,7/24/23 0:00,11.46842378,Analyzed,50,
2023-07-25T07:00:00Z,7/25/23 0:00,11.64489066,Analyzed,50,
2023-07-26T07:00:00Z,7/26/23 0:00,11.55189806,Analyzed,50,
2023-07-27T07:00:00Z,7/27/23 0:00,11.62690774,Analyzed,50,
2023-07-28T07:00:00Z,7/28/23 0:00,11.64171125,Analyzed,50,
2023-07-29T07:00:00Z,7/29/23 0:00,11.64750396,Analyzed,50,
2023-07-30T07:00:00Z,7/30/23 0:00,11.73767844,Analyzed,50,
2023-07-31T07:00:00Z,7/31/23 0:00,11.82466667,Analyzed,50,
2023-08-02T07:00:00Z,8/2/23 0:00,11.39854938,Analyzed,50,
2023-08-03T07:00:00Z,8/3/23 0:00,11.57533344,Analyzed,50,
2023-08-04T07:00:00Z,8/4/23 0:00,11.46870236,Analyzed,50,
2023-08-05T07:00:00Z,8/5/23 0:00,11.58234281,Analyzed,50,
2023-08-07T07:00:00Z,8/7/23 0:00,11.32476617,Analyzed,50,
2023-08-08T07:00:00Z,8/8/23 0:00,11.31199734,Analyzed,50,
2023-08-09T07:00:00Z,8/9/23 0:00,11.28920045,Analyzed,50,
2023-08-10T07:00:00Z,8/10/23 0:00,11.26669534,Analyzed,50,
2023-08-11T07:00:00Z,8/11/23 0:00,11.33041964,Analyzed,50,
2023-08-12T07:00:00Z,8/12/23 0:00,11.3122247,Analyzed,50,
2023-08-13T07:00:00Z,8/13/23 0:00,11.34092337,Analyzed,50,
2023-08-14T07:00:00Z,8/14/23 0:00,11.46246502,Analyzed,50,
2023-08-15T07:00:00Z,8/15/23 0:00,11.40799675,Analyzed,50,
2023-08-16T07:00:00Z,8/16/23 0:00,11.55650205,Analyzed,50,
2023-08-26T07:00:00Z,8/26/23 0:00,12.30503604,Analyzed,50,
2023-08-27T07:00:00Z,8/27/23 0:00,12.57054073,Analyzed,50,
2023-08-28T07:00:00Z,8/28/23 0:00,12.96784611,Analyzed,50,
2023-08-29T07:00:00Z,8/29/23 0:00,13.42274868,Analyzed,50,
2023-08-30T07:00:00Z,8/30/23 0:00,14.04954424,Analyzed,50,
2023-08-31T07:00:00Z,8/31/23 0:00,14.61402302,Analyzed,50,
2023-09-01T07:00:00Z,9/1/23 0:00,14.92452118,Analyzed,50,
2023-09-02T07:00:00Z,9/2/23 0:00,15.11090358,Analyzed,50,
2023-09-03T07:00:00Z,9/3/23 0:00,15.30353368,Analyzed,50,
2023-09-04T07:00:00Z,9/4/23 0:00,15.22155396,Analyzed,50,
2023-09-05T07:00:00Z,9/5/23 0:00,15.30468747,Analyzed,50,
2023-09-06T07:00:00Z,9/6/23 0:00,15.25402965,Analyzed,50,
2023-09-07T07:00:00Z,9/7/23 0:00,15.44945281,Analyzed,50,
2023-09-08T07:00:00Z,9/8/23 0:00,15.69758306,Analyzed,50,
2023-09-09T07:00:00Z,9/9/23 0:00,15.88460878,Analyzed,50,
2023-09-10T07:00:00Z,9/10/23 0:00,16.10923608,Analyzed,50,
2023-09-11T07:00:00Z,9/11/23 0:00,16.27394052,Analyzed,50,
2023-09-12T07:00:00Z,9/12/23 0:00,16.42122861,Analyzed,50,
2023-09-13T07:00:00Z,9/13/23 0:00,16.47091274,Analyzed,50,
2023-09-14T07:00:00Z,9/14/23 0:00,16.71078188,Analyzed,50,
2023-09-15T07:00:00Z,9/15/23 0:00,16.90623788,Analyzed,50,
2023-09-16T07:00:00Z,9/16/23 0:00,17.25378326,Analyzed,50,
2023-09-17T07:00:00Z,9/17/23 0:00,17.46110253,Analyzed,50,
2023-09-18T07:00:00Z,9/18/23 0:00,17.72267465,Analyzed,50,
2023-09-19T07:00:00Z,9/19/23 0:00,17.89165354,Analyzed,50,
2023-09-20T07:00:00Z,9/20/23 0:00,18.05601219,Analyzed,50,
2023-09-21T07:00:00Z,9/21/23 0:00,18.21750028,Analyzed,50,
2023-09-22T07:00:00Z,9/22/23 0:00,18.26751115,Analyzed,50,
2023-09-23T07:00:00Z,9/23/23 0:00,18.41381309,Analyzed,50,
2023-09-24T07:00:00Z,9/24/23 0:00,18.64499236,Analyzed,50,
2023-09-25T07:00:00Z,9/25/23 0:00,18.7527092,Analyzed,50,
2023-09-26T07:00:00Z,9/26/23 0:00,18.90515441,Analyzed,50,
2023-09-27T07:00:00Z,9/27/23 0:00,19.0026367,Analyzed,50,
2023-09-28T07:00:00Z,9/28/23 0:00,19.07807604,Analyzed,50,
2023-09-29T07:00:00Z,9/29/23 0:00,19.19284632,Analyzed,50,
2023-09-30T07:00:00Z,9/30/23 0:00,19.22777267,Analyzed,50,
2023-10-01T07:00:00Z,10/1/23 0:00,19.28592125,Analyzed,50,
2023-10-02T07:00:00Z,10/2/23 0:00,19.48353066,Analyzed,50,
2023-10-03T07:00:00Z,10/3/23 0:00,19.52606333,Analyzed,50,
2023-10-04T07:00:00Z,10/4/23 0:00,19.52724979,Analyzed,50,
2023-10-05T07:00:00Z,10/5/23 0:00,19.70686413,Analyzed,50,
2023-10-06T07:00:00Z,10/6/23 0:00,19.9299767,Analyzed,50,
2023-10-07T07:00:00Z,10/7/23 0:00,20.04673875,Analyzed,50,
2023-10-08T07:00:00Z,10/8/23 0:00,20.17206684,Analyzed,50,
2023-10-09T07:00:00Z,10/9/23 0:00,20.27396823,Analyzed,50,
2023-10-10T07:00:00Z,10/10/23 0:00,20.35862205,Analyzed,50,
2023-10-11T07:00:00Z,10/11/23 0:00,20.14654767,Working,50,
2023-10-12T07:00:00Z,10/12/23 0:00,20.00270413,Working,50,
2023-10-13T07:00:00Z,10/13/23 0:00,19.8507758,Working,50,
2023-10-14T07:00:00Z,10/14/23 0:00,19.93321111,Working,50,
2023-10-15T07:00:00Z,10/15/23 0:00,20.11631694,Working,50,
2023-10-16T07:00:00Z,10/16/23 0:00,20.24828583,Working,50,
2023-10-17T07:00:00Z,10/17/23 0:00,20.28419017,Working,50,
2023-10-18T07:00:00Z,10/18/23 0:00,20.28031,Working,50,
2023-10-19T07:00:00Z,10/19/23 0:00,20.35966833,Working,50,
2023-10-20T07:00:00Z,10/20/23 0:00,20.44639743,Working,50,
2023-10-21T07:00:00Z,10/21/23 0:00,20.54983198,Working,50,
2023-10-22T07:00:00Z,10/22/23 0:00,20.60624927,Working,50,
2023-10-23T07:00:00Z,10/23/23 0:00,20.52497042,Working,50,
2023-10-24T07:00:00Z,10/24/23 0:00,20.34105615,Working,50,
2023-10-25T07:00:00Z,10/25/23 0:00,20.45358538,Working,50,
2023-10-26T07:00:00Z,10/26/23 0:00,20.34158924,Working,50,
2023-10-27T07:00:00Z,10/27/23 0:00,20.51991934,Working,50,
2023-10-28T07:00:00Z,10/28/23 0:00,20.73341108,Working,50,
2023-10-29T07:00:00Z,10/29/23 0:00,21.07600316,Working,50,
2023-10-30T07:00:00Z,10/30/23 0:00,21.16049271,Working,50,
2023-10-31T07:00:00Z,10/31/23 0:00,21.24995826,Working,50,
2023-11-01T07:00:00Z,11/1/23 0:00,21.4934791,Working,50,
2023-11-02T07:00:00Z,11/2/23 0:00,22.37193819,Working,50,
2023-11-03T07:00:00Z,11/3/23 0:00,23.12184042,Working,50,
2023-11-04T07:00:00Z,11/4/23 0:00,23.46562778,Working,50,
2023-11-05T07:00:00Z,11/5/23 0:00,24.02202267,Working,50,
2023-11-06T07:00:00Z,11/6/23 0:00,24.65576851,Working,50,
2023-11-07T07:00:00Z,11/7/23 0:00,24.98186927,Working,50,
2023-11-08T07:00:00Z,11/8/23 0:00,24.90463809,Working,50,
2023-11-09T07:00:00Z,11/9/23 0:00,24.54463434,Working,50,
2023-11-10T07:00:00Z,11/10/23 0:00,24.15984243,Working,50,
2023-11-11T07:00:00Z,11/11/23 0:00,23.97928976,Working,50,
2023-11-12T07:00:00Z,11/12/23 0:00,24.1738426,Working,50,
2023-11-13T07:00:00Z,11/13/23 0:00,24.5967395,Working,50,
2023-11-14T07:00:00Z,11/14/23 0:00,24.90523591,Working,50,
2023-11-15T07:00:00Z,11/15/23 0:00,25.18749111,Working,50,
2023-11-16T07:00:00Z,11/16/23 0:00,25.46504336,Working,50,
2023-11-17T07:00:00Z,11/17/23 0:00,25.54987911,Working,50,
2023-11-18T07:00:00Z,11/18/23 0:00,25.23129684,Working,50,
2023-11-19T07:00:00Z,11/19/23 0:00,25.66268608,Working,50,
2023-11-20T07:00:00Z,11/20/23 0:00,25.90059319,Working,50,
2023-11-21T07:00:00Z,11/21/23 0:00,26.20841274,Working,50,
2023-11-22T07:00:00Z,11/22/23 0:00,26.36757365,Working,50,
2023-11-23T07:00:00Z,11/23/23 0:00,26.04625017,Working,50,
2023-11-24T07:00:00Z,11/24/23 0:00,25.70683521,Working,50,
2023-11-25T07:00:00Z,11/25/23 0:00,26.02762075,Working,50,
2023-11-26T07:00:00Z,11/26/23 0:00,26.40233334,Working,50,
2023-11-27T07:00:00Z,11/27/23 0:00,26.16874303,Working,50,
2024-04-16T07:00:00Z,4/16/24 0:00,18.38251944,Working,50,
2024-04-17T07:00:00Z,4/17/24 0:00,16.85038708,Working,50,
2024-04-18T07:00:00Z,4/18/24 0:00,18.19232663,Working,50,
2024-04-19T07:00:00Z,4/19/24 0:00,17.94525691,Working,50,
2024-04-20T07:00:00Z,4/20/24 0:00,18.08661809,Working,50,
2024-04-21T07:00:00Z,4/21/24 0:00,18.65466135,Working,50,
2024-04-22T07:00:00Z,4/22/24 0:00,19.63885524,Working,50,
2024-04-23T07:00:00Z,4/23/24 0:00,20.79662934,Working,50,
2024-04-24T07:00:00Z,4/24/24 0:00,21.92517292,Working,50,
2024-04-25T07:00:00Z,4/25/24 0:00,20.38145,Working,50,
2024-04-26T07:00:00Z,4/26/24 0:00,17.20813347,Working,50,
2024-04-27T07:00:00Z,4/27/24 0:00,16.18250858,Working,50,
2024-04-28T07:00:00Z,4/28/24 0:00,15.51688149,Working,50,
2024-04-29T07:00:00Z,4/29/24 0:00,17.17414146,Working,50,
2024-04-30T07:00:00Z,4/30/24 0:00,18.83175257,Working,50,
2024-05-01T07:00:00Z,5/1/24 0:00,19.48720448,Working,50,
2024-05-02T07:00:00Z,5/2/24 0:00,20.20951566,Working,50,
2024-05-03T07:00:00Z,5/3/24 0:00,20.79410483,Working,50,
2024-05-04T07:00:00Z,5/4/24 0:00,21.34084688,Working,50,
2024-05-05T07:00:00Z,5/5/24 0:00,21.59339128,Working,50,
2024-05-06T07:00:00Z,5/6/24 0:00,21.65518434,Working,50,
2024-05-07T07:00:00Z,5/7/24 0:00,20.70596646,Working,50,
2024-05-08T07:00:00Z,5/8/24 0:00,18.89737323,Working,50,
2024-05-09T07:00:00Z,5/9/24 0:00,19.88459431,Working,50,
2024-05-10T07:00:00Z,5/10/24 0:00,19.80447413,Working,50,
2024-05-11T07:00:00Z,5/11/24 0:00,20.37679132,Working,50,
2024-05-12T07:00:00Z,5/12/24 0:00,21.78129035,Working,50,
2024-05-13T07:00:00Z,5/13/24 0:00,22.80691545,Working,50,
2024-05-14T07:00:00Z,5/14/24 0:00,21.15970962,Working,50,
2024-05-15T07:00:00Z,5/15/24 0:00,18.61090226,Working,50,
2024-05-16T07:00:00Z,5/16/24 0:00,15.88794885,Working,50,
2024-05-17T07:00:00Z,5/17/24 0:00,16.1073258,Working,50,
2024-05-18T07:00:00Z,5/18/24 0:00,14.95321014,Working,50,
2024-05-19T07:00:00Z,5/19/24 0:00,13.72592563,Working,50,
2024-05-20T07:00:00Z,5/20/24 0:00,13.51032427,Working,50,
2024-05-21T07:00:00Z,5/21/24 0:00,13.84946069,Working,50,
2024-05-22T07:00:00Z,5/22/24 0:00,13.8045692,Working,50,
2024-05-23T07:00:00Z,5/23/24 0:00,14.93710733,Working,50,
2024-05-24T07:00:00Z,5/24/24 0:00,15.92571514,Working,50,
2024-05-25T07:00:00Z,5/25/24 0:00,16.11159031,Working,50,
2024-05-26T07:00:00Z,5/26/24 0:00,16.43341181,Working,50,
2024-05-27T07:00:00Z,5/27/24 0:00,15.60205302,Working,50,
2024-05-28T07:00:00Z,5/28/24 0:00,15.92172295,Working,50,
2024-05-29T07:00:00Z,5/29/24 0:00,15.26728757,Working,50,
2024-05-30T07:00:00Z,5/30/24 0:00,13.87417618,Working,50,
2024-05-31T07:00:00Z,5/31/24 0:00,13.87175705,Working,50,
2024-06-01T07:00:00Z,6/1/24 0:00,13.47014087,Working,50,
2024-06-02T07:00:00Z,6/2/24 0:00,13.78886222,Working,50,
2024-06-03T07:00:00Z,6/3/24 0:00,13.69867566,Working,50,
2024-06-04T07:00:00Z,6/4/24 0:00,13.52934733,Working,50,
2024-06-05T07:00:00Z,6/5/24 0:00,13.41325934,Working,50,
2024-06-06T07:00:00Z,6/6/24 0:00,13.44543462,Working,50,
2024-06-07T07:00:00Z,6/7/24 0:00,13.42264486,Working,50,
2024-06-08T07:00:00Z,6/8/24 0:00,13.69629917,Working,50,
2024-06-09T07:00:00Z,6/9/24 0:00,13.55671125,Working,50,
2024-06-10T07:00:00Z,6/10/24 0:00,13.60327885,Working,50,
2024-06-11T07:00:00Z,6/11/24 0:00,13.20979802,Working,50,
2024-06-12T07:00:00Z,6/12/24 0:00,13.01417191,Working,50,
2024-06-13T07:00:00Z,6/13/24 0:00,12.79010844,Working,50,
2024-06-14T07:00:00Z,6/14/24 0:00,12.60633969,Working,50,
2024-06-15T07:00:00Z,6/15/24 0:00,12.52558059,Working,50,
2024-06-16T07:00:00Z,6/16/24 0:00,12.47570906,Working,50,
2024-06-17T07:00:00Z,6/17/24 0:00,12.37569049,Working,50,
2024-06-18T07:00:00Z,6/18/24 0:00,12.25358503,Working,50,
2024-06-19T07:00:00Z,6/19/24 0:00,12.26342826,Working,50,
2024-06-20T07:00:00Z,6/20/24 0:00,12.487295,Working,50,
2024-06-21T07:00:00Z,6/21/24 0:00,12.48080653,Working,50,
2024-06-22T07:00:00Z,6/22/24 0:00,12.23413938,Working,50,
2024-06-23T07:00:00Z,6/23/24 0:00,12.08298611,Working,50,
2024-06-24T07:00:00Z,6/24/24 0:00,12.04152465,Working,50,
2024-06-25T07:00:00Z,6/25/24 0:00,11.8674917,Working,50,
2024-06-26T07:00:00Z,6/26/24 0:00,11.89485174,Working,50,
2024-06-27T07:00:00Z,6/27/24 0:00,11.71394347,Working,50,
2024-06-28T07:00:00Z,6/28/24 0:00,11.32222872,Working,50,
2024-06-29T07:00:00Z,6/29/24 0:00,11.03941628,Working,50,
2024-06-30T07:00:00Z,6/30/24 0:00,11.04374858,Working,50,
2024-07-01T07:00:00Z,7/1/24 0:00,11.09713837,Working,50,
2024-07-02T07:00:00Z,7/2/24 0:00,11.01985424,Working,50,
2024-07-03T07:00:00Z,7/3/24 0:00,10.84998316,Working,50,
2024-07-04T07:00:00Z,7/4/24 0:00,11.03500274,Working,50,
2024-07-05T07:00:00Z,7/5/24 0:00,11.31378837,Working,50,
2024-07-06T07:00:00Z,7/6/24 0:00,11.50927875,Working,50,
2024-07-07T07:00:00Z,7/7/24 0:00,11.68351194,Working,50,
2024-07-08T07:00:00Z,7/8/24 0:00,11.93638063,Working,50,
2024-07-09T07:00:00Z,7/9/24 0:00,11.8875658,Working,50,
2024-07-10T07:00:00Z,7/10/24 0:00,12.06674563,Working,50,
2024-07-11T07:00:00Z,7/11/24 0:00,12.0817351,Working,50,
2024-07-12T07:00:00Z,7/12/24 0:00,12.18470521,Working,50,
2024-07-13T07:00:00Z,7/13/24 0:00,12.16794153,Working,50,
2024-07-14T07:00:00Z,7/14/24 0:00,12.45601139,Working,50,
2024-07-15T07:00:00Z,7/15/24 0:00,14.4280826,Working,50,
2024-07-16T07:00:00Z,7/16/24 0:00,13.55805212,Working,50,
2024-07-17T07:00:00Z,7/17/24 0:00,11.72663083,Working,50,
2024-07-18T07:00:00Z,7/18/24 0:00,16.2586591,Working,50,
2024-07-19T07:00:00Z,7/19/24 0:00,12.71653063,Working,50,
2024-07-20T07:00:00Z,7/20/24 0:00,14.60374278,Working,50,
2024-07-21T07:00:00Z,7/21/24 0:00,11.49926253,Working,50,
2024-07-22T07:00:00Z,7/22/24 0:00,11.39359531,Working,50,
2024-07-23T07:00:00Z,7/23/24 0:00,11.23369993,Working,50,
2024-07-24T07:00:00Z,7/24/24 0:00,11.50684594,Working,50,
2024-07-25T07:00:00Z,7/25/24 0:00,11.79431035,Working,50,
2024-07-26T07:00:00Z,7/26/24 0:00,11.95400181,Working,50,
2024-07-27T07:00:00Z,7/27/24 0:00,14.02331382,Working,50,
2024-07-28T07:00:00Z,7/28/24 0:00,17.96939438,Working,50,
2024-07-29T07:00:00Z,7/29/24 0:00,14.60304069,Working,50,
2024-07-30T07:00:00Z,7/30/24 0:00,12.14381809,Working,50,
2024-07-31T07:00:00Z,7/31/24 0:00,15.31419253,Working,50,
2024-08-01T07:00:00Z,8/1/24 0:00,15.57951747,Working,50,
2024-08-02T07:00:00Z,8/2/24 0:00,13.94655535,Working,50,
2024-08-03T07:00:00Z,8/3/24 0:00,12.30009771,Working,50,
2024-08-04T07:00:00Z,8/4/24 0:00,13.62263342,Working,50,
2024-08-05T07:00:00Z,8/5/24 0:00,10.72877108,Working,50,
2024-08-06T07:00:00Z,8/6/24 0:00,10.88987188,Working,50,
2024-08-07T07:00:00Z,8/7/24 0:00,11.26513747,Working,50,
2024-08-08T07:00:00Z,8/8/24 0:00,10.02917924,Working,50,
2024-08-09T07:00:00Z,8/9/24 0:00,10.76290057,Working,50,
2024-08-10T07:00:00Z,8/10/24 0:00,11.99569597,Working,50,
2024-08-11T07:00:00Z,8/11/24 0:00,17.0227326,Working,50,
2024-08-12T07:00:00Z,8/12/24 0:00,11.98871917,Working,50,
2024-08-13T07:00:00Z,8/13/24 0:00,11.83459299,Working,50,
2024-08-14T07:00:00Z,8/14/24 0:00,11.95474063,Working,50,
2024-08-15T07:00:00Z,8/15/24 0:00,12.06936031,Working,50,
2024-08-16T07:00:00Z,8/16/24 0:00,12.1970034,Working,50,
2024-08-17T07:00:00Z,8/17/24 0:00,12.60559639,Working,50,
2024-08-18T07:00:00Z,8/18/24 0:00,13.04114809,Working,50,
2024-08-19T07:00:00Z,8/19/24 0:00,13.25344563,Working,50,
2024-08-20T07:00:00Z,8/20/24 0:00,13.54696861,Working,50,
2024-08-21T07:00:00Z,8/21/24 0:00,14.69937906,Working,50,
2024-08-22T07:00:00Z,8/22/24 0:00,22.43627132,Working,50,
2024-08-23T07:00:00Z,8/23/24 0:00,14.05944903,Working,50,
2024-08-24T07:00:00Z,8/24/24 0:00,14.28297517,Working,50,
2024-08-25T07:00:00Z,8/25/24 0:00,14.33369292,Working,50,