USGS,,,,,,,,°C,uS/cm,uS/cm,,,ueq/L,mg/L,mg/L,mg/L,mg/L,mg/L,,mg/L,mg/L,mg/L,mg/L,mg/L,mg/L,mg/L,µg/L,µg/L,µg/L,,mg/L,mg/L,mg/L,mg/L,mg/L,mg/L,mg/L,mg/L,mg/L,mg/L,mg/L,mg/L,ug/L,ug/L,ug/L
SITE ID,SITE,TYPE,YEAR,MONTH,DAY,DATE,TIME,TEMP,FLDCOND,LABCOND,FLDPH,LABPH,ANC,CA,MG,NA,K,NH4,AAA,SO4,NO3,NO3_NREL,PO4,CL,F,SiO2,AL,FE,MN,LAB,DOC,TDN,NH4 calc,NO3 calc,TIN,TDN calc,DON,PO4_NREL,PO4_NREL calc,TP_NREL,TP_NREL calc,DOP,TP_HSWL,TP_UTS,CHL_A
401733105392404,LOCH.O ,NORMAL,2019,1,15,1/15/2019,16:08,0.1,24.19,27.37,,6.772,121.62425,3.319,0.468,1.074,0.253,0.025,,4.4602,1.3975,,0.005,0.2636,0.074,4.00745,,,,USFS,1.052,0.4698,0.0194125,0.31569525,0.33510775,0.4698,0.13469225,,,,,,,6.39,0.408259542
401733105392404,LOCH.O ,NORMAL,2019,1,22,1/22/2019,13:22,-0.2,12.45,25.85,,6.862,126.295,3.147,0.446,1.132,0.243,0.008,,4.3828,1.2301,,0.005,0.3042,0.074,4.100117,,,,USFS,1.469,0.6916,0.006212,0.27787959,0.28409159,0.6916,0.40750841,,,,,,,9.72,
401733105392404,LOCH.O ,NORMAL,2019,1,29,1/29/2019,13:31,0.0,25.60,26.83,,6.738,111.30825,3.108,0.494,1.24,0.232,0.021,,4.3947,1.2687,,0.005,0.2733,0.07,5.86079,,,,USFS,1.3,0.6434,0.0163065,0.28659933,0.30290583,0.6434,0.34049417,,,,,,,11.2,
401733105392404,LOCH.O ,NORMAL,2019,2,5,2/5/2019,13:33,0.0,21.03,26.42,,6.838,130.85,3.026,0.491,1.366,0.2394,0.053,,4.514,1.2272,,0.005,0.2498,0.084,,,,,USFS,1.485,0.4953,0.0411545,0.27722448,0.31837898,0.4953,0.17692102,,,,,,,,
401733105392404,LOCH.O ,BLANK,2019,2,12,2/12/2019,13:54,,1.40,1.52,,5.468,3.6584,0.005,0.018,0.014,0.027,0.002,,0.005,0.0015,,0.005,0.005,0.005,,,,,USFS,0.026,0.00163,0.001553,0.00034,0.00189,0.001967,0.000077,,,,,,,0.02,
401733105392404,LOCH.O ,NORMAL,2019,2,12,2/12/2019,13:53,0.0,24.33,25.39,,6.548,123.1688,3.036,0.464,1.135,0.238,0.029,,4.0933,1.2168,,0.005,0.2019,0.097,,,,,USFS,0.8914,0.4296,0.0225185,0.27487512,0.29739362,0.4296,0.13220638,,,,,,,12.5,
401733105392404,LOCH.O ,NORMAL,2019,2,19,2/19/2019,14:15,0.0,16.52,25.67,,6.602,129.281,2.945,0.455,1.085,0.208,0.024,,3.8368,1.2573,,0.005,0.1966,0.087,4.100117,,,,USFS,0.9826,0.48,0.018636,0.28402407,0.30266007,0.48,0.17733993,,,,,,,,0.888205402
401733105392404,LOCH.O ,NORMAL,2019,2,26,2/26/2019,12:46,0.5,24.10,25.57,,6.592,116.92,2.861,0.476,1.144,0.229,0.06,,3.9017,1.2614,,0.005,0.2516,0.094,4.594341,,,,USFS,0.9757,0.4049,0.04659,0.28495026,0.33154026,0.4049,0.07335974,,,,,,,,
401733105392404,LOCH.O ,NORMAL,2019,3,5,3/5/2019,12:34,0.0,13.92,25.79,,6.55,133.8524,2.861,0.467,1.146,0.241,0.05,,3.8539,1.2244,,0.005,0.2528,0.088,4.347229,,,,USFS,1.823,0.6018,0.038825,0.27659196,0.31541696,0.6018,0.28638304,,,,,,,35.9,
401733105392403,LOCH.LH,NORMAL,2019,3,12,3/12/2019,10:45,2.7,29.16,29.89,,6.918,102.2984,3.473,0.642,1.462,0.274,0.049,,4.0874,1.1681,,0.005,0.4071,0.141,4.563452,,,,USFS,1.936,0.7128,0.0380485,0.26387379,0.30192229,0.7128,0.41087771,,,,,,,39.6,0.992805745
401733105392401,LOCH.LS,NORMAL,2019,3,12,3/12/2019,10:48,0.3,29.24,26.03,,6.718,96.902,2.82,0.558,0.958,0.358,0.061,,4.4789,1.1364,,0.005,,0.123,4.31634,,,,USFS,2.179,0.6775,0.0473665,0.25671276,0.30407926,0.6775,0.37342074,,,,,,,13,1.218218666
401733105392404,LOCH.O ,NORMAL,2019,3,12,3/12/2019,11:42,1.8,22.85,25.6,,6.576,131.4808,2.767,0.475,1.264,0.273,0.06,,3.7636,1.1972,,0.005,0.3875,0.086,4.378118,,,,USFS,1.409,0.5802,0.04659,0.27044748,0.31703748,0.5802,0.26316252,,,,,,,,5.669539974
401733105392404,LOCH.O ,NORMAL,2019,3,19,3/19/2019,12:48,0.0,4.44,26.2,,6.417,128.3576,2.738,0.521,1.198,0.312,0.078,,4.0604,1.1265,,0.005,0.3635,0.11,,,,,USFS,1.233,0.6604,0.060567,0.25447635,0.31504335,0.6604,0.34535665,,,,,,,,
401733105392404,LOCH.O ,NORMAL,2019,3,26,3/26/2019,12:06,0.3,20.58,25.75,,6.52,124.084,2.657,0.5,1.202,0.271,0.059,,3.9078,1.0766,,0.005,0.2918,0.084,5.181232,,,,USFS,1.44,0.6973,0.0458135,0.24320394,0.28901744,0.6973,0.40828256,,,,,,,26.2,
401733105392404,LOCH.O ,NORMAL,2019,4,2,4/2/2019,11:45,0.2,19.31,24.95,,6.28,117.8928,2.869,0.502,1.18,0.277,0.02,,3.9661,0.842,,0.005,0.2904,0.107,3.513226,,,,USFS,1.494,0.424,0.01553,0.1902078,0.2057378,0.424,0.2182622,,,,,,,11.8,
401733105392404,LOCH.O ,DUPE,2019,4,9,4/9/2019,13:56,0.6,17.07,23.89,,6.378,119.944,2.64,0.473,1.111,0.241,0.015,,3.682,0.8386,,0.005,0.2443,0.081,3.358781,,,,USFS,1.76,0.4079,0.0116475,0.18943974,0.20108724,0.4079,0.20681276,,,,,,,22.4,
401733105392404,LOCH.O ,NORMAL,2019,4,9,4/9/2019,13:55,0.6,17.07,23.73,,6.379,119.648,2.623,0.471,1.117,0.238,0.016,,3.7062,0.8479,,0.005,0.2447,0.076,3.266114,,,,USFS,1.777,0.4198,0.012424,0.19154061,0.20396461,0.4198,0.21583539,,,,,,,35.5,
401733105392404,LOCH.O ,NORMAL,2019,4,16,4/16/2019,15:33,1.2,14.33,20.25,,6.34,119.168,2.222,0.492,0.963,0.218,0.015,,2.6473,0.769,,0.005,0.2462,0.085,3.636782,,,,USFS,2.713,0.3289,0.0116475,0.1737171,0.1853646,0.3289,0.1435354,,,,,,,15.2,
401733105392403,LOCH.LH,NORMAL,2019,4,23,4/23/2019,11:15,4.2,22.14,24.97,,6.972,,,,,,,,,,,,,,,,,,USFS,,,,,,,,,,,,,,23,2.633774608
401733105392401,LOCH.LS,NORMAL,2019,4,23,4/23/2019,11:16,0.7,22.12,18.62,,6.782,86.3728,2.085,0.387,0.802,0.343,0.085,,1.7925,0.8014,,0.005,0.4985,0.055,3.575004,,,,USFS,3.598,0.9123,0.0660025,0.18103626,0.24703876,0.9123,0.66526124,,,,,,,235,0.868182841
401733105392404,LOCH.O ,NORMAL,2019,4,23,4/23/2019,11:48,1.2,19.68,19.51,,6.214,97.048,2.249,0.42,0.664,0.226,0.032,,2.6397,0.6243,,0.005,0.2498,0.09,3.945672,,,,USFS,3.635,0.4785,0.024848,0.14102937,0.16587737,0.4785,0.31262263,,,,,,,28.7,0.124845921
401733105392404,LOCH.O ,NORMAL,2019,5,7,5/7/2019,11:43,2.1,11.57,19.16,,6.252,94.9824,2.104,0.415,0.778,0.23,0.023,,2.7151,0.677,,0.005,0.2432,0.09,,,,,USFS,3.174,0.4087,0.0178595,0.1529343,0.1707938,0.4087,0.2379062,,,,,,,17.6,
401733105392404,LOCH.O ,NORMAL,2019,5,14,5/14/2019,12:37,1.9,10.26,18.2,,6.476,75.7008,2.249,0.424,0.721,0.211,0.017,,2.7582,0.6165,,0.005,0.2482,0.09,3.544115,,,,USFS,3.443,0.3808,0.0132005,0.13926735,0.15246785,0.3808,0.22833215,,,,,,,20.1,
401733105392404,LOCH.O ,NORMAL,2019,5,22,5/22/2019,13:25,1.4,16.56,17.7,,6.385,64.07385,1.861,0.365,0.724,0.222,0.014,,2.9284,1.1312,,0.005,0.2542,0.071,3.266114,,,,USFS,3.588,0.499,0.010871,0.25553808,0.26640908,0.499,0.23259092,,,,,,,9.92,
401733105392404,LOCH.O ,NORMAL,2019,5,28,5/28/2019,13:13,2.4,16.66,15.87,,6.309,50.90225,1.748,0.339,0.645,0.175,0.014,,2.2312,1.1368,,0.005,0.1918,0.06,3.142558,,,,USFS,3.704,0.511,0.010871,0.25680312,0.26767412,0.511,0.24332588,,,,,,,8.56,0.140990165
401733105392404,LOCH.O ,NORMAL,2019,6,4,6/4/2019,11:40,2.3,15.80,14.74,,6.264,54.024,1.76,0.349,0.72,0.162,0.042,,2.0072,1.2131,,0.005,0.2264,0.101,2.926335,,,,USFS,3.942,0.4965,0.032613,0.27403929,0.30665229,0.4965,0.18984771,,,,,,,10.8,0.761395845
401733105392401,LOCH.LS,NORMAL,2019,6,11,6/11/2019,12:00,,,14.86,,6.69,51.0296,1.722,0.287,0.614,0.207,0.013,,2.0098,1.2754,,0.005,0.2294,0.065,2.524778,,,,USFS,2.58,0.6216,0.0100945,0.28811286,0.29820736,0.6216,0.32339264,,,,,,,17.2,0.586390913
401733105392404,LOCH.O ,BLANK,2019,6,11,6/11/2019,12:18,,1.55,2.05,,6.398,4.4312,0.009,0.004,0.04,0.002,0.014,,0.046,0.0046,,0.005,0.0822,0.065,0.949439,,,,USFS,0.0278,0.00951,0.010871,0.00103914,0.01191014,0.01191014,0,,,,,,,0.02,0.013381011
401733105392404,LOCH.O ,NORMAL,2019,6,11,6/11/2019,12:17,4.1,16.49,14.84,,5.402,50.3048,1.527,0.37,0.607,0.146,0.008,,1.9835,1.2874,,0.005,0.2064,0.061,2.463,,,,USFS,2.517,0.5756,0.006212,0.29082366,0.29703566,0.5756,0.27856434,,,,,,,9.68,
401733105392404,LOCH.O ,NORMAL,2019,6,18,6/18/2019,12:01,4.5,12.78,14.19,,6.523,51.7696,1.321,0.389,0.73,0.114,0.043,,1.9883,1.1801,,0.005,0.182,0.103,2.493889,,,,USFS,2.311,0.6616,0.0333895,0.26658459,0.29997409,0.6616,0.36162591,,,,,,,11.1,8.390171322
401723105394800,AND.CRK,NORMAL,2019,6,24,6/24/2019,12:08,4.0,9.62,15.47,,6.754,46.04,1.635,0.333,0.577,0.193,0.009,,2.2613,1.8561,,0.005,0.1752,0.044,2.308555,,,,USFS,1.431,0.7117,0.0069885,0.41929299,0.42628149,0.7117,0.28541851,,,,,,,12.6,
401733105392400,LOCH.I ,NORMAL,2019,6,24,6/24/2019,12:23,4.5,10.07,17.59,,6.66,54.94,1.922,0.329,0.637,0.203,0.027,,2.4102,1.5976,,0.005,0.1915,0.052,2.061443,,,,USFS,1.756,0.663,0.0209655,0.36089784,0.38186334,0.663,0.28113666,,,,,,,14.9,
401733105392403,LOCH.LH,NORMAL,2019,6,24,6/24/2019,13:29,,,15.49,,6.725,63.303,1.801,0.324,0.575,0.177,0.01,,1.9923,1.3293,,0.005,0.1784,0.026,1.968776,,,,USFS,2.011,0.5628,0.007765,0.30028887,0.30805387,0.5628,0.25474613,,,,,,,8.61,0.140082334
401733105392401,LOCH.LS,NORMAL,2019,6,24,6/24/2019,13:24,,,15.43,,6.762,53.97,2.004,0.346,0.588,0.195,0.048,,2.0019,1.3321,,0.005,0.198,0.027,2.15411,,,,USFS,2.049,0.5689,0.037272,0.30092139,0.33819339,0.5689,0.23070661,,,,,,,19,0.441466968
401733105392404,LOCH.O ,NORMAL,2019,6,24,6/24/2019,12:55,4.5,9.03,13.02,,6.457,41.47,1.205,0.352,0.58,0.125,0.012,,2.0094,1.3323,,0.005,0.1748,0.078,1.659886,,,,USFS,1.087,0.8226,0.009318,0.30096657,0.31028457,0.8226,0.51231543,,,,,,,19.1,0.130981821
401642105400600,SKY.IS,NORMAL,2019,6,24,6/24/2019,10:00,2.3,16.80,22.98,,6.313,19.533,2.71275,0.456,0.756,0.225,0.02,,4.6036,3.5804,,0.005,0.2161,0.081,1.906998,,,,USFS,0.7039,1.219,0.01553,0.80881236,0.82434236,1.219,0.39465764,,,,,,,16.6,2.468677084
401642105400603,SKY.LH ,NORMAL,2019,6,24,6/24/2019,10:44,2.2,17.77,10.89,,6.708,47.7448,1.341,0.185,0.39,0.125,0.046,,1.653,1.0103,,0.005,0.1513,0.123,1.412774,,,,USFS,1.926,0.5454,0.035719,0.22822677,0.26394577,0.5454,0.28145423,,,,,,,11.4,0.599480513
401733105392401,SKY.LS ,NORMAL,2019,6,24,6/24/2019,10:23,1.7,11.10,10.24,,6.749,36.35,1.257,0.121,0.557,0.179,0.029,,2.073,0.7934,,0.005,0.1753,0.04,1.196551,,,,USFS,0.8686,0.6585,0.0225185,0.17922906,0.20174756,0.6585,0.45675244,,,,,,,20.6,1.282349283
401642105400604,SKY.O,NORMAL,2019,6,24,6/24/2019,10:39,1.1,11.46,16.15,,6.645,46.28,1.783,0.331,0.585,0.193,0.016,,2.9626,1.805,,0.005,0.1832,0.058,2.092332,,,,USFS,0.9261,0.7495,0.012424,0.4077495,0.4201735,0.7495,0.3293265,,,,,,,13.6,1.264568857
401733105392404,LOCH.O ,NORMAL,2019,7,2,7/2/2019,11:10,6.0,13.11,13.62,,6.459,41.1328,1.3,0.373,0.671,0.186,0.006,,2.0582,1.513,,0.005,0.1983,0.082,1.814331,,,,USFS,1.546,0.7877,0.004659,0.3417867,0.3464457,0.7877,0.4412543,,,,,,,14.5,
401733105392404,LOCH.O ,NORMAL,2019,7,9,7/9/2019,12:55,8.7,11.96,12.39,,6.477,44.4856,1.097,0.32,0.58,0.163,0.0299,,2.1587,1.2343,,0.005,0.2394,0.111,1.53633,,,,USFS,1.598,0.7175,0.02321735,0.27882837,0.30204572,0.7175,0.41545428,,,,,,,7.04,
401733105392404,LOCH.O ,NORMAL,2019,7,16,7/16/2019,12:27,10.5,11.40,11.37,,6.489,50.1136,1.111,0.258,0.439,0.146,0.028,,1.6173,0.9113,,0.005,0.2403,0.116,1.258329,,,,USFS,1.138,0.4217,0.021742,0.20586267,0.22760467,0.4217,0.19409533,,,,,,,13.6,
401718105404004,AND.TO,NORMAL,2019,7,19,7/19/2019,10:40,6.7,5.17,4.34,,6.694,12.36,0.171,0.066,0.156,0.138,0.011,,0.5402,0.9787,,0.005,0.1382,0.005,1.011217,,,,USFS,1.131,0.4267,0.0085415,0.22108833,0.22962983,0.4267,0.19707017,,,,,,,17.2,
401733105392404,LOCH.O ,NORMAL,2019,7,23,7/23/2019,11:32,10.2,9.71,10.23,,6.471,43.7536,1.018,0.248,0.365,0.164,0.009,,1.6971,0.7852,,0.005,0.1776,0.112,1.165662,,,,USFS,1.457,0.3471,0.0069885,0.17737668,0.18436518,0.3471,0.16273482,,,,,,,7.36,
401723105394800,AND.CRK,NORMAL,2019,7,29,7/29/2019,9:35,4.0,10.12,10.72,,6.791,32.5096,1.508,0.196,0.43,0.212,0.021,,1.2126,0.9903,,0.005,0.1458,0.043,2.215888,,,,USFS,0.777,0.4005,0.0163065,0.22370877,0.24001527,0.4005,0.16048473,,,,,,,12.8,
401733105392400,LOCH.I ,NORMAL,2019,7,29,7/29/2019,9:49,6.6,10.36,11.14,,6.65,35.3592,1.26,0.225,0.494,0.246,0.088,,1.5587,0.8335,,0.005,0.2376,0.088,1.381885,,,,USFS,0.7767,0.3196,0.068332,0.18828765,0.25661965,0.3196,0.06298035,,,,,,,15.5,
401733105392404,LOCH.O ,NORMAL,2019,7,29,7/29/2019,10:08,10.1,9.63,10.65,,6.41,41.0904,1.295,0.242,0.454,0.174,0.055,,1.5041,0.7554,,0.005,0.128,0.059,1.134773,,,,USFS,1.064,0.3571,0.0427075,0.17064486,0.21335236,0.3571,0.14374764,,,,,,,8.29,0.776984446
401642105400600,SKY.IS,NORMAL,2019,7,29,7/29/2019,8:34,1.0,10.33,10.2,,6.325,23.58225,1.06,0.144,0.415,0.239,0.038,,1.5787,1.0768,,0.005,0.2214,0.128,1.22744,,,,USFS,0.6167,0.4222,0.029507,0.24324912,0.27275612,0.4222,0.14944388,,,,,,,8.89,
401642105400603,SKY.LH ,NORMAL,2019,7,29,7/29/2019,8:38,7.1,9.37,9.75,,6.63,32.9144,1.074,0.158,0.355,0.115,0.041,,1.4426,0.7139,,0.005,0.0933,0.084,1.165662,,,,USFS,0.6852,0.2878,0.0318365,0.16127001,0.19310651,0.2878,0.09469349,,,,,,,13.5,2.43762025
401733105392401,SKY.LS ,NORMAL,2019,7,29,7/29/2019,8:37,8.4,8.91,9.57,,6.727,31.744,1.197,0.147,0.358,0.124,0.044,,1.4257,0.6698,,0.005,0.0947,0.081,1.258329,,,,USFS,0.9313,0.4066,0.034166,0.15130782,0.18547382,0.4066,0.22112618,,,,,,,14.4,1.45830415
401642105400604,SKY.O,DUPE,2019,7,29,7/29/2019,9:02,6.4,10.03,9.93,,6.516,34.336,1.049,0.231,0.414,0.153,0.026,,1.5416,0.753,,0.005,0.1306,0.079,1.134773,,,,USFS,0.7254,0.3064,0.020189,0.1701027,0.1902917,0.3064,0.1161083,,,,,,,9.75,2.104509227
401642105400604,SKY.O,NORMAL,2019,7,29,7/29/2019,9:01,6.4,10.03,9.93,,6.526,35.5032,1.014,0.232,0.417,0.146,0.028,,1.528,0.7426,,0.005,0.1155,0.075,1.814331,,,,USFS,0.7198,0.3154,0.021742,0.16775334,0.18949534,0.3154,0.12590466,,,,,,,4.66,2.050217263
401843105400603,EMERALD.O,NORMAL,2019,8,6,8/6/2019,7:10,9.7,8.40,9.49,,6.64,38.5344,1.155,0.207,0.371,0.202,0.036,,0.7602,1.2125,,0.005,0.15,0.005,1.320107,,,,USFS,0.6086,0.3338,0.027954,0.27390375,0.30185775,0.3338,0.03194225,,,,,,,10.2,
401821105394402,HAIYAHA.O,DUPE,2019,8,6,8/6/2019,8:25,8.2,11.80,12.17,,6.628,53.9744,1.331,0.245,0.56,0.164,0.04,,1.754,1.1152,,0.005,0.0929,0.016,2.061443,,,,USFS,0.5416,0.3641,0.03106,0.25192368,0.28298368,0.3641,0.08111632,,,,,,,21.5,
401821105394402,HAIYAHA.O,NORMAL,2019,8,6,8/6/2019,8:24,8.2,11.80,12.15,,6.614,49.2584,1.355,0.246,0.564,0.165,0.039,,1.7554,1.1221,,0.005,0.1038,0.019,2.308555,,,,USFS,0.5514,0.3559,0.0302835,0.25348239,0.28376589,0.3559,0.07213411,,,,,,,16.7,
401733105392404,LOCH.O ,NORMAL,2019,8,6,8/6/2019,10:40,11.7,9.50,10.67,,6.527,47.3392,1.279,0.224,0.423,0.136,0.048,,1.4763,0.6559,,0.005,0.0944,0.066,1.258329,,,,USFS,0.747,0.251,0.037272,0.14816781,0.18543981,0.251,0.06556019,,,,,,,9.45,
401733105392404,LOCH.O ,DUPE,2019,8,13,8/13/2019,11:31,11.1,11.23,10.85,,6.603,44.3952,1.417,0.256,0.438,0.133,0.014,,1.8027,0.705,,0.005,0.0901,0.094,0.764105,,,,USFS,0.81,0.2614,0.010871,0.1592595,0.1701305,0.2614,0.0912695,,,,,,,9.18,
401733105392404,LOCH.O ,NORMAL,2019,8,13,8/13/2019,11:30,11.1,11.23,10.88,,6.608,44.8712,1.382,0.247,0.435,0.125,0.014,,1.7764,0.6982,,0.005,0.0844,0.094,1.320107,,,,USFS,0.816,0.2523,0.010871,0.15772338,0.16859438,0.2523,0.08370562,,,,,,,10.5,
401733105392403,LOCH.LH,NORMAL,2019,8,15,8/15/2019,11:29,9.7,10.93,13.09,,6.677,57.728,1.744,0.27,0.468,0.143,0.02,,1.6519,0.757,,0.005,0.11,0.071,,,,,USFS,0.654,0.244,0.01553,0.1710063,0.1865363,0.244,0.0574637,,,,,,,11.4,
401733105392401,LOCH.LS,NORMAL,2019,8,15,8/15/2019,11:28,12.3,10.14,11.72,,6.747,48.9568,1.402,0.239,0.459,0.129,0.04,,1.6039,0.6063,,0.005,0.1177,0.052,,,,,USFS,0.749,0.276,0.03106,0.13696317,0.16802317,0.276,0.10797683,,,,,,,8.99,
401642105400600,SKY.IS,NORMAL,2019,8,20,8/20/2019,8:05,,,11.92,,6.422,23.356,1.31,0.221,0.393,0.118,0.045,,2.3145,1.2315,,0.005,0.1016,0.061,0.794994,,,,USFS,0.351,0.414,0.0349425,0.27819585,0.31313835,0.414,0.10086165,,,,,,,18.6,
401642105400603,SKY.LH ,NORMAL,2019,8,20,8/20/2019,7:38,8.3,17.16,10.06,,6.723,36.8112,1.263,0.189,0.384,0.129,0.022,,1.6548,0.5076,,0.005,0.1249,0.02,0.547882,,,,USFS,0.71,0.407,0.017083,0.11466684,0.13174984,0.407,0.27525016,,,,,,,12.6,1.785814065
401733105392401,SKY.LS ,NORMAL,2019,8,20,8/20/2019,7:39,8.1,15.02,10.57,,6.792,44.9208,1.156,0.172,0.371,0.108,0.069,,1.5277,0.4244,,0.005,0.1127,0.071,0.764105,,,,USFS,0.583,0.287,0.0535785,0.09587196,0.14945046,0.287,0.13754954,,,,,,,13.3,
401642105400604,SKY.O,NORMAL,2019,8,20,8/20/2019,7:35,,,10.27,,6.756,37.044,1.565,0.192,0.383,0.105,0.031,,1.6638,0.492,,0.005,0.1016,0.076,0.733216,,,,USFS,0.49,0.228,0.0240715,0.1111428,0.1352143,0.228,0.0927857,,,,,,,11.1,1.140020364
401733105392400,LOCH.I ,NORMAL,2019,8,22,8/22/2019,8:23,8.2,14.19,11.44,,6.789,41.0576,1.355,0.209,0.471,0.121,0.011,,1.667,0.951,,0.005,0.098,0.062,1.604454,,,,USFS,0.823,0.3487,0.0178595,0.2148309,0.2326904,0.3487,0.1160096,,,,,,,7.16,
401733105392403,LOCH.LH,NORMAL,2019,8,22,8/22/2019,8:55,10.8,14.35,11.81,,6.789,52.1784,1.5,0.262,0.483,0.138,0.05,,2.006,0.8015,,0.005,0.0974,0.109,1.661482,,,,USFS,0.66,0.304,0.0085415,0.18105885,0.18960035,0.304,0.11439965,,,,,,,26,0.462896939
401733105392401,LOCH.LS,DUPE,2019,8,22,8/22/2019,9:06,11.4,14.01,12.92,,6.681,70.6704,1.593,0.289,0.479,0.129,0.031,,1.764,0.7471,,0.005,0.1069,0.071,1.625084,,,,USFS,0.676,0.287,0.038825,0.16876989,0.20759489,0.287,0.07940511,,,,,,,12,0.54533016
401733105392401,LOCH.LS,NORMAL,2019,8,22,8/22/2019,9:05,11.4,14.01,12.84,,6.84,69.112,1.599,0.286,0.49,0.139,0.032,,1.7446,0.6026,,0.005,0.1085,0.071,1.599392,,,,USFS,0.846,0.371,0.0240715,0.13612734,0.16019884,0.371,0.21080116,,,,,,,7.03,0.388712528
401733105392404,LOCH.O ,NORMAL,2019,8,22,8/22/2019,9:48,12.1,13.68,11.39,,6.837,50.5752,1.378,0.251,0.492,0.143,0.042,,1.7495,0.5981,,0.005,0.1184,0.08,1.547426,,,,USFS,0.811,0.346,0.024848,0.13511079,0.15995879,0.346,0.18604121,,,,,,,9.26,0.242235537
401723105394800,AND.CRK,NORMAL,2019,8,27,8/27/2019,13:31,,,11.3,,6.645,52.9088,1.029,0.289,0.469,0.147,0.023,,1.7385,0.6473,,0.005,0.1141,0.072,,,,,USFS,0.788,0.255,0.032613,0.14622507,0.17883807,0.255,0.07616193,,,,,,,13,
401733105392404,LOCH.O ,NORMAL,2019,8,27,8/27/2019,14:23,12.6,9.52,11.82,,6.684,53.116,1.408,0.258,0.505,0.162,0.057,,1.842,0.563,,0.005,0.116,0.097,0.91855,,,,USFS,1.322,0.3808,0.0442605,0.1271817,0.1714422,0.3808,0.2093578,,,,,,,19.9,
401733105392404,LOCH.O ,NORMAL,2019,9,3,9/3/2019,13:24,14.5,9.85,12.05,,6.705,56.4912,1.515,0.207,0.397,0.16,0.086,,1.481,0.414,,0.005,0.1655,0.112,1.042106,,,,USFS,1.31,0.3535,0.066779,0.0935226,0.1603016,0.3535,0.1931984,,,,,,,12.5,
403033105363800,HUSTED.LS,NORMAL,2019,9,7,9/7/2019,10:46,15.1,11.05,14.61,,6.792,117.296,2.108,0.275,0.837,0.27,0.049,,0.513,0.098,,0.005,0.234,0.222,1.381885,,,,USFS,2.718,0.2783,0.0380485,0.0221382,0.0601867,0.2783,0.2181133,,,,,,,16.7,0.473324218
403028105371303,LOUISE.I,NORMAL,2019,9,7,9/7/2019,9:44,7.4,35.64,28.91,,6.971,223.7728,3.952,0.401,1.16,0.366,0.045,,2.502,0.45,,0.005,0.276,0.44,0.553784,,,,USFS,1.104,0.2924,0.0349425,0.101655,0.1365975,0.2924,0.1558025,,,,,,,18.8,2.44798286
403028105371302,LOUISE.O,NORMAL,2019,9,7,9/7/2019,10:07,11.1,26.21,26.19,,6.975,205.904,3.971,0.395,1.074,0.278,0.044,,2.002,0.369,,0.005,0.294,0.437,,,,,USFS,1.182,0.2632,0.034166,0.0833571,0.1175231,0.2632,0.1456769,,,,,,,14.4,2.276438299
401733105392404,LOCH.O ,NORMAL,2019,9,10,9/10/2019,10:53,10.5,10.61,12.53,,6.673,56.1648,1.413,0.271,0.642,0.16,0.084,,2.089,0.684,,0.005,0.1587,0.093,1.736408,,,,USFS,0.8965,0.2749,0.065226,0.1545156,0.2197416,0.2749,0.0551584,,,,,,,16.7,
401723105394800,AND.CRK,NORMAL,2019,9,19,9/19/2019,11:36,6.1,9.55,14.14,,6.585,41.696,1.648,0.272,0.623,0.183,0.018,,2.258,1.3159,,0.005,0.1846,0.06,2.6492,,,,USFS,0.3391,0.3953,0.013977,0.29726181,0.31123881,0.3953,0.08406119,,,,,,,7.21,
401733105392400,LOCH.I ,NORMAL,2019,9,19,9/19/2019,12:03,6.6,11.41,15.94,,6.743,55.8168,2.013,0.303,0.657,0.169,0.041,,2.8355,1.2662,,0.005,0.2089,0.082,2.183552,,,,USFS,0.6465,0.3993,0.0318365,0.28603458,0.31787108,0.3993,0.08142892,,,,,,,11.4,
401733105392404,LOCH.O ,NORMAL,2019,9,19,9/19/2019,12:56,9.8,9.37,14.69,,6.578,57.7872,1.551,0.31,0.64,0.191,0.034,,2.6287,0.8836,,0.005,0.1512,0.088,1.959056,,,,USFS,0.7585,0.3296,0.026401,0.19960524,0.22600624,0.3296,0.10359376,,,,,,,15.5,
401733105392404,LOCH.O ,NORMAL,2019,9,24,9/24/2019,11:00,,,15.99,,6.713,57.9648,1.697,0.331,0.747,0.179,0.041,,2.9874,1.1562,,0.005,0.414,0.105,1.996164,,,,USFS,1.109,0.4052,0.023295,0.26118558,0.28448058,0.4052,0.12071942,,,,,,,18.2,
401642105400600,SKY.IS,NORMAL,2019,9,24,9/24/2019,10:01,1.5,28.06,21.21,,6.755,27.8528,2.50425,0.348,0.796,0.231,0.009,,2.9412,0.9864,,0.005,0.5366,0.037,2.293028,,,,USFS,1.054,0.3881,0.0349425,0.22282776,0.25777026,0.3881,0.13032974,,,,,,,25.7,
401642105400604,SKY.O,NORMAL,2019,9,24,9/24/2019,10:00,4.2,16.52,14.86,,6.634,46.5952,1.747,0.286,0.611,0.128,0.016,,2.8192,0.9529,,0.005,0.2591,0.121,1.88484,,,,USFS,0.7168,0.3409,0.0318365,0.21526011,0.24709661,0.3409,0.09380339,,,,,,,26.1,0.65
401733105392403,LOCH.LH,NORMAL,2019,10,1,10/1/2019,10:04,8.1,20.78,18.35,,6.357,62.0336,2.079,0.362,0.867,0.32,0.03,,4.7956,2.0647,,0.005,0.251,0.086,,,,,USFS,0.347,0.5515,0.0069885,0.46641573,0.47340423,0.5515,0.07809577,,,,,,,17.6,2.13
401733105392401,LOCH.LS,NORMAL,2019,10,1,10/1/2019,10:03,8.6,20.78,18.96,,6.666,73.9496,1.953,0.35,0.828,0.255,0.045,,3.046,0.8319,,0.005,0.2045,0.086,,,,,USFS,0.4132,0.2922,0.012424,0.18792621,0.20035021,0.2922,0.09184979,,,,,,,8.78,0.28
401733105392404,LOCH.O ,NORMAL,2019,10,1,10/1/2019,15:57,10.6,20.46,16.89,,6.682,62.1192,1.957,0.347,0.793,0.281,0.052,,2.9204,0.9611,,0.005,0.3461,0.117,2.07038,,,,USFS,0.9545,0.3784,0.040378,0.21711249,0.25749049,0.3784,0.12090951,,,,,,,25.8,0.29
401733105392404,LOCH.O ,BLANK,2019,10,8,10/8/2019,10:50,,1.27,1.42,,5.629,4.49025,0.007,0.008,0.053,0.017,0.006,,0.005,0.0011,,0.005,0.094,0.008,0.02944,,,,USFS,0.042,0.00484,0.004659,0.00024849,0.00490749,0.00490749,0,,,,,,,,
401733105392404,LOCH.O ,NORMAL,2019,10,8,10/8/2019,10:51,1.5,21.60,17.83,,6.708,65.03175,1.935,0.342,0.817,0.317,0.007,,3.1959,1.1174,,0.005,0.3382,0.121,2.330136,,,,USFS,1.242,0.4573,0.0054355,0.25242066,0.25785616,0.4573,0.19944384,,,,,,,24.9,
401733105392404,LOCH.O ,NORMAL,2019,10,15,10/15/2019,13:20,2.9,16.63,18.49,,6.747,61.2285,2.012,0.4,0.895,0.304,0.066,,3.3274,1.1843,,0.005,0.3218,0.111,1.950352,,,,USFS,0.9424,0.4661,0.051249,0.26753337,0.31878237,0.4661,0.14731763,,,,,,,8.34,
401733105392404,LOCH.O ,NORMAL,2019,10,22,10/22/2019,13:24,0.4,18.91,20.6,,6.809,79.85475,2.255,0.461,0.772,0.298,0.036,,3.4997,1.2737,,0.005,0.2767,0.116,2.151441,,,,USFS,1.179,0.4794,0.027954,0.28772883,0.31568283,0.4794,0.16371717,,,,,,,7.5,
401733105392404,LOCH.O ,NORMAL,2019,10,29,10/29/2019,16:00,-0.1,20.91,22.5,,6.814,81.4976,2.44825,0.474,0.892,0.298,0.054,,3.7594,1.4896,,0.005,0.3113,0.077,2.323803,,,,USFS,0.8271,0.4181,0.041931,0.33650064,0.37843164,0.4181,0.03966836,,,,,,,8.97,0.08
401733105392404,LOCH.O ,NORMAL,2019,11,5,11/5/2019,12:50,1.7,25.48,23.24,,6.821,72.748,2.4815,0.447,0.881,0.295,0.043,,3.9924,1.6025,,0.005,0.2958,0.088,2.697254,,,,USFS,1.016,0.5027,0.0333895,0.36200475,0.39539425,0.5027,0.10730575,,,,,,,25.9,
401733105392404,LOCH.O ,NORMAL,2019,11,12,11/12/2019,11:25,0.7,19.80,23.7,,6.857,82.4,2.765,0.475,0.968,0.293,0.01,,4.3229,1.7241,,0.005,0.3196,0.093,2.84322,,,,USFS,1.088,0.5585,0.007765,0.38947419,0.39723919,0.5585,0.16126081,,,,,,,33.8,
401733105392403,LOCH.LH,NORMAL,2019,11,19,11/19/2019,10:04,3.7,19.3,24.24,,6.853,103.832,3.12975,0.483,0.866,0.354,0.069,,3.7356,0.8327,,0.005,0.3102,0.082,3.666024,,,,USFS,0.8978,0.3576,0.0535785,0.18810693,0.24168543,0.3576,0.11591457,,,2.26,,,,,0.64
401733105392401,LOCH.LS,NORMAL,2019,11,19,11/19/2019,10:06,0.8,20.0,23.4,,6.93,87.2648,2.862,0.478,1.001,0.243,0.025,,4.1163,1.4684,,0.005,0.2579,0.093,2.882024,,,,USFS,0.8349,0.452,0.0194125,0.33171156,0.35112406,0.452,0.10087594,,,1.99,,,,,0.02
401733105392404,LOCH.O ,NORMAL,2019,11,19,11/19/2019,11:15,0.8,20.60,26.38,,6.88,85.7456,3.2805,0.487,1.052,0.306,0.045,,4.4657,1.5759,,0.005,0.3323,0.091,2.726808,,,,USFS,0.8883,0.4349,0.0349425,0.35599581,0.39093831,0.4349,0.04396169,,,2.16,,,,,1.04
401733105392404,LOCH.O ,NORMAL,2019,11,26,11/26/2019,12:15,1.2,19.31,25.29,,6.872,82.944,3.1155,0.479,0.932,0.243,0.027,,4.2684,1.2856,,0.005,0.3147,0.086,2.26116,,,,USFS,1.065,0.4688,0.0209655,0.29041704,0.31138254,0.4688,0.15741746,,,2.33,,,,,
401733105392404,LOCH.O ,NORMAL,2019,12,3,12/3/2019,14:09,0.3,18.44,25.85,,6.841,100.5864,3.22225,0.48,1.023,0.273,0.022,,4.437,1.4694,,0.005,0.2524,0.091,2.960972,,,,USFS,1.045,0.4444,0.017083,0.33193746,0.34902046,0.4444,0.09537954,,,2.56,,,,,
401733105392404,LOCH.O ,DUPE,2019,12,10,12/10/2019,13:22,-0.1,19.14,26.95,,6.805,111.03425,3.2615,0.464,1.033,0.27,0.024,,4.6055,1.403,,0.005,0.2813,0.088,2.959632,,,,USFS,1.032,0.4182,0.018636,0.3169377,0.3355737,0.4182,0.0826263,,,1.34,,,,,
401733105392404,LOCH.O ,NORMAL,2019,12,10,12/10/2019,13:21,-0.1,19.14,27.15,,6.886,110.1475,3.251,0.464,1.064,0.273,0.025,,4.614,1.4243,,0.005,0.289,0.091,2.976633,,,,USFS,1.04,0.431,0.0194125,0.32174937,0.34116187,0.431,0.08983813,,,2.19,,,,,
401733105392404,LOCH.O ,NORMAL,2019,12,18,12/18/2019,12:35,0.2,19.44,26.86,,6.562,121.7744,3.2294,0.4697,1.095,0.328,0.034,,4.7161,1.2587,,0.005,0.2787,0.019,2.923864,,,,USFS,1.216,0.4025,0.026401,0.28434033,0.31074133,0.4025,0.09175867,,,2.54,,,,,
401733105392403,LOCH.LH,NORMAL,2019,12,23,12/23/2019,13:14,2.6,20.21,27.18,,6.818,124.1072,3.4895,0.5364,1.085,0.313,0.027,,4.1312,0.6176,,0.005,0.5652,0.046,2.049017,,,,USFS,0.8952,0.3419,0.0209655,0.13951584,0.16048134,0.3419,0.18141866,,,2.82,,,,,1.28
401733105392401,LOCH.LS,NORMAL,2019,12,23,12/23/2019,13:15,0.6,23.42,29.99,,6.654,122.6752,2.9529,0.5097,1.373,0.367,0.037,,4.7614,1.5892,,0.005,0.4027,0.06,3.526495,,,,USFS,1.093,0.4279,0.0287305,0.35900028,0.38773078,0.4279,0.04016922,,,2.08,,,,,0.59
401733105392404,LOCH.O ,NORMAL,2019,12,23,12/23/2019,13:45,0.8,19.88,26.26,,6.592,130.1208,3.1693,0.463,1.143,0.34,0.036,,4.8112,1.1999,,0.005,0.327,0.036,3.137685,,,,USFS,1.029,0.3719,0.027954,0.27105741,0.29901141,0.3719,0.07288859,,,2.14,,,,,0.61
401733105392404,LOCH.O ,NORMAL,2019,12,30,12/30/2019,11:33,-0.1,20.57,26.6,,6.656,126.8568,3.1546,0.4625,1.193,0.318,0.026,,4.8616,1.2417,,0.005,0.313,0.04,3.370971,,,,USFS,1.108,0.3697,0.020189,0.28050003,0.30068903,0.3697,0.06901097,,,2.65,,,,,
401733105392404,LOCH.O ,NORMAL,2020,1,7,1/7/2020,12:35,-0.1,18.02,26.67,,6.629,125.7495,3.4119,0.534,1.261,0.304,0.034,,4.609,1.2556,,0.005,0.3059,0.098,1.660207,,,,USFS,1.016,0.3867,0.026401,0.28364004,0.31004104,0.3867,0.07665896,,,2.35,,,,,
401733105392404,LOCH.O ,NORMAL,2020,1,14,1/14/2020,12:55,0.0,23.20,27.76,,6.572,124.42575,3.3821,0.53,1.308,0.291,0.009,,4.6775,1.2325,,0.005,0.3186,0.108,3.968536,,,,USFS,1.079,0.3918,0.0069885,0.27842175,0.28541025,0.3918,0.10638975,,,6.10,,,,,
401733105392404,LOCH.O ,NORMAL,2020,1,21,1/21/2020,12:15,0.0,33.04,28.25,,6.576,129.5865,3.37365,0.495,1.37,0.294,0.021,,4.6785,1.0969,,0.005,0.3018,0.114,3.7209,,,,USFS,1.051,0.3872,0.0163065,0.24778971,0.26409621,0.3872,0.12310379,,,2.90,,,,,
401733105392403,LOCH.LH,NORMAL,2020,1,28,1/28/2020,13:01,-0.1,21.14,26.13,,6.706,125.529,3.0485,0.458,1.292,0.322,0.104,,4.8828,0.4062,,0.005,0.2121,0.115,3.176566,,,,USFS,1.211,0.344,0.080756,0.09176058,0.17251658,0.344,0.17148342,,,3.65,,,,,4.71
401733105392401,LOCH.LS,NORMAL,2020,1,28,1/28/2020,13:02,-0.1,30.86,27.31,,6.73,125.776,3.05355,0.455,1.287,0.314,0.03,,4.9128,1.1057,,0.005,0.355,0.018,2.826637,,,,USFS,0.9096,0.43,0.023295,0.24977763,0.27307263,0.43,0.15692737,,,16.5,,,,,1.84
401733105392404,LOCH.O ,NORMAL,2020,1,28,1/28/2020,14:07,0.0,31.62,27.09,,6.61,132.41775,3.5446,0.4502,1.345,0.289,0.019,,4.5547,1.0579,,0.005,0.3186,0.114,3.565376,,,,USFS,1.061,0.3529,0.0147535,0.23897961,0.25373311,0.3529,0.09916689,,,1.95,,,,,1.67
401733105392404,LOCH.O ,NORMAL,2020,2,3,2/3/2020,14:13,-0.1,21.00,26.29,,6.651,127.3832,3.3456,0.4516,1.272,0.2974,0.021,,4.4304,1.1067,,0.005,0.2705,0.122,3.879834,,,,USFS,1.064,0.3474,0.0163065,0.25000353,0.26631003,0.3474,0.08108997,,,3.21,,,,,
401733105392404,LOCH.O ,NORMAL,2020,2,11,2/11/2020,14:39,-0.2,28.40,25.35,,6.618,140.8229,3.32,0.4544,1.29,0.286,0.025,,4.0167,1.1984,,0.005,0.2612,0.096,3.99132,,,,USFS,0.8989,0.4227,0.0194125,0.27071856,0.29013106,0.4227,0.13256894,,,2.32,,,,,
401733105392404,LOCH.O ,NORMAL,2020,2,18,2/18/2020,14:03,0.0,28.72,26.76,,6.67,127.2496,3.4284,0.486,1.225,0.292,0.027,,3.9742,1.1191,,0.005,0.2403,0.104,3.929732,,,,USFS,0.955,0.3701,0.0209655,0.25280469,0.27377019,0.3701,0.09632981,,,2.23,,,,,
401733105392404,LOCH.O ,NORMAL,2020,2,25,2/25/2020,13:28,-0.1,26.72,26.99,,6.574,126.1016,3.3397,0.405,1.238,0.288,0.019,,3.7903,1.2058,,0.005,0.254,0.099,4.00734,,,,USFS,1.018,0.3675,0.0147535,0.27239022,0.28714372,0.3675,0.08035628,,,2.91,,,,,
401733105392403,LOCH.LH,NORMAL,2020,3,3,3/3/2020,13:05,3.0,27.17,26.24,,6.788,126.2768,2.8661,0.431,1.408,0.326,0.281,,4.4686,0.3918,,0.005,0.2178,0.119,,,,,USFS,1.257,0.389,0.2181965,0.08850762,0.30670412,0.389,0.08229588,,,2.03,,,,,0.39
401733105392401,LOCH.LS,NORMAL,2020,3,3,3/3/2020,13:10,1.2,31.88,24.35,,6.726,97.1208,2.7121,0.396,0.9404,0.365,0.0267,,4.7456,0.8277,,0.005,0.3734,0.115,1.271397,,,,USFS,1.002,0.285,0.02073255,0.18697743,0.20770998,0.285,0.07729002,,,2.64,,,,,0.61
401733105392404,LOCH.O ,NORMAL,2020,3,3,3/3/2020,12:55,0.0,27.20,26.11,,6.503,130.8576,3.0676,0.405,1.288,0.2861,0.026,,3.9662,1.1115,,0.005,0.24011,0.118,3.814456,,,,USFS,1.0539,0.3392,0.020189,0.25108785,0.27127685,0.3392,0.06792315,,,1.39,,,,,0.67
401733105392404,LOCH.O ,NORMAL,2020,3,9,3/9/2020,11:57,0.0,25.08,26.85,,6.631,136.7816,2.89335,0.3264,1.253,0.2864,0.04,,4.3139,0.871,,0.005,0.24198,0.104,3.582538,,,,USFS,1.339,0.2841,0.03106,0.1967589,0.2278189,0.2841,0.0562811,,,2.55,,,,,
401733105392404,LOCH.O ,NORMAL,2020,3,17,3/17/2020,12:05,2.6,21.88,25.62,,6.626,128.4824,2.8378,0.3088,1.269,0.2817,0.036,,4.5394,0.8104,,0.005,0.23041,0.113,2.321184,,,,USFS,1.348,0.2876,0.027954,0.18306936,0.21102336,0.2876,0.07657664,,,2.39,,,,,
401733105392404,LOCH.O ,NORMAL,2020,4,21,4/21/2020,14:12,2.0,22.22,22.67,,6.455,104.6664,2.796,0.336,1.117,0.267,0.021,,3.6925,0.6046,,0.005,0.2648,0.115,2.69065,,,,USFS,2.161,0.3779,0.0163065,0.13657914,0.15288564,0.3779,0.22501436,,,2.32,,,,,
401733105392404,LOCH.O ,NORMAL,2020,4,28,4/28/2020,13:02,0.4,20.68,21.31,,6.499,109.1232,2.5312,0.291,0.944,0.273,0.031,,3.465,0.567,,0.005,0.2813,0.116,1.38998,,,,USFS,2.024,0.4246,0.0240715,0.1280853,0.1521568,0.4246,0.2724432,,,1.83,,,,,1.19
401733105392404,LOCH.O ,NORMAL,2020,5,5,5/5/2020,12:16,1.6,13.89,14.762,,6.494,53.4008,2.056,0.303,0.581,0.254,0.0249,,1.7732,0.5624,,0.005,0.2889,0.112,3.471052,,,,USFS,4.447,0.5133,0.01933485,0.12704616,0.14638101,0.5133,0.36691899,,,3.53,,,,,
401733105392404,LOCH.O ,NORMAL,2020,5,12,5/12/2020,13:08,2.8,12.54,14.31,,6.545,57.498,2.0953,0.287,0.532,0.214,0.026,,1.6384,0.545,,0.005,0.2284,0.1141,2.87646,,,,USFS,3.637,0.516,0.020189,0.1231155,0.1433045,0.516,0.3726955,,,2.50,,,,,
401733105392404,LOCH.O ,DUPE,2020,5,19,5/19/2020,15:35,6.3,11.02,12.5625,,6.552,44.66025,1.9155,0.2495,0.459,0.184,0.019,,1.4245,0.661,,0.005,0.2157,0.1123,,,,,USFS,3.969,0.4305,0.0147535,0.1493199,0.1640734,0.4305,0.2664266,,,2.66,,,,,
401733105392404,LOCH.O ,NORMAL,2020,5,19,5/19/2020,15:34,6.3,11.02,12.7665,,6.547,46.08475,1.9675,0.25225,0.478,0.192,0.03,,1.4332,0.631,,0.005,0.248,0.114,2.987946,,,,USFS,3.9734,0.413,0.023295,0.1425429,0.1658379,0.413,0.2471621,,,,,,,,
401733105392400,LOCH.I ,NORMAL,2020,5,26,5/26/2020,14:01,,,15.757,,6.655,49.431,1.97425,0.31575,0.621,0.188,0.024,,2.7748,1.1336,,0.005,0.2587,0.077,2.515589,,,,USFS,2.102,0.4944,0.018636,0.25608024,0.27471624,0.4944,0.21968376,,,2.77,,,,,
401733105392403,LOCH.LH,NORMAL,2020,5,26,5/26/2020,14:20,5.9,12.75,17.371,,6.757,102.41075,2.295,0.2835,0.512,0.171,0.044,,1.9355,0.7282,,0.005,0.24,0.038,2.55447,,,,USFS,2.883,0.4122,0.034166,0.16450038,0.19866638,0.4122,0.21353362,,,3.67,,,,,0.91
401733105392401,LOCH.LS,DUPE,2020,5,26,5/26/2020,14:22,5.5,12.94,16.2555,,6.8167,88.8395,2.175025,0.3075,0.549,0.172,0.033,,1.9089,0.7279,,0.005,0.2935,0.036,2.595694,,,,USFS,3.009,0.3569,0.0256245,0.16443261,0.19005711,0.3569,0.16684289,,,2.39,,,,,0.73
401733105392401,LOCH.LS,NORMAL,2020,5,26,5/26/2020,14:21,5.5,12.94,16.476,,6.813,87.018,2.1705,0.27675,0.515,0.163,0.02,,1.8773,0.7221,,0.005,0.2911,0.028,2.393354,,,,USFS,2.905,0.3672,0.01553,0.16312239,0.17865239,0.3672,0.18854761,,,2.65,,,,,0.71
401733105392404,LOCH.O ,NORMAL,2020,5,26,5/26/2020,15:12,6.8,12.75,12.2975,,6.577,51.65475,1.81475,0.19325,0.543,0.163,0.044,,1.467,0.7104,,0.005,0.2053,0.1134,2.593351,,,,USFS,2.869,0.3741,0.034166,0.16047936,0.19464536,0.3741,0.17945464,,,2.79,,,,,0.58
401733105392404,LOCH.O ,NORMAL,2020,6,2,6/2/2020,10:55,5.5,11.92,12.7388,,6.655,42.941,1.7105,0.2044,0.537,0.175,0.017,,1.5068,1.0027,,0.005,0.249,0.1128,2.244706,,,,USFS,2.213,0.3903,0.0132005,0.22650993,0.23971043,0.3903,0.15058957,,,3.54,,,,,
401733105392404,LOCH.O ,NORMAL,2020,6,9,6/9/2020,11:16,3.9,11.68,12.5863,,6.6,45.858,1.5465,0.2076,0.499,0.189,0.021,,1.4814,1.156,,0.005,0.2246,0.1165,2.282303,,,,USFS,1.565,0.3869,0.0163065,0.2611404,0.2774469,0.3869,0.1094531,,,3.23,,,,,
401733105392404,LOCH.O ,BLANK,2020,6,16,6/16/2020,11:55,15.4,1.18,1.54,,5.581,3.8064,0.008935,0.00407,0.038,0.023,0.0036,,0.01133,0.00451,,0.005,0.0981,0.014,0.2,,,,USFS,0.0264,0.00703,0.0027954,0.001018809,0.003814209,0.00703,0.003215791,,,0.02,,,,,
401733105392404,LOCH.O ,NORMAL,2020,6,16,6/16/2020,11:53,7.8,10.36,12.77,,6.547,57.0024,1.4836,0.2032,0.534,0.164,0.017,,1.7456,1.0485,,0.005,0.1671,0.1158,2.170382,,,,USFS,1.625,0.383,0.0132005,0.23685615,0.25005665,0.383,0.13294335,,,3.17,,,,,
401733105392404,LOCH.O ,NORMAL,2020,6,23,6/23/2020,13:20,9.6,10.46,12.38,,6.569,58.3272,1.38675,0.2016,0.465,0.126,0.015,,1.8476,1.0729,,0.005,0.1019,0.1092,2.021734,,,,USFS,1.293,0.3837,0.0116475,0.24236811,0.25401561,0.3837,0.12968439,,,2.12,,,,,
401723105394800,AND.CRK,NORMAL,2020,6,30,6/30/2020,11:41,5.3,11.88,12.47,,6.711,40.216,1.72275,0.2304,0.439,0.146,0.025,,1.7136,0.8068,,0.005,0.1292,0.094,,,,,USFS,0.5832,0.3055,0.0318365,0.18225612,0.21409262,0.3055,0.09140738,,,3.93,,,,,
401733105392400,LOCH.I ,NORMAL,2020,6,30,6/30/2020,12:17,8.8,13.80,13.47,,6.857,51.9944,1.716,0.2292,0.481,0.136,0.023,,1.6827,0.8271,,0.005,0.1717,0.098,1.621326,,,,USFS,0.7416,0.4354,0.0396015,0.18684189,0.22644339,0.4354,0.20895661,,,4.49,,,,,
401733105392403,LOCH.LH,NORMAL,2020,6,30,6/30/2020,11:30,7.7,14.10,14.135,,6.466,74.2687,1.73625,0.2464,0.461,0.267,0.07,,1.4077,1.2463,,0.005,0.1205,0.006,1.650114,,,,USFS,0.7645,0.4583,0.0194125,0.28153917,0.30095167,0.4583,0.15734833,,,6.91,,,,,4.358799067
401733105392401,LOCH.LS,NORMAL,2020,6,30,6/30/2020,11:35,7.8,14.10,13.5,,6.6,55.144,1.86975,0.2688,0.532,0.187,0.0398,,1.8283,1.0431,,0.005,0.1202,0.003,1.737969,,,,USFS,0.9123,0.4231,0.0178595,0.23563629,0.25349579,0.4231,0.16960421,,,5.54,,,,,0.767290639
401733105392404,LOCH.O ,NORMAL,2020,6,30,6/30/2020,12:57,10.3,13.50,11.786,,6.784,40.1961,1.24975,0.1688,0.522,0.149,0.028,,1.728,0.9347,,0.005,0.2508,0.027,1.523884,,,,USFS,0.9823,0.3706,0.054355,0.21114873,0.26550373,0.3706,0.10509627,,,2.91,,,,,0.516950339
401642105400600,SKY.IS,NORMAL,2020,6,30,6/30/2020,9:11,2.2,13.70,13.2,,6.814,28.1184,2.0805,0.2744,0.501,0.164,0.029,,1.6904,0.6247,,0.005,0.2333,0.075,1.38804,,,,USFS,0.9711,0.3826,0.0309047,0.14111973,0.17202443,0.3826,0.21057557,,,6.33,,,,,
401642105400604,SKY.O,NORMAL,2020,6,30,6/30/2020,13:15,7.2,13.80,12.19,,6.644,45.4728,1.62975,0.224,0.414,0.122,0.033,,1.8683,0.9005,,0.005,0.178,0.0963,1.271397,,,,USFS,0.9689,0.3847,0.021742,0.20342295,0.22516495,0.3847,0.15953505,,,3.66,,,,,3.005848306
401733105392404,LOCH.O ,NORMAL,2020,7,7,7/7/2020,14:44,12.3,12.39,11.8855,,6.513,49.34216,1.28,0.175,0.457,0.137,0.026,,1.734,0.9424,,0.005,0.1904,0.09,1.427142,,,,USFS,0.5023,0.6628,0.0225185,0.21288816,0.23540666,0.6628,0.42739334,,,3.44,,,,,
401733105392404,LOCH.O ,NORMAL,2020,7,14,7/14/2020,15:01,12.1,11.70,10.5495,,6.649,50.30284,1.128,0.181,0.464,0.132,0.019,,1.765,1.0674,,0.005,0.1075,0.081,1.310278,,,,USFS,0.5533,0.3949,0.0256245,0.24112566,0.26675016,0.3949,0.12814984,,,3.27,,,,,
401642105400603,SKY.LH ,NORMAL,2020,7,14,7/14/2020,11:30,7.7,9.14,10.825,,6.585,38.61554,1.258,0.206,0.456,0.162,0.041,,1.8513,0.9381,,0.005,0.1787,0.1075,1.278494,,,,USFS,0.8098,0.3491,0.020189,0.21191679,0.23210579,0.3491,0.11699421,,,2.89,,,,,3.305860364
401733105392401,SKY.LS ,NORMAL,2020,7,14,7/14/2020,11:35,7.8,9.14,10.5575,,6.618,46.79884,1.08975,0.1734,0.451,0.155,0.051,,1.7465,0.7691,,0.005,0.1243,0.103,3.526495,,,,USFS,0.6951,0.2955,0.0147535,0.17373969,0.18849319,0.2955,0.10700681,,,2.60,,,,,2.04821939
401733105392404,LOCH.O ,NORMAL,2020,7,21,7/21/2020,14:58,14.5,10.65,10.3605,,6.665,45.36585,1.002,0.186,0.423,0.137,0.023,,1.6552,0.6505,,0.005,0.1299,0.109,1.38998,,,,USFS,0.676,0.2407,0.0178595,0.14694795,0.16480745,0.2407,0.07589255,,,3.16,,,,,
401733105392400,LOCH.I ,NORMAL,2020,7,28,7/28/2020,9:00,8.7,11.88,11.51815,,6.697,49.7057,1.6985,0.2384,0.436,0.153,0.0251,,1.6929,0.6791,,0.005,0.114,0.07,1.154754,,,,USFS,0.732,0.2612,0.01949015,0.15340869,0.17289884,0.2612,0.08830116,,,4.12,,,,,
401733105392403,LOCH.LH,NORMAL,2020,7,28,7/28/2020,11:25,11.2,14.24,14.66065,,6.777,76.6641,2.0105,0.219,0.459,0.181,0.08,,1.679,0.5698,,0.005,0.112,0.067,1.427142,,,,USFS,0.8537,0.2259,0.06212,0.12871782,0.19083782,0.2259,0.03506218,,,3.14,,,,,1.462838234
401733105392401,LOCH.LS,NORMAL,2020,7,28,7/28/2020,11:40,11.2,10.68,10.076,,6.889,47.9402,1.14,0.2295,0.436,0.177,0.055,,1.6602,0.5938,,0.005,0.1,0.073,1.352818,,,,USFS,0.9011,0.2398,0.0427075,0.13413942,0.17684692,0.2398,0.06295308,,,3.79,,,,,4.865629337
401733105392404,LOCH.O ,NORMAL,2020,7,28,7/28/2020,9:30,11.7,10.50,10.78845,,6.579,53.5577,1.1065,0.1965,0.435,0.133,0.015,,1.6515,0.5555,,0.005,0.094,0.105,1.271397,,,,USFS,0.9463,0.2643,0.0116475,0.12548745,0.13713495,0.2643,0.12716505,,,2.48,,,,,1.470923048
401642105400604,SKY.O,DUPE,2020,7,28,7/28/2020,9:21,8.2,10.04,10.3991,,6.6473,37.9652,1.117,0.1791,0.389,0.15,0.0297,,1.7673,0.6795,,0.005,0.0939,0.091,1.193635,,,,USFS,0.5957,0.2275,0.02306205,0.15349905,0.1765611,0.2275,0.0509389,,,3.94,,,,,3.669497498
401642105400604,SKY.O,NORMAL,2020,7,28,7/28/2020,9:20,8.2,10.04,10.3305,,6.307,37.0809,1.1284,0.177,0.388,0.15,0.0284,,1.3739,0.9379,,0.005,0.0675,0.042,1.277059,,,,USFS,0.4139,0.2582,0.0194125,0.21187161,0.23128411,0.2582,0.02691589,,,5.03,,,,,4.433010644
401723105394800,AND.CRK,NORMAL,2020,7,30,7/30/2020,11:05,,,11.4022,,6.472,36.46214,1.755,0.244,0.399,0.13,0.025,,1.7615,1.2109,,0.005,0.1216,0.093,1.873086,,,,USFS,0.5562,0.3836,0.017083,0.27354231,0.29062531,0.3836,0.09297469,,,3.88,,,,,
401642105400600,SKY.IS,NORMAL,2020,7,30,7/30/2020,9:05,,,13.7304,,6.737,30.02542,2.095,0.33,0.34,0.129,0.022,,1.5526,0.76,,0.005,0.145,0.09,1.38998,,,,USFS,0.9815,0.3751,0.0333895,0.171684,0.2050735,0.3751,0.1700265,,,4.09,,,,,
401642105400603,SKY.LH ,NORMAL,2020,7,30,7/30/2020,9:50,8.6,9.36,9.6915,,6.774,34.4421,1.198,0.183,0.425,0.175,0.043,,1.6229,0.6031,,0.005,0.1726,0.088,1.241332,,,,USFS,0.7894,0.2713,0.0396015,0.13624029,0.17584179,0.2713,0.09545821,,,6.98,,,,,4.930270227
401733105392401,SKY.LS ,NORMAL,2020,7,30,7/30/2020,9:55,8.9,9.25,10.0569,,6.637,39.0299,1.0909,0.189,0.419,0.114,0.051,,1.771,0.667,,0.005,0.0925,0.093,1.601492,,,,USFS,0.5911,0.2452,0.0220526,0.1506753,0.1727279,0.2452,0.0724721,,,6.15,,,,,5.097318687
401733105392404,LOCH.O ,NORMAL,2020,8,4,8/4/2020,11:40,13.5,10.89,11.2572,,6.622,54.03756,1.236,0.198,0.474,0.139,0.024,,1.7412,0.5631,,0.005,0.0931,0.1074,1.38998,,,,USFS,0.901,0.253,0.018636,0.12720429,0.14584029,0.253,0.10715971,,,2.74,,,,,
401733105392404,LOCH.O ,NORMAL,2020,8,11,8/11/2020,8:40,12.3,12.65,10.9095,,6.514,59.6358,1.25475,0.205625,0.462,0.166,0.027,,1.8306,0.5494,,0.005,0.0831,0.1069,1.38998,,,,USFS,0.8937,0.3012,0.0209655,0.12410946,0.14507496,0.3012,0.15612504,,,3.09,,,,,
401843105400603,EMERALD.O,NORMAL,2020,8,18,8/18/2020,6:55,13.6,10.02,10.0485,,6.362,50.75925,1.0625,0.2115,0.439,0.222,0.046,,0.9586,1.1191,,0.005,0.1463,0.055,1.687276,,,,USFS,0.8719,0.4819,0.035719,0.25280469,0.28852369,0.4819,0.19337631,,,4.88,,,,,0.441935137
401821105394402,HAIYAHA.O,NORMAL,2020,8,18,8/18/2020,7:50,12.2,14.64,13.3165,,6.442,63.6993,1.454,0.2176875,0.647,0.27,0.051,,2.0681,0.8273,,0.005,0.1565,0.061,2.913622,,,,USFS,0.8545,0.3432,0.0396015,0.18688707,0.22648857,0.3432,0.11671143,,,2.34,,,,,2.545427915
401733105392404,LOCH.O ,DUPE,2020,8,18,8/18/2020,9:21,14.2,12.84,12.199,,6.671,67.3242,1.3138,0.20625,0.504,0.157,0.027,,1.8357,0.5081,,0.005,0.1217,0.1075,1.612952,,,,USFS,1.0511,0.2851,0.0209655,0.11477979,0.13574529,0.2851,0.14935471,,,3.62,,,,,1.438252208
401733105392404,LOCH.O ,NORMAL,2020,8,18,8/18/2020,10:38,14.2,12.84,12.121,,6.646,67.9635,1.3101,0.2075,0.502,0.1611,0.029,,1.8651,0.481,,0.005,0.1237,0.1072,1.699088,,,,USFS,1.045,0.2845,0.0225185,0.1086579,0.1311764,0.2845,0.1533236,,,4.37,,,,,1.29489152
401723105394800,AND.CRK,NORMAL,2020,8,25,8/25/2020,9:05,6.4,10.37,12.0465,,6.236,38.2242,1.675,0.227,0.496,0.178,0.027,,1.5635,1.0507,,0.005,0.0868,0.022,2.207544,,,,USFS,0.4026,0.3174,0.0209655,0.23735313,0.25831863,0.3174,0.05908137,,,4.56,,,,,
401733105392400,LOCH.I ,NORMAL,2020,8,25,8/25/2020,10:39,9.3,11.18,11.6165,,6.673,51.9216,1.411,0.23625,0.469,0.141,0.012,,1.7702,0.7365,,0.005,0.1052,0.058,,,,,USFS,0.5727,0.2757,0.009318,0.16637535,0.17569335,0.2757,0.10000665,,,8.76,,,,,1.05419719
401733105392403,LOCH.LH,NORMAL,2020,8,25,8/25/2020,12:01,12.4,12.09,12.5475,,6.728,64.2194,1.6335,0.177,0.483,0.243,0.022,,1.8482,0.4291,,0.005,0.1549,0.075,1.798762,,,,USFS,0.8073,0.2004,0.017083,0.09693369,0.11401669,0.2004,0.08638331,,,3.85,,,,,2.226282329
401733105392401,LOCH.LS,DUPE,2020,8,25,8/25/2020,12:07,12.7,12.26,11.6995,,6.831,68.0477,1.217,0.2245,0.481,0.229,0.036,,1.867,0.462,,0.005,0.1382,0.0109,1.699088,,,,USFS,0.7942,0.2527,0.027954,0.1043658,0.1323198,0.2527,0.1203802,,,3.98,,,,,2.242122207
401733105392401,LOCH.LS,NORMAL,2020,8,25,8/25/2020,12:06,12.7,12.26,11.462,,6.85,65.1791,1.237,0.2158,0.489,0.236,0.039,,1.92,0.4479,,0.005,0.1299,0.075,1.699088,,,,USFS,0.7938,0.2412,0.0302835,0.10118061,0.13146411,0.2412,0.10973589,,,4.53,,,,,2.063502028
401733105392404,LOCH.O ,NORMAL,2020,8,25,8/25/2020,11:30,12.8,13.12,11.728,,6.633,65.3422,1.294,0.2335,0.464,0.176,0.028,,1.8754,0.4532,,0.005,0.1236,0.1079,1.660207,,,,USFS,0.772,0.2031,0.021742,0.10237788,0.12411988,0.2031,0.07898012,,,6.82,,,,,1.759747774
401642105400600,SKY.IS,NORMAL,2020,8,25,8/25/2020,10:19,2.0,12.53,14.221,,6.482,27.314,2.091,0.339,0.428,0.197,0.034,,2.4204,1.3496,,0.005,0.117,0.094,2.393354,,,,USFS,0.4884,0.4037,0.026401,0.30487464,0.33127564,0.4037,0.07242436,,,4.60,,,,,
401642105400603,SKY.LH ,NORMAL,2020,8,25,8/25/2020,13:55,10.3,10.60,11.284,,6.604,51.1392,1.1485,0.2075,0.392,0.159,0.029,,1.783,0.7083,,0.005,0.0922,0.072,1.504683,,,,USFS,0.5653,0.2681,0.0225185,0.16000497,0.18252347,0.2681,0.08557653,,,3.37,,,,,3.301948451
401733105392401,SKY.LS ,NORMAL,2020,8,25,8/25/2020,14:00,10.2,10.84,10.1605,,6.784,42.9618,1.056,0.1899,0.425,0.132,0.023,,1.8139,0.6082,,0.005,0.0894,0.091,,,,,USFS,0.5293,0.3005,0.0178595,0.13739238,0.15525188,0.3005,0.14524812,,,5.01,,,,,4.666489516
401642105400604,SKY.O,NORMAL,2020,8,25,8/25/2020,9:16,10.0,10.50,11.2175,,6.699,41.6129,1.6355,0.20475,0.36,0.132,0.0354,,1.7614,0.4296,,0.005,0.1654,0.093,1.798762,,,,USFS,0.571,0.2193,0.0274881,0.09704664,0.12453474,0.2193,0.09476526,,,11.0,,,,,5.588859928
401718105404004,AND.TO ,NORMAL,2020,9,1,9/1/2020,10:37,6.3,4.45,5.1121,,6.212,33.7834,0.5415,0.058,0.21,0.147,0.0164,,0.2558,0.4126,,0.005,0.1113,0.015,0.709,,,,USFS,0.6517,0.2729,0.0127346,0.09320634,0.10594094,0.2729,0.16695906,,,4.04,,,,,0.413980286
401733105392404,LOCH.O ,NORMAL,2020,9,1,9/1/2020,13:09,10.7,12.01,12.0009,,6.611,58.9806,1.3035,0.2469,0.534,0.201,0.033,,1.7747,0.4167,,0.005,0.1126,0.1073,1.562688,,,,USFS,0.8489,0.2303,0.0256245,0.09413253,0.11975703,0.2303,0.11054297,,,,,,,,
401733105392404,LOCH.O ,NORMAL,2020,9,8,9/8/2020,10:17,4.7,12.84,12.288,,6.669,73.5765,1.349,0.2419,0.559,0.211,0.032,,1.8681,0.4612,,0.005,0.1643,0.1073,1.736408,,,,USFS,1.031,0.2349,0.024848,0.10418508,0.12903308,0.2349,0.10586692,,,3.55,,,,,
401733105392404,LOCH.O ,BLANK,2020,9,15,9/15/2020,7:20,12.8,1.22,2.177,,5.472,9.31005,0.0155,0.0133,0.408,0.0157,0.011,,0.01337,0.00868,,0.005,0.1177,0.017,0.2,,,,USFS,0.03543,0.005118,0.0085415,0.001960812,0.010502312,0.010502312,0,,,0.02,,,,,0.018003349
401733105392404,LOCH.O ,NORMAL,2020,9,15,9/15/2020,7:19,7.3,14.64,14.5716,,6.664,82.75175,1.46,0.241935,0.86,0.207,0.028,,2.221,0.6613,,0.005,0.2184,0.1089,1.804513,,,,USFS,1.122,0.2942,0.021742,0.14938767,0.17112967,0.2942,0.12307033,,,2.20,,,,,1.377126331
401733105392404,LOCH.O ,NORMAL,2020,9,22,9/22/2020,7:37,8.2,12.81,15.0968,,6.677,91.6249,1.3575,0.2542,0.873,0.197,0.041,,2.6898,0.775,,0.005,0.1977,0.1093,2.038937,,,,USFS,0.9693,0.3502,0.0318365,0.1750725,0.206909,0.3502,0.143291,,,3.08,,,,,
401723105394800,AND.CRK,NORMAL,2020,9,29,9/29/2020,14:18,6.6,13.90,12.9684,,6.412,38.2386,1.42,0.17,0.612,0.165,0.026,,2.0388,1.5874,,0.005,0.1258,0.057,2.859421,,,,USFS,0.36999,0.743,0.020189,0.35859366,0.37878266,0.743,0.36421734,,,5.39,,,,,
401733105392400,LOCH.I ,NORMAL,2020,9,29,9/29/2020,14:35,5.6,17.05,16.6318,,6.696,56.71835,1.9285,0.2295,0.652,0.171,0.0247,,3.0317,1.291,,0.005,0.1775,0.09,2.097543,,,,USFS,0.6228,0.5049,0.01917955,0.2916369,0.31081645,0.5049,0.19408355,,,6.31,,,,,
401733105392403,LOCH.LH,NORMAL,2020,9,29,9/29/2020,8:25,5.0,17.93,16.4178,,6.717,62.9492,1.819,0.204,0.909,0.224,0.052,,3.0999,0.8756,,0.005,0.1954,0.055,1.980331,,,,USFS,0.9972,0.4099,0.040378,0.19779804,0.23817604,0.4099,0.17172396,,,3.66,,,,,3.320183758
401733105392401,LOCH.LS,NORMAL,2020,9,29,9/29/2020,8:26,4.9,18.07,16.4285,,6.806,82.085,1.4575,0.199,0.875,0.2488,0.046,,3.0724,0.8893,,0.005,0.1807,0.09,2.097543,,,,USFS,0.9306,0.3878,0.035719,0.20089287,0.23661187,0.3878,0.15118813,,,3.08,,,,,1.831617674
401733105392404,LOCH.O ,NORMAL,2020,9,29,9/29/2020,15:05,8.0,17.28,17.482,,6.626,99.97955,1.398,0.2735,0.996,0.233,0.052,,3.099,0.875,,0.005,0.2441,0.1093,1.921725,,,,USFS,1.1025,0.5324,0.040378,0.1976625,0.2380405,0.5324,0.2943595,,,6.11,,,,,2.563301652
401642105400600,SKY.IS,NORMAL,2020,9,29,9/29/2020,9:56,0.8,21.85,17.12,,6.61,30.1176,1.9755,0.2745,0.629,0.201,0.029,,3.8908,2.0846,,0.005,0.1879,0.097,2.537088,,,,USFS,0.47142,0.6231,0.0225185,0.47091114,0.49342964,0.6231,0.12967036,,,2.36,,,,,
401642105400603,SKY.LH ,NORMAL,2020,9,29,9/29/2020,10:47,4.4,14.25,11.7914,,6.721,46.43455,1.2955,0.195,0.3624,0.143,0.036,,1.9414,0.7866,,0.005,0.1087,0.073,1.599392,,,,USFS,0.65538,0.3615,0.027954,0.17769294,0.20564694,0.3615,0.15585306,,,1.55,,,,,7.53288911
401733105392401,SKY.LS ,NORMAL,2020,9,29,9/29/2020,10:53,5.0,13.75,10.5346,,6.829,41.25975,1.0639,0.1445,0.372,0.132,0.0247,,1.8479,0.7862,,0.005,0.1095,0.105,1.628695,,,,USFS,0.70551,0.3605,0.01917955,0.17760258,0.19678213,0.3605,0.16371787,,,6.24,,,,,7.473196746
401642105400604,SKY.O,NORMAL,2020,9,29,9/29/2020,11:55,4.2,14.88,12.6523,,6.686,37.76165,1.5455,0.198,0.408,0.126,0.0155,,2.8649,0.8845,,0.005,0.1123,0.098,1.716604,,,,USFS,0.62712,0.3568,0.01203575,0.19980855,0.2118443,0.3568,0.1449557,,,5.55,,,,,6.914816947
401733105392404,LOCH.O ,NORMAL,2020,10,6,10/6/2020,10:37,4.5,17.68,17.5067,,6.649,100.303,1.429,0.377,0.994,0.241,0.047,,3.162,0.9072,,0.005,0.1965,0.1096,1.77521,,,,USFS,0.9585,0.5148,0.0364955,0.20493648,0.24143198,0.5148,0.27336802,,,3.69,,,,,
401733105392404,LOCH.O ,BLANK,2020,10,13,10/13/2020,9:26,,1.28,2.375,,5.347,10.2222,0.02275,0.00875,0.245,0.019,0.0037,,0.01085,0.00871,,0.005,0.057,0.004,0.2,,,,USFS,0.049149,0.01139,0.00287305,0.001967589,0.004840639,0.01139,0.006549361,,,0.02,,,,,0.034170533
401733105392404,LOCH.O ,NORMAL,2020,10,13,10/13/2020,9:25,0.5,16.31,18.531,,6.647,101.6352,1.6345,0.45025,1.087,0.253,0.022,,3.2022,0.9594,,0.005,0.2071,0.104,1.980331,,,,USFS,1.1664,0.5086,0.017083,0.21672846,0.23381146,0.5086,0.27478854,,,2.98,,,,,1.386321697
401733105392404,LOCH.O ,NORMAL,2020,10,20,10/20/2020,8:22,0.3,17.24,19.105,,6.686,106.8992,1.795,0.416,1.0903,0.247,0.051,,3.254,0.9213,,0.005,0.1886,0.1093,2.038937,,,,USFS,1.197,0.4656,0.0396015,0.20812167,0.24772317,0.4656,0.21787683,,,4.02,,,,,
401733105392404,LOCH.O ,NORMAL,2020,11,3,11/3/2020,12:26,4.5,19.48,20.4724,,6.699,101.221,2.004,0.4445,1.0964,0.262,0.032,,3.4893,0.9864,,0.005,0.1964,0.1078,1.979079,,,,USFS,1.061,0.4917,0.024848,0.22282776,0.24767576,0.4917,0.24402424,,,11.7,,,,,1.500778296
401733105392404,LOCH.O ,NORMAL,2020,11,10,11/10/2020,11:57,0.8,15.84,21.3472,,6.692,104.229,2.0845,0.438415,1.0882,0.292,0.034,,3.4022,1.0396,,0.005,0.2088,0.108,1.604454,,,,USFS,0.9641,0.4559,0.026401,0.23484564,0.26124664,0.4559,0.19465336,,,5.92,,,,,
401733105392404,LOCH.O ,DUPE,2020,11,17,11/17/2020,9:35,1.7,17.28,22.641,,6.689,104.505,2.286,0.44475,1.18,0.343,0.044,,3.7323,0.9851,,0.005,0.2131,0.1068,1.921625,,,,USFS,1.085,0.4554,0.034166,0.22253409,0.25670009,0.4554,0.19869991,,,4.37,,,,,5.299753394
401733105392404,LOCH.O ,NORMAL,2020,11,17,11/17/2020,9:34,1.7,17.28,22.1954,,6.698,104.193,2.223,0.46325,1.1854,0.326,0.041,,3.7866,0.9945,,0.005,0.2173,0.1081,1.950352,,,,USFS,1.037,0.4628,0.0318365,0.22465755,0.25649405,0.4628,0.20630595,,,3.53,,,,,5.075115592
401733105392403,LOCH.LH,NORMAL,2020,11,24,11/24/2020,12:55,4.1,16.48,17.2699,,6.676,69.3436,1.975,0.265,0.946,0.254,0.033,,3.6964,0.6791,,0.005,0.2358,0.072,1.832566,,,,USFS,1.268,0.4721,0.0256245,0.15340869,0.17903319,0.4721,0.29306681,,,5.12,,,,,5.603159486
401733105392401,LOCH.LS,NORMAL,2020,11,24,11/24/2020,13:00,0.5,16.94,19.2328,,6.809,95.63,1.935,0.365,1.079,0.265,0.0609,,3.1982,0.9812,,0.005,0.4763,0.076,2.007806,,,,USFS,0.913,0.4546,0.04728885,0.22165308,0.26894193,0.4546,0.18565807,,,3.52,,,,,2.488133726
401733105392404,LOCH.O ,NORMAL,2020,11,24,11/24/2020,13:25,1.9,16.67,23.4627,,6.639,110.276,2.624,0.492,1.1841,0.342,0.04,,3.9922,0.9537,,0.005,0.2606,0.1081,1.889594,,,,USFS,1.227,0.4725,0.03106,0.21544083,0.24650083,0.4725,0.22599917,,,3.97,,,,,3.500837605
401733105392404,LOCH.O ,NORMAL,2020,12,1,12/1/2020,11:35,1.4,17.60,23.499,,6.566,119.1203,2.801,0.4505,1.1925,0.311,0.041,,3.9646,0.9172,,0.005,0.2298,0.1072,1.889594,,,,USFS,1.313,0.478,0.0318365,0.20719548,0.23903198,0.478,0.23896802,,,3.08,,,,,
401733105392404,LOCH.O ,NORMAL,2020,12,8,12/8/2020,11:23,0.5,20.72,25.011,,6.583,121.317,2.8035,0.4281,1.255,0.338,0.082,,4.0609,1.0651,,0.005,0.2954,0.117,2.602444,,,,USFS,1.362,0.4976,0.063673,0.24060609,0.30427909,0.4976,0.19332091,,,3.53,,,,,
401733105392404,LOCH.O ,NORMAL,2020,12,15,12/15/2020,11:26,0.6,34.32,27.103,,6.585,133.482,3.074,0.4632,1.298,0.352,0.091,,4.1392,1.2132,,0.005,0.3351,0.115,2.602444,,,,USFS,1.424,0.4903,0.0706615,0.27406188,0.34472338,0.4903,0.14557662,,,2.28,,,,,
401733105392404,LOCH.O ,NORMAL,2020,12,22,12/22/2020,13:17,0.4,34.81,28.229,,6.5832,143.202,3.1565,0.526,1.3,0.355,0.064,,4.2573,1.1421,,0.005,0.2978,0.108,2.668527,,,,USFS,1.4331,0.511,0.049696,0.25800039,0.30769639,0.511,0.20330361,,,2.82,,,,,
401733105392401,LOCH.LS,NORMAL,2020,12,29,12/29/2020,12:45,0.3,35.57,22.605,,6.755,101.492,2.2545,0.336,1.224,0.273,0.064,,4.3353,0.9619,,0.005,0.5551,0.0125,2.208895,,,,USFS,1.365,0.482,0.049696,0.21729321,0.26698921,0.482,0.21501079,,,3.29,,,,,3.356303965
401733105392404,LOCH.O ,NORMAL,2020,12,29,12/29/2020,13:21,0.0,34.30,28.395,,6.5993,145.226,3.0905,0.5165,1.298,0.356,0.046,,4.2476,1.187,,0.005,0.2975,0.109,2.582346,,,,USFS,1.563,0.5201,0.035719,0.2681433,0.3038623,0.5201,0.2162377,,,1.90,,,,,2.2633228