AvgDate,weekly prec mm,NH4 mg/l,NO3 mg/l,IN mg/l
19830820,13.2100,0.280000,1.89000,0.644552
19830827,6.35000,0.360000,1.83000,0.693226
19830903,23.3700,0.120000,0.890000,0.294301
19830910,3.56000,0.270000,1.29000,0.501290
19830917,14.7300,0.370000,1.48000,0.621971
19830924,5.08000,0.100000,0.590000,0.211004
19831001,14.7300,0.0200000,0.690000,0.171362
19831008,24.3800,0.130000,0.680000,0.254660
19831015,25.4000,0.0200000,0.410000,0.108136
19831022,12.9400,0.110000,0.530000,0.205233
19831029,0.100000,0.170000,1.68000,0.511577
19831105,6.83000,0.156247,1.08073,0.364789
19831112,52.0700,0.0300000,0.230000,0.0752688
19831119,41.4000,0.0300000,0.330000,0.0978495
19831126,46.2300,0.0500000,0.270000,0.0998566
19831203,33.5300,0.0200000,0.410000,0.108136
19831210,93.1500,0.0989310,0.496617,0.187718
19831217,40.1600,0.0200000,1.48000,0.349749
19831224,95.8700,0.410000,0.740000,0.485986
19831231,18.2900,0.134043,0.716960,0.267605
19840107,1.27000,0.0200000,1.00000,0.241362
19840114,14.7300,0.0600000,0.900000,0.249892
19840121,2.79000,0.234808,1.37590,0.487227
19840128,7.87000,0.0200000,0.220000,0.0652330
19840204,0.000000,0.000000,0.000000,0.000000
19840211,11.6800,0.0900000,1.74000,0.462903
19840218,6.86000,0.220000,1.05000,0.408208
19840225,17.0200,0.0900000,0.500000,0.182903
19840303,7.62000,0.0700000,0.650000,0.201219
19840310,17.7800,0.0600000,0.360000,0.127957
19840317,23.3700,0.390000,0.990000,0.526882
19840324,37.8500,0.170000,0.860000,0.326416
19840331,24.3800,0.280000,0.980000,0.439068
19840407,13.7200,0.140000,0.720000,0.271470
19840414,33.5300,0.0200000,0.240000,0.0697491
19840421,73.9100,0.210000,0.680000,0.316882
19840428,42.1600,0.180000,0.780000,0.316129
19840505,52.5800,0.0600000,0.220000,0.0963441
19840512,1.78000,0.840000,3.77000,1.50462
19840519,2.29000,0.347758,1.81240,0.671695
19840526,29.4600,0.160000,0.820000,0.309606
19840602,25.1500,0.280000,0.770000,0.391649
19840609,60.9600,0.0800000,0.330000,0.136738
19840616,9.91000,0.220000,1.11000,0.421756
19840623,1.02000,0.130000,1.12000,0.354014
19840630,13.9700,0.0200000,0.670000,0.166846
19840707,19.0500,0.130000,0.860000,0.295305
19840714,11.9400,0.213045,1.26723,0.454321
19840721,38.6100,0.153331,0.857585,0.312725
19840728,40.1300,0.120000,0.730000,0.258172
19840804,12.9500,0.170000,0.820000,0.317384
19840811,8.64000,0.238369,1.44470,0.513029
19840818,24.8900,0.100000,0.880000,0.276487
19840825,24.6400,0.0300000,0.490000,0.133979
19840901,34.8000,0.100000,0.790000,0.256165
19840908,14.2200,0.0979456,0.713162,0.238377
19840915,26.9200,0.120000,0.790000,0.271720
19840922,20.0400,0.190000,0.910000,0.353262
19840929,21.8500,0.250000,1.22000,0.469928
19841006,46.4800,0.180000,0.610000,0.277742
19841013,57.1500,0.0702830,0.479436,0.162705
19841020,35.8100,0.0200000,0.570000,0.144265
19841027,19.5600,0.0883981,0.631920,0.212467
19841103,9.65000,0.112037,0.834635,0.276103
19841110,10.9200,0.0700000,1.28000,0.343477
19841117,6.10000,0.130000,2.04000,0.561756
19841124,4.57000,0.140000,1.58000,0.465663
19841201,24.1300,0.0300000,0.470000,0.129462
19841208,8.38000,0.0200000,0.670000,0.166846
19841215,42.4200,0.0200000,0.320000,0.0878136
19841222,12.9500,0.126444,0.988895,0.322960
19841230,14.7300,0.121014,0.939227,0.307651
19850105,7.37000,0.0700000,0.900000,0.257670
19850112,8.89000,0.144102,1.15204,0.372231
19850119,41.6600,0.0200000,0.380000,0.101362
19850126,7.62000,0.0200000,0.690000,0.171362
19850202,21.5900,0.107372,0.815469,0.268847
19850209,26.6700,0.0200000,0.0700000,0.0313620
19850216,7.37000,0.0200000,0.410000,0.108136
19850223,22.8600,0.0200000,0.340000,0.0923297
19850302,24.6400,0.0200000,0.600000,0.151039
19850309,25.4000,0.0200000,0.580000,0.146523
19850316,16.2600,0.370000,1.46000,0.617455
19850323,16.0000,0.670000,3.52000,1.31595
19850330,62.7400,0.0400000,0.310000,0.101111
19850406,31.2400,0.130000,0.630000,0.243369
19850413,4.57000,1.88000,4.87000,2.56190
19850420,40.8900,0.0200000,0.760000,0.187168
19850427,31.5000,0.140000,0.640000,0.253405
19850504,20.0700,0.340000,1.09000,0.510574
19850511,21.5900,0.0800000,0.560000,0.188674
19850518,15.2400,0.270000,1.54000,0.557742
19850525,9.91000,0.720000,3.62000,1.37742
19850601,6.35000,0.0400000,1.75000,0.426272
19850608,9.91000,0.217661,1.30116,0.465065
19850615,9.65000,0.219680,1.31525,0.469722
19850622,18.8000,0.130000,0.870000,0.297563
19850629,20.8300,0.150000,1.03000,0.349247
19850706,2.54000,0.820000,3.43000,1.41229
19850713,11.6800,0.760000,2.54000,1.16466
19850720,32.7700,0.0700000,0.500000,0.167348
19850727,16.5100,0.210000,1.23000,0.441075
19850803,5.08000,0.400000,2.78000,0.938853
19850810,14.7300,0.140000,1.03000,0.341470
19850817,4.06000,0.240000,1.88000,0.611183
19850824,7.62000,0.238048,1.44406,0.511860
19850831,19.8100,0.330000,1.99000,0.706021
19850907,24.6400,0.220000,0.880000,0.369821
19850914,18.2900,0.240000,1.33000,0.486989
19850921,22.3500,0.0200000,0.700000,0.173620
19850928,40.3900,0.0200000,0.390000,0.103620
19851005,18.4400,0.0916244,0.681563,0.226278
19851012,31.7500,0.0200000,0.460000,0.119427
19851019,3.30000,0.210000,1.67000,0.540430
19851026,0.510000,0.190644,1.59225,0.490543
19851102,7.37000,0.0200000,0.140000,0.0471685
19851109,88.1400,0.0200000,0.0300000,0.0223297
19851116,35.5600,0.0200000,0.430000,0.112652
19851123,59.6900,0.0711359,0.502608,0.168618
19851130,36.3200,0.0200000,0.710000,0.175878
19851207,35.3100,0.0200000,0.0300000,0.0223297
19851214,10.1600,0.0200000,1.72000,0.403943
19851221,14.7300,0.150000,4.29000,1.08538
19851228,10.1600,0.0746919,0.914210,0.264095
19860104,7.37000,0.0200000,0.0300000,0.0223297
19860111,1.27000,0.119681,1.57493,0.431480
19860118,9.91000,0.0200000,0.730000,0.180394
19860125,8.89000,0.150000,6.96000,1.68828
19860201,11.6800,0.0200000,0.270000,0.0765233
19860208,18.5400,0.0200000,1.20000,0.286523
19860215,134.870,0.0900000,0.540000,0.191935
19860222,116.260,0.0444095,0.490670,0.145633
19860301,0.000000,0.000000,0.000000,0.000000
19860308,18.5400,0.0800000,0.660000,0.211254
19860315,26.6700,0.0500000,0.760000,0.210502
19860322,7.87000,0.259765,1.19778,0.475019
19860329,4.83000,0.410000,1.65000,0.691470
19860405,110.740,0.450000,0.760000,0.521613
19860412,32.0000,0.0700000,0.580000,0.185412
19860419,26.4200,0.200000,0.820000,0.340717
19860426,12.7000,0.270000,2.62000,0.801613
19860503,0.760000,0.396912,1.95046,0.735599
19860510,25.9100,0.0400000,0.710000,0.191434
19860517,46.7400,0.0200000,0.0300000,0.0223297
19860524,0.000000,0.000000,0.000000,0.000000
19860531,12.7000,0.220198,0.987743,0.397304
19860607,37.8500,0.159074,0.916186,0.330532
19860614,2.29000,0.346305,2.27599,0.769673
19860621,6.87000,0.000000,0.000000,0.000000
19860628,18.2900,0.191003,1.14012,0.408153
19860705,13.2100,0.212616,1.29347,0.460029
19860712,11.6800,0.221886,1.35978,0.482091
19860719,22.1000,0.180589,1.06681,0.382943
19860726,5.84000,0.279511,1.77864,0.617006
19860802,8.64000,0.246364,1.53636,0.539838
19860809,15.4900,0.201475,1.21421,0.433366
19860816,13.2100,0.212616,1.29347,0.460029
19860823,18.2900,0.191003,1.14012,0.408153
19860830,17.7800,0.192698,1.15209,0.412245
19860906,28.9600,0.0687030,0.496434,0.166006
19860913,7.87000,0.103724,0.806127,0.262323
19860920,13.7200,0.0856195,0.644376,0.213073
19860927,52.0700,0.0614984,0.434006,0.145748
19861004,31.7500,0.0900000,0.360000,0.151290
19861011,19.8100,0.0200000,0.460000,0.119427
19861018,17.1900,0.160000,0.580000,0.255412
19861025,24.1300,0.0700000,0.430000,0.151541
19861101,35.5600,0.0600000,0.370000,0.130215
19861108,45.4700,0.110000,0.770000,0.259427
19861115,34.0400,0.100000,1.28000,0.366810
19861122,21.5900,0.0200000,0.190000,0.0584588
19861129,9.40000,0.0700000,0.600000,0.189928
19861206,22.8600,0.0700000,0.520000,0.171864
19861213,2.03000,0.0200000,0.310000,0.0855556
19861220,2.03000,0.107743,1.41923,0.390886
19861227,0.000000,0.000000,0.000000,0.000000
19870103,19.5600,0.0200000,0.270000,0.0765233
19870110,6.60000,0.0400000,1.40000,0.347240
19870117,14.7300,0.100000,0.720000,0.240358
19870124,43.6900,0.0800000,0.380000,0.148029
19870131,17.6700,0.0200000,0.160000,0.0516846
19870207,5.33000,0.100000,0.320000,0.150036
19870214,15.4900,0.130000,0.480000,0.209498
19870221,24.8900,0.0900000,0.470000,0.176129
19870228,16.5100,0.0200000,0.540000,0.137491
19870307,10.4100,0.0900000,0.450000,0.171613
19870314,26.6700,0.120000,0.500000,0.206237
19870321,33.5300,0.130000,0.480000,0.209498
19870328,13.4600,0.0200000,0.430000,0.112652
19870404,8.38000,0.0500000,0.970000,0.257921
19870411,29.7200,0.0400000,0.230000,0.0830466
19870418,27.6900,0.0200000,0.270000,0.0765233
19870425,11.9400,0.0200000,0.0300000,0.0223297
19870502,29.7200,0.110000,0.670000,0.236846
19870509,10.1600,0.460000,1.10000,0.606165
19870516,3.03000,0.330000,1.62000,0.622473
19870523,54.1000,0.135856,0.513046,0.219966
19870530,4.32000,0.160000,1.36000,0.431541
19870606,13.7200,0.220000,0.600000,0.306595
19870613,22.8600,0.260000,1.09000,0.448351
19870620,0.000000,0.000000,0.000000,0.000000
19870627,16.2600,0.0200000,0.370000,0.0991039
19870704,17.5300,0.0200000,0.310000,0.0855556
19870711,43.4300,0.0200000,0.450000,0.117168
19870718,1.27000,0.0600000,1.54000,0.394409
19870725,24.3800,0.540000,1.91000,0.851290
19870801,40.6400,0.130000,1.08000,0.344982
19870808,12.6700,0.140000,0.750000,0.278244
19870815,12.9500,0.0400000,0.810000,0.214014
19870822,22.8500,0.0200000,0.520000,0.132975
19870829,7.11000,0.120000,1.01000,0.321398
19870905,7.37000,0.670000,2.26000,1.03143
19870912,22.8600,0.0776950,0.533408,0.181621
19870919,10.1600,0.380000,1.75000,0.690717
19870926,0.000000,0.000000,0.000000,0.000000
19871003,0.000000,0.000000,0.000000,0.000000
19871010,0.000000,0.120000,0.550000,0.217527
19871017,19.8100,0.0700000,0.510000,0.169606
19871024,10.4100,0.0200000,0.230000,0.0674910
19871031,27.4300,0.0200000,0.0300000,0.0223297
19871107,11.4300,0.0900000,0.350000,0.149032
19871114,43.9400,0.0200000,0.160000,0.0516846
19871121,9.91000,0.0600000,0.830000,0.234086
19871128,8.38000,0.0300000,0.810000,0.206237
19871205,10.1600,0.0500000,0.640000,0.183405
19871212,43.1800,0.0300000,0.470000,0.129462
19871219,19.3000,0.0425912,0.416771,0.127825
19871226,69.3400,0.0329217,0.305449,0.0946719
19880102,27.3200,0.0387151,0.372023,0.114579
19880109,46.7400,0.0200000,0.120000,0.0426523
19880116,12.7000,0.0488577,0.489878,0.148997
19880123,22.3500,0.0200000,0.580000,0.146523
19880130,34.8000,0.0200000,0.660000,0.164588
19880206,15.2400,0.0200000,0.290000,0.0810394
19880213,67.0600,0.0200000,0.250000,0.0720072
19880220,13.2100,0.0481986,0.482139,0.146785
19880227,9.14000,0.0400000,0.330000,0.105627
19880305,37.8500,0.120000,0.350000,0.172366
19880312,27.4300,0.0700000,0.840000,0.244122
19880319,14.3500,0.100000,1.30000,0.371326
19880326,37.5900,0.0200000,0.440000,0.114910
19880402,36.3200,0.0400000,0.0300000,0.0378853
19880409,35.0500,0.114621,0.546724,0.212439
19880416,19.5800,0.700000,1.26000,0.828961
19880423,54.4800,0.106289,0.498671,0.194335
19880430,3.02000,0.233842,1.25950,0.461882
19880507,18.9600,0.000000,0.000000,0.000000
19880514,1.78000,0.0200000,0.0300000,0.0223297
19880521,48.0100,0.0600000,0.510000,0.161828
19880528,3.30000,0.0200000,2.80000,0.647814
19880604,7.11000,0.277633,1.59027,0.575692
19880611,17.7800,0.0200000,1.16000,0.277491
19880618,3.81000,0.330886,1.94758,0.691375
19880625,26.1600,0.182322,0.970505,0.361886
19880702,35.5600,0.0200000,0.530000,0.135233
19880709,27.9400,0.0200000,1.35000,0.320394
19880716,7.37000,0.0200000,0.170000,0.0539427
19880723,8.38000,0.460000,1.15000,0.617455
19880730,18.0300,0.190000,1.28000,0.436810
19880806,8.89000,0.280000,1.43000,0.540681
19880813,0.510000,0.418659,2.54911,0.878115
19880820,9.14000,0.0300000,0.940000,0.235591
19880827,7.87000,0.268516,1.52980,0.555653
19880903,0.760000,1.16000,2.08000,1.37190
19880910,16.0000,0.0600000,0.910000,0.252151
19880917,10.6700,0.120000,0.780000,0.269462
19880924,5.33000,0.125078,0.900290,0.298544
19881001,3.81000,0.136505,0.995740,0.326864
19881008,13.7200,0.0914398,0.625204,0.213377
19881015,1.27000,0.162629,1.21692,0.390750
19881022,4.32000,0.0200000,0.480000,0.123943
19881029,1.27000,0.640000,3.57000,1.30391
19881105,22.1000,0.0400000,0.360000,0.112401
19881112,43.1100,0.0200000,0.250000,0.0720072
19881119,16.5100,0.0200000,0.440000,0.114910
19881126,29.8900,0.0200000,0.0300000,0.0223297
19881203,0.000000,0.000000,0.000000,0.000000
19881210,27.6900,0.0200000,0.250000,0.0720072
19881217,32.0000,0.0200000,0.260000,0.0742652
19881224,45.3300,0.0200000,0.210000,0.0629749
19881231,13.7200,0.0518236,0.533533,0.161281
19890107,30.4800,0.0200000,0.290000,0.0810394
19890114,23.6200,0.150000,0.370000,0.200215
19890121,0.000000,0.000000,0.000000,0.000000
19890128,28.4500,0.0200000,0.500000,0.128459
19890204,68.5000,0.000000,0.000000,0.000000
19890211,23.1100,0.0200000,0.280000,0.0787814
19890218,18.2900,0.0200000,0.420000,0.110394
19890225,16.2600,0.0200000,0.570000,0.144265
19890304,39.1200,0.0200000,0.150000,0.0494265
19890311,9.14000,0.180000,2.70000,0.749677
19890318,20.8300,0.0200000,0.320000,0.0878136
19890325,1.78000,0.0700000,1.66000,0.429283
19890401,79.7600,0.0900000,0.350000,0.149032
19890408,28.1900,0.140000,0.520000,0.226308
19890415,8.64000,0.140000,0.850000,0.300824
19890422,0.000000,0.000000,0.000000,0.000000
19890429,39.3700,0.160000,0.960000,0.341219
19890506,29.9700,0.290000,1.25000,0.507814
19890513,46.2300,0.250000,0.750000,0.363799
19890520,4.06000,0.320000,1.21000,0.522115
19890527,2.79000,0.0300000,1.44000,0.348495
19890603,10.1600,0.170000,1.19000,0.400932
19890610,19.8100,0.200000,0.850000,0.347491
19890617,3.30000,0.0200000,0.350000,0.0945878
19890624,3.56000,0.340000,2.79000,0.894444
19890701,0.000000,0.000000,0.000000,0.000000
19890708,0.000000,0.000000,0.000000,0.000000
19890715,5.08000,0.367149,1.82578,0.697178
19890722,18.0300,0.520000,1.67000,0.781541
19890729,61.3200,0.370000,1.31000,0.583584
19890805,17.0200,0.340000,1.09000,0.510574
19890812,56.3900,0.200000,0.860000,0.349749
19890819,14.4800,0.230000,0.910000,0.384373
19890826,0.760000,0.220000,2.54000,0.744659
19890902,0.000000,0.000000,0.000000,0.000000
19890909,23.3700,0.160000,0.950000,0.338961
19890916,12.9500,0.0600000,0.800000,0.227312
19890923,10.4100,0.0900000,1.08000,0.313871
19890930,3.81000,0.510000,3.07000,1.08989
19891007,3.81000,0.0200000,0.350000,0.0945878
19891014,36.0700,0.0600000,0.260000,0.105376
19891021,2.79000,0.100000,0.640000,0.222294
19891028,19.0500,0.0700000,0.610000,0.192186
19891104,50.0400,0.0900000,0.600000,0.205484
19891111,9.40000,0.118665,0.800506,0.273736
19891118,5.33000,0.142341,0.988609,0.331887
19891125,45.4700,0.0300000,0.200000,0.0684946
19891202,0.000000,0.000000,0.000000,0.000000
19891209,32.5100,0.0700000,0.650000,0.201219
19891216,70.2800,0.100000,0.390000,0.165842
19891223,9.91000,0.0855450,0.703781,0.225724
19891230,4.57000,0.109017,0.932242,0.291661
19900106,25.1500,0.0634845,0.495307,0.161841
19900113,16.2600,0.0600000,0.480000,0.155054
19900120,10.1600,0.0200000,0.310000,0.0855556
19900127,43.9400,0.0200000,0.610000,0.153297
19900203,2.79000,0.0200000,0.410000,0.108136
19900210,32.0000,0.140000,1.23000,0.386631
19900217,36.8300,0.0582176,0.446319,0.146322
19900224,1.02000,0.138546,1.22703,0.372559
19900306,127.000,0.104116,0.585887,0.211824
19900317,47.2400,0.0200000,0.150000,0.0494265
19900324,17.0200,0.250000,2.43000,0.743154
19900331,40.3900,0.0700000,0.980000,0.275735
19900407,29.4600,0.0900000,0.310000,0.140000
19900414,13.7200,0.520000,2.40000,0.946380
19900421,25.6500,0.200000,0.960000,0.372330
19900428,67.5600,0.0900000,0.600000,0.205484
19900505,15.1600,0.180000,1.07000,0.381613
19900512,46.4800,0.200000,1.41000,0.473943
19900519,17.0200,0.0400000,0.490000,0.141756
19900526,14.4800,0.250000,0.670000,0.345735
19900602,30.4800,0.0400000,0.410000,0.123692
19900609,11.9400,0.170000,0.590000,0.265448
19900616,4.83000,0.310000,1.39000,0.554982
19900623,0.000000,0.000000,0.000000,0.000000
19900630,0.250000,6.08000,1.22000,5.00437
19900707,49.7800,0.200000,0.630000,0.297814
19900714,13.7200,0.280000,0.960000,0.434552
19900721,21.0800,0.180000,1.06000,0.379355
19900728,16.2600,0.170000,0.870000,0.328674
19900804,9.65000,0.310000,1.42000,0.561756
19900811,21.3400,0.310000,1.00000,0.466918
19900818,22.3500,0.460000,1.04000,0.592616
19900825,11.4300,0.130000,1.65000,0.473692
19900901,15.7500,0.360000,1.58000,0.636774
19900908,2.24000,0.560000,2.05000,0.898459
19900915,9.40000,0.0700000,0.360000,0.135735
19900922,4.32000,0.140000,0.790000,0.287276
19900929,20.0700,0.0700000,0.490000,0.165090
19901006,39.1200,0.170000,0.790000,0.310609
19901013,0.000000,0.000000,0.000000,0.000000
19901020,42.6700,0.0400000,0.340000,0.107885
19901027,0.000000,0.000000,0.000000,0.000000
19901103,35.8100,0.0800000,0.410000,0.154803
19901110,8.89000,0.114929,0.849051,0.281354
19901117,0.000000,0.000000,0.000000,0.000000
19901124,12.7000,0.0700000,0.820000,0.239606
19901201,12.1900,0.480000,2.05000,0.836237
19901208,0.510000,2.51000,1.88000,2.37674
19901215,38.1000,0.0800000,0.340000,0.138996
19901222,38.6100,0.0740572,0.544600,0.180803
19901230,9.91000,0.0400000,0.730000,0.195950
19910105,13.7200,0.0700000,0.100000,0.0770251
19910112,18.0300,0.0200000,0.570000,0.144265
19910119,19.5600,0.0200000,0.210000,0.0629749
19910126,20.5700,0.0861485,0.652827,0.215413
19910202,0.000000,0.000000,0.000000,0.000000
19910209,0.000000,0.000000,0.000000,0.000000
19910216,43.1800,0.0500000,0.700000,0.196953
19910223,12.4500,0.0400000,0.570000,0.159821
19910302,39.8800,0.0300000,0.410000,0.115914
19910309,46.9900,0.0200000,0.270000,0.0765233
19910316,13.4600,0.350000,1.55000,0.622222
19910323,22.8600,0.300000,1.94000,0.671398
19910330,30.9900,0.0700000,0.390000,0.142509
19910406,10.1600,0.280000,1.13000,0.472939
19910413,53.0900,0.0200000,0.540000,0.137491
19910420,15.4900,0.250000,1.16000,0.456380
19910427,35.0000,0.0800000,0.860000,0.256416
19910504,12.9500,0.260000,1.13000,0.457384
19910511,1.52000,0.110000,0.850000,0.277491
19910518,53.8500,0.114127,0.627040,0.229633
19910525,14.7300,0.250000,1.22000,0.469928
19910601,73.4100,0.300000,0.710000,0.393656
19910608,23.8800,0.140000,1.00000,0.334695
19910615,13.9700,0.340000,1.26000,0.548961
19910622,0.000000,0.230000,4.16000,1.11824
19910629,7.01000,0.312134,1.45606,0.573863
19910706,10.1600,0.0300000,0.410000,0.115914
19910713,7.87000,0.0900000,1.46000,0.399677
19910720,25.1500,0.230000,1.31000,0.474695
19910727,28.1900,0.100000,0.730000,0.242616
19910803,32.2600,0.100000,0.530000,0.197455
19910810,24.1300,0.130000,0.880000,0.299821
19910817,24.3800,0.120000,0.690000,0.249140
19910824,4.32000,0.270000,1.72000,0.598387
19910831,9.14000,0.190000,1.34000,0.450358
19910907,13.4600,0.0600000,0.440000,0.146022
19910914,15.4900,0.140000,0.760000,0.280502
19910921,0.510000,0.195349,1.59568,0.495112
19910928,3.56000,0.0600000,0.740000,0.213763
19911005,0.000000,0.000000,0.000000,0.000000
19911012,0.000000,0.000000,0.000000,0.000000
19911019,0.000000,0.000000,0.000000,0.000000
19911026,33.7800,0.0400000,0.310000,0.101111
19911102,23.8800,0.0200000,0.380000,0.101362
19911109,39.8800,0.0900000,0.770000,0.243871
19911116,38.8600,0.0400000,0.230000,0.0830466
19911123,42.6700,0.0200000,0.340000,0.0923297
19911130,19.3000,0.0200000,1.24000,0.295556
19911207,0.000000,0.000000,0.000000,0.000000
19911214,15.2400,0.120000,1.39000,0.407204
19911221,4.83000,0.0600000,0.270000,0.107634
19911228,0.000000,0.000000,0.000000,0.000000
19920104,16.0000,0.0600000,0.770000,0.220538
19920111,15.7500,0.0300000,0.370000,0.106882
19920118,5.33000,0.101309,0.972372,0.295010
19920125,7.37000,0.0916917,0.866323,0.265641
19920201,0.000000,0.000000,0.000000,0.000000
19920208,6.10000,0.0973489,0.928567,0.282956
19920215,18.8000,0.0800000,0.430000,0.159319
19920222,8.13000,0.0700000,0.190000,0.0973477
19920229,0.000000,0.000000,0.000000,0.000000
19920307,99.0600,0.0700000,0.360000,0.135735
19920314,3.81000,0.140000,1.35000,0.413728
19920321,36.5800,0.127836,0.616508,0.238372
19920328,30.9900,0.0800000,0.230000,0.114158
19920404,7.62000,0.730000,1.48000,0.901971
19920411,4.32000,0.210000,1.35000,0.468172
19920417,54.6100,0.0900000,0.340000,0.146774
19920424,11.9400,0.175783,0.899571,0.342095
19920502,2.03000,0.690000,1.95000,0.976989
19920509,14.2200,0.240000,0.970000,0.405699
19920516,7.11000,0.540000,2.66000,1.02065
19920523,25.4000,0.320000,1.25000,0.531147
19920530,51.3100,0.0900000,0.430000,0.167097
19920606,15.7500,0.280000,1.00000,0.443584
19920613,13.4600,0.290000,1.24000,0.505556
19920620,5.33000,0.130000,1.92000,0.534660
19920627,23.6200,0.210000,1.09000,0.409462
19920704,5.08000,0.120000,0.830000,0.280753
19920711,27.9400,0.210000,0.740000,0.330430
19920718,22.6100,0.170000,0.830000,0.319642
19920725,5.59000,0.330000,1.44000,0.581828
19920801,2.29000,0.310000,1.49000,0.577563
19920808,9.14000,0.290000,1.14000,0.482975
19920815,4.06000,0.270000,1.33000,0.510323
19920822,35.3100,0.120000,0.800000,0.273979
19920829,22.3500,0.170000,0.790000,0.310609
19920905,26.4200,0.100036,0.636307,0.222159
19920912,1.78000,0.450000,2.02000,0.806129
19920919,29.4600,0.190000,0.850000,0.339713
19920926,11.9400,0.0700000,0.710000,0.214767
19921003,0.000000,0.000000,0.000000,0.000000
19921010,2.54000,0.310000,1.60000,0.602401
19921017,0.000000,0.000000,0.000000,0.000000
19921024,16.2600,0.0900000,0.380000,0.155806
19921031,65.5300,0.0600000,0.350000,0.125699
19921107,23.3700,0.0700000,1.13000,0.309606
19921114,22.6100,0.0200000,0.430000,0.112652
19921121,39.6200,0.130000,0.870000,0.297563
19921128,11.9400,0.0200000,1.25000,0.297814
19921205,20.0700,0.0200000,2.33000,0.541685
19921212,20.5700,0.0200000,0.790000,0.193943
19921219,24.8900,0.0754061,0.605584,0.196167
19921226,3.05000,0.141811,1.26528,0.388103
19930102,32.2600,0.0500000,0.410000,0.131470
19930109,22.8600,0.130000,0.450000,0.202724
19930116,31.5000,0.0900000,0.610000,0.207742
19930123,32.5100,0.0707560,0.561067,0.182198
19930130,7.62000,0.110826,0.951892,0.300192
19930206,20.0700,0.0600000,0.540000,0.168602
19930213,39.3700,0.0300000,0.360000,0.104624
19930220,90.7500,0.0200000,0.190000,0.0584588
19930227,40.8900,0.0300000,0.180000,0.0639785
19930306,3.30000,0.200000,0.680000,0.309104
19930313,52.0700,0.0700000,0.370000,0.137993
19930320,26.6700,0.0600000,0.460000,0.150538
19930327,38.6100,0.310000,0.550000,0.365305
19930403,33.5300,0.130000,0.550000,0.225305
19930410,58.1700,0.130000,0.790000,0.279498
19930417,53.3400,0.160000,0.960000,0.341219
19930424,24.6400,0.100000,0.710000,0.238100
19930501,9.65000,0.290000,1.06000,0.464910
19930508,17.7800,0.0600000,0.580000,0.177634
19930515,28.1900,0.140000,0.560000,0.235341
19930522,17.0200,0.280000,1.04000,0.452616
19930529,18.8000,0.240000,1.12000,0.439570
19930605,45.4700,0.0500000,0.720000,0.201470
19930612,6.86000,0.0200000,0.410000,0.108136
19930619,34.0400,0.0700000,0.510000,0.169606
19930626,0.000000,0.000000,0.000000,0.000000
19930703,24.6400,0.160000,0.740000,0.291541
19930710,2.03000,0.393887,2.20911,0.793212
19930717,2.54000,0.480000,1.78000,0.775269
19930724,11.9400,0.0800000,0.540000,0.184158
19930731,0.000000,0.860000,2.95000,1.33502
19930807,13.7200,0.260000,1.65000,0.574803
19930814,19.8100,0.130000,1.04000,0.335950
19930821,13.2700,0.310000,1.57000,0.595627
19930828,6.99000,0.460000,0.0300000,0.364552
19930904,34.0400,0.220000,0.970000,0.390143
19930911,54.3600,0.104482,0.605181,0.217335
19930918,20.5700,0.350000,1.58000,0.628996
19930925,2.29000,0.0700000,1.09000,0.300573
19931002,0.000000,0.000000,0.000000,0.000000
19931009,37.8500,0.0800000,0.540000,0.184158
19931016,58.9300,0.103333,0.597006,0.214495
19931023,7.37000,0.160000,0.850000,0.316380
19931030,25.6500,0.0200000,0.170000,0.0539427
19931106,18.2200,0.0200000,0.600000,0.151039
19931113,40.6400,0.340000,1.08000,0.508315
19931120,19.8100,0.0400000,0.390000,0.119176
19931127,38.1000,0.0800000,0.390000,0.150287
19931204,20.3200,0.380000,2.34000,0.823943
19931211,7.87000,0.0986053,0.937970,0.287408
19931218,20.0700,0.0720155,0.648982,0.203501
19931225,13.2100,0.0700000,0.520000,0.171864
19940101,29.2100,0.0651813,0.576229,0.181454
19940108,37.0800,0.0619383,0.541824,0.170950
19940115,28.4500,0.120000,0.820000,0.278495
19940122,0.000000,0.000000,0.000000,0.000000
19940129,26.4200,0.160000,0.550000,0.248638
19940205,25.4000,0.0800000,0.560000,0.188674
19940212,54.1000,0.0500000,0.390000,0.126953
19940219,9.91000,0.0700000,0.650000,0.201219
19940226,43.9400,0.110000,0.730000,0.250394
19940305,12.9500,0.250000,1.69000,0.576057
19940312,19.8100,0.690000,1.11000,0.787312
19940319,17.0200,0.100000,0.670000,0.229068
19940326,60.4500,0.131416,0.550880,0.225059
19940402,22.1000,0.410000,1.39000,0.632760
19940409,35.0500,0.240000,0.670000,0.337957
19940416,9.91000,0.250000,0.740000,0.361541
19940423,36.8300,0.320000,1.69000,0.630502
19940430,45.2100,0.120000,0.600000,0.228817
19940507,9.40000,0.520000,1.59000,0.763477
19940514,11.9400,0.540000,1.18000,0.686452
19940521,0.250000,0.740000,3.38000,1.33878
19940528,18.0300,0.290000,1.13000,0.480717
19940604,13.7200,0.225571,1.17348,0.443328
19940611,0.760000,0.417543,2.39056,0.845209
19940618,14.7300,0.380000,1.22000,0.571039
19940625,13.4600,0.0300000,0.490000,0.133979
19940702,12.1900,0.210000,1.20000,0.434301
19940709,3.05000,0.160000,1.88000,0.548961
19940716,2.54000,1.23000,5.58000,2.21667
19940723,6.35000,0.292854,1.59077,0.587266
19940730,12.1900,0.320000,1.50000,0.587599
19940806,11.9400,0.410000,1.39000,0.632760
19940813,25.4000,0.180000,0.940000,0.352258
19940820,33.0200,0.350000,1.33000,0.572545
19940827,67.3100,0.130000,0.830000,0.288530
19940903,41.9100,0.240000,1.22000,0.462151
19940910,2.54000,0.110000,1.66000,0.460394
19940917,35.5600,0.110000,0.960000,0.302330
19940924,15.2400,0.220000,1.35000,0.475950
19941001,17.7800,0.0600000,0.770000,0.220538
19941008,55.8800,0.110000,0.400000,0.175878
19941015,29.9700,0.0400000,0.510000,0.146272
19941022,6.95000,0.000000,0.000000,0.000000
19941029,6.86000,0.150000,2.08000,0.586344
19941105,22.1000,0.100000,0.630000,0.220036
19941112,26.9200,0.0400000,0.210000,0.0785305
19941119,22.8600,0.0300000,0.580000,0.154301
19941126,25.9100,0.123878,0.667318,0.247704
19941206,38.3500,0.0763639,0.514420,0.175683
19941217,11.6800,0.150000,1.28000,0.405699
19941224,0.000000,0.000000,0.000000,0.000000
19941231,75.6900,0.0200000,0.900000,0.218781
19950107,44.9600,0.0742351,0.497016,0.169923
19950114,16.2600,0.0300000,0.310000,0.0933333
19950121,14.7200,0.000000,0.000000,0.000000
19950128,9.14000,0.0800000,0.430000,0.159319
19950204,17.0200,0.0300000,0.560000,0.149785
19950211,54.8600,0.0500000,0.400000,0.129211
19950218,38.1000,0.0200000,0.240000,0.0697491
19950225,20.3200,0.170000,0.750000,0.301577
19950304,50.8000,0.0300000,0.230000,0.0752688
19950311,8.89000,0.310000,1.78000,0.643047
19950318,24.1300,0.110000,0.710000,0.245878
19950325,29.2100,0.0900000,1.19000,0.338710
19950401,11.4300,0.100000,0.910000,0.283262
19950408,38.1000,0.0200000,0.0300000,0.0223297
19950415,46.9900,0.140000,0.660000,0.257921
19950422,60.9600,0.220000,0.600000,0.306595
19950429,74.9300,0.0400000,0.260000,0.0898208
19950506,53.3400,0.0700000,0.420000,0.149283
19950513,38.1000,0.170000,0.560000,0.258674
19950520,67.6500,0.0300000,0.170000,0.0617204
19950527,71.1200,0.0800000,0.690000,0.218029
19950603,34.2900,0.203150,0.931605,0.368076
19950610,25.4000,0.0500000,0.460000,0.142760
19950617,31.7500,0.340000,1.09000,0.510574
19950624,1.27000,0.0800000,1.11000,0.312867
19950701,49.5300,0.140000,0.650000,0.255663
19950708,7.62000,0.170000,0.890000,0.333190
19950715,16.5100,0.130000,1.02000,0.331434
19950722,31.7500,0.170000,0.730000,0.297061
19950729,3.81000,0.392321,2.01448,0.755918
19950805,11.4300,0.390000,1.96000,0.745914
19950812,5.84000,0.380000,1.43000,0.618459
19950819,10.4700,0.170000,1.20000,0.403190
19950826,13.9700,0.0400000,0.760000,0.202724
19950902,5.08000,0.190944,1.21023,0.419530
19950909,19.0500,0.240000,1.05000,0.423763
19950916,16.5100,0.240000,0.840000,0.376344
19950923,44.7000,0.250000,1.16000,0.456380
19950930,12.7000,0.110000,0.640000,0.230072
19951007,38.7200,0.0400000,0.420000,0.125950
19951014,11.4300,0.280000,0.780000,0.393907
19951021,15.2400,0.0300000,0.770000,0.197204
19951028,6.35000,0.178788,1.12161,0.391628
19951104,35.5600,0.140000,0.510000,0.224050
19951111,108.820,0.0300000,0.250000,0.0797849
19951118,0.000000,0.000000,0.000000,0.000000
19951125,33.0200,0.0700000,0.420000,0.149283
19951202,29.2100,0.110000,0.620000,0.225556
19951209,57.1500,0.0600000,0.320000,0.118925
19951226,92.2000,0.0455141,0.362337,0.117062
19960113,17.7800,0.220000,1.39000,0.484982
19960120,40.6400,0.0800000,0.420000,0.157061
19960130,131.570,0.0443056,0.350344,0.113324
19960210,0.000000,0.000000,0.000000,0.000000
19960217,63.5000,0.110000,0.320000,0.157814
19960224,58.4200,0.0200000,0.120000,0.0426523
19960302,22.8600,0.160000,1.65000,0.497025
19960309,12.7000,0.0200000,0.440000,0.114910
19960316,46.4500,0.0900000,0.560000,0.196452
19960323,25.4000,0.470000,0.950000,0.580072
19960330,5.08000,0.340000,2.91000,0.921541
19960406,8.89000,0.260000,1.03000,0.434803
19960413,29.2100,0.110000,0.610000,0.223297
19960420,45.7200,0.100000,0.550000,0.201971
19960427,12.7000,0.160000,0.780000,0.300573
19960504,30.4800,0.210000,0.890000,0.364301
19960511,1.27000,0.520000,3.87000,1.27832
19960518,8.89000,0.165856,0.939659,0.342489
19960525,58.4200,0.100842,0.520357,0.195089
19960601,8.89000,0.230000,1.37000,0.488244
19960608,0.120000,0.000000,0.000000,0.000000
19960615,20.3200,0.270000,0.840000,0.399677
19960622,13.9700,0.190000,0.860000,0.341971
19960629,8.89000,0.276389,1.32826,0.517875
19960706,27.9400,0.100000,0.810000,0.260681
19960713,2.54000,0.100000,1.41000,0.396165
19960720,20.3200,0.0800000,0.0300000,0.0689964
19960727,33.0200,0.150000,0.640000,0.261183
19960803,8.89000,0.440000,2.36000,0.875125
19960810,1.37000,0.550000,5.36000,1.63810
19960817,11.4300,0.520000,2.21000,0.903477
19960824,10.1600,0.600000,1.99000,0.916022
19960831,5.41000,0.430000,1.96000,0.777025
19960907,36.8300,0.170000,0.570000,0.260932
19960917,71.3700,0.0883772,0.488852,0.178282
19960928,44.4500,0.0943576,0.529835,0.192717
19961005,10.1600,0.142228,0.862139,0.306613
19961012,0.000000,0.000000,0.000000,0.000000
19961019,17.7800,0.0900000,0.640000,0.214516
19961026,52.0700,0.220000,1.06000,0.410466
19961102,11.4300,0.0300000,0.410000,0.115914
19961109,17.7800,0.0400000,0.270000,0.0920788
19961116,50.8000,0.0200000,0.820000,0.200717
19961123,11.4300,0.0500000,0.380000,0.124695
19961130,43.1800,0.150000,0.550000,0.240860
19961207,45.7200,0.0200000,0.370000,0.0991039
19961214,76.2000,0.0200000,0.210000,0.0629749
19961220,73.9100,0.0462936,0.349174,0.114701
19961227,50.8000,0.0200000,0.470000,0.121685
19970104,19.0500,0.0200000,0.0300000,0.0223297
19970111,73.6600,0.0200000,0.230000,0.0674910
19970118,8.89000,0.0783263,0.652992,0.208288
19970125,62.2300,0.0700000,0.620000,0.194444
19970201,19.0500,0.0500000,0.660000,0.187921
19970208,8.89000,0.0300000,1.65000,0.395914
19970215,23.9100,0.170000,0.820000,0.317384
19970222,16.5100,0.0800000,0.580000,0.193190
19970301,27.9400,0.100000,0.450000,0.179391
19970308,5.08000,0.210000,2.72000,0.777527
19970315,22.8600,0.150000,1.31000,0.412473
19970322,16.5100,0.0400000,0.330000,0.105627
19970329,15.2400,0.150000,0.790000,0.295054
19970405,50.8000,0.121574,0.601529,0.229525
19970412,46.9900,0.160000,1.01000,0.352509
19970419,22.8600,0.0500000,0.380000,0.124695
19970426,95.5000,0.130000,0.520000,0.218530
19970503,58.4200,0.0800000,0.440000,0.161577
19970510,8.38000,0.400000,1.45000,0.638530
19970517,7.62000,0.580000,1.91000,0.882401
19970524,45.7200,0.0900000,0.920000,0.277742
19970531,49.5300,0.0700000,0.440000,0.153799
19970607,21.5900,0.390000,1.17000,0.567527
19970614,16.5100,0.200000,0.930000,0.365556
19970621,6.35000,0.279593,1.62474,0.583996
19970628,1.27000,0.110000,2.15000,0.571039
19970705,0.000000,0.000000,0.000000,0.000000
19970712,2.54000,0.349222,2.09906,0.735106
19970719,10.1600,0.0900000,0.650000,0.216774
19970726,21.5900,0.550000,2.11000,0.904229
19970802,30.4800,0.0600000,0.410000,0.139247
19970809,100.330,0.0800000,0.380000,0.148029
19970816,21.5900,0.170000,1.04000,0.367061
19970823,6.35000,0.279593,1.62474,0.583996
19970830,3.81000,0.580000,2.33000,0.977240
19970906,11.4300,0.190000,1.10000,0.396165
19970913,11.4300,0.160000,1.07000,0.366057
19970920,53.3400,0.0500000,0.610000,0.176631
19970927,12.7000,0.0200000,0.300000,0.0832975
19971004,6.35000,0.0700000,0.470000,0.160573
19971011,25.4000,0.110000,0.530000,0.205233
19971018,5.08000,0.160000,1.14000,0.381864
19971025,53.3400,0.0200000,0.220000,0.0652330
19971101,34.2900,0.0600000,0.480000,0.155054
19971108,26.6700,0.270000,1.00000,0.435806
19971115,19.0500,0.0600000,0.630000,0.188925
19971122,15.2400,0.0500000,0.420000,0.133728
19971129,13.9700,0.160000,1.03000,0.357025
19971206,15.2400,0.0700000,0.540000,0.176380
19971213,2.54000,0.0882665,1.10196,0.308298
19971220,0.000000,0.000000,0.000000,0.000000
19971227,21.5900,0.0200000,0.370000,0.0991039
19980103,13.9700,0.0200000,0.200000,0.0607168
19980110,20.3200,0.0479835,0.542268,0.160505
19980117,49.5290,0.0290000,0.460000,0.126427
19980124,19.0490,0.0489217,0.554851,0.164074
19980131,5.81000,0.0590000,1.96000,0.488470
19980207,17.7790,0.0290000,0.739000,0.189427
19980214,13.9700,0.0500000,0.320000,0.111147
19980221,20.9000,0.110000,0.670000,0.236846
19980228,22.1600,0.0468008,0.526436,0.155998
19980307,29.2090,0.0200000,0.0290000,0.0221039
19980314,2.54000,0.274105,1.69583,0.587335
19980321,41.9090,0.220000,0.469000,0.277014
19980328,24.1290,0.100000,0.569000,0.206262
19980404,48.2590,0.170000,0.819000,0.317158
19980411,24.1300,0.0800000,0.530000,0.181900
19980418,40.6400,0.150000,0.530000,0.236344
19980425,30.4800,0.0400000,0.220000,0.0807885
19980502,2.54000,0.570000,4.08000,1.36462
19980509,34.2900,0.120000,0.680000,0.246882
19980516,16.5100,0.140000,1.54000,0.456631
19980523,4.31800,0.610000,2.33000,1.00057
19980530,0.000000,0.000000,0.000000,0.000000
19980606,25.4000,0.0200000,0.740000,0.182652
19980613,38.1000,0.160000,0.920000,0.332186
19980620,24.1300,0.140000,1.43000,0.431792
19980627,0.000000,0.000000,0.000000,0.000000
19980704,8.89000,0.0500000,1.25000,0.321147
19980711,17.7800,0.140000,0.880000,0.307599
19980718,0.000000,0.000000,0.000000,0.000000
19980725,61.2140,0.200000,0.730000,0.320394
19980801,29.7800,0.170000,1.02000,0.362545
19980808,35.5600,0.110000,0.930000,0.295556
19980815,11.6840,0.160000,1.70000,0.508315
19980822,19.8120,0.190000,1.55000,0.497778
19980829,12.7000,0.0200000,1.84000,0.431039
19980905,0.000000,0.000000,0.000000,0.000000
19980912,31.7500,0.102931,0.623119,0.221081
19980919,1.52400,0.228516,1.57928,0.522184
19980926,12.7000,0.130000,0.730000,0.265950
19981003,42.1640,0.0600000,0.490000,0.157312
19981010,0.000000,0.000000,0.000000,0.000000
19981017,7.62000,0.510000,2.54000,0.970215
19981024,11.5500,0.000000,0.000000,0.000000
19981031,44.4500,0.0964567,0.575921,0.204840
19981107,22.8600,0.111654,0.686843,0.242899
19981114,8.89000,0.152269,0.988997,0.342532
19981121,17.7800,0.120268,0.750099,0.264320
19981128,2.54000,0.212409,1.45261,0.484823
19981205,6.35000,0.0900000,0.460000,0.173871
19981212,7.62000,0.0300000,0.500000,0.136237
19981219,22.6060,0.0650828,0.691459,0.207710
19981226,46.9900,0.0700000,1.04000,0.289283
19990102,29.2100,0.0609548,0.639377,0.192577
19990109,51.4300,0.000000,0.000000,0.000000
19990116,49.5300,0.0550852,0.565514,0.170991
19990123,58.4200,0.0537989,0.549336,0.166257
19990130,0.000000,0.000000,0.000000,0.000000
19990206,19.0500,0.0684106,0.733606,0.219856
19990213,7.62000,0.0932058,1.05381,0.308523
19990220,24.1300,0.0639380,0.676996,0.203520
19990227,6.35000,0.0988208,1.12777,0.328199
19990306,19.0500,0.220509,0.918637,0.381019
19990313,11.4300,0.261358,1.12184,0.460241
19990320,0.000000,0.000000,0.000000,0.000000
19990327,17.7800,0.225270,0.942133,0.390330
19990403,22.8600,0.0200000,1.72000,0.403943
19990410,30.4800,0.0300000,0.700000,0.181398
19990417,21.5900,0.0400000,0.440000,0.130466
19990424,95.2500,0.250000,1.08000,0.438315
19990501,105.410,0.190000,1.11000,0.398423
19990508,21.5900,0.212515,0.879281,0.365339
19990515,22.8600,0.209136,0.862682,0.358696
19990522,13.9700,0.243843,1.03426,0.426459
19990529,15.2400,0.236806,0.999263,0.412807
19990605,24.1300,0.154788,1.06227,0.361630
19990612,18.7960,0.166296,1.15670,0.392477
19990619,21.3360,0.160152,1.10622,0.376032
19990626,0.000000,0.000000,0.000000,0.000000
19990703,1.27000,0.327732,2.54084,0.806188
19990710,11.4300,0.320000,2.09000,0.720824
19990717,15.2400,0.130000,0.930000,0.311111
19990724,20.3200,0.100000,1.17000,0.341971
19990731,25.4000,0.0500000,0.660000,0.187921
19990807,35.5600,0.0200000,0.320000,0.0878136
19990814,19.0500,0.160000,1.01000,0.352509
19990821,11.4300,0.140000,1.50000,0.447599
19990828,10.1600,0.250000,2.74000,0.813154
19990904,10.1600,0.100000,0.700000,0.235842
19990911,8.89000,0.150000,1.12000,0.369570
19990918,22.8600,0.0900000,0.680000,0.223548
19990925,10.1600,0.0600000,0.550000,0.170860
19991002,2.54000,0.190000,0.510000,0.262939
19991009,12.7000,0.220000,1.23000,0.448853
19991016,17.7800,0.100000,1.12000,0.330681
19991023,0.000000,0.000000,0.000000,0.000000
19991030,7.62000,0.0500000,0.380000,0.124695
19991106,0.000000,0.000000,0.000000,0.000000
19991113,0.000000,0.000000,0.000000,0.000000
19991120,31.7500,0.220000,0.530000,0.290789
19991127,6.35000,0.195969,1.28391,0.441257
19991204,11.4300,0.0400000,0.352000,0.110595
19991211,11.4300,0.0800000,0.380000,0.148029
19991218,12.7000,0.118296,0.919562,0.300851
19991225,2.54000,0.186801,1.56108,0.487169
20000101,2.54000,0.186801,1.56108,0.487169
20000108,17.7800,0.105768,0.806110,0.265599
20000115,11.4300,0.122712,0.959869,0.313170
20000122,30.4800,0.0913502,0.677031,0.224522
20000129,17.7800,0.105768,0.806110,0.265599
20000205,0.000000,0.000000,0.000000,0.000000
20000212,65.4900,0.0900000,0.750000,0.239355
20000219,46.7000,0.000000,0.000000,0.000000
20000226,20.3200,0.100000,1.01000,0.305842
20000304,10.1600,0.330000,1.43100,0.579796
20000311,22.8600,0.235588,0.930732,0.394737
20000318,55.8800,0.196528,0.747688,0.319367
20000325,12.7000,0.283822,1.15951,0.486562
20000401,40.6400,0.137000,0.556000,0.232104
20000408,5.08000,0.450000,1.91000,0.781290
20000415,19.0500,0.0200000,0.446000,0.116265
20000422,74.9300,0.642000,0.950000,0.713849
20000429,6.35000,0.290000,1.60900,0.588878
20000506,24.1300,0.0740000,0.867000,0.253330
20000513,13.9700,0.274686,1.11584,0.469309
20000520,26.1620,0.417000,1.04300,0.559849
20000527,30.4800,0.0640000,0.484000,0.159068
20000603,0.000000,0.000000,0.000000,0.000000
20000610,2.54000,0.0200000,0.443000,0.115588
20000617,57.1500,0.0580000,0.472000,0.151692
20000624,10.9220,0.167000,0.952000,0.344857
20000701,6.35000,0.181000,1.44900,0.467971
20000708,7.62000,0.0810000,0.914000,0.269387
20000715,35.5600,0.555000,1.96700,0.875828
20000722,0.000000,0.000000,0.000000,0.000000
20000729,0.762000,0.564949,3.07966,1.11098
20000805,5.08000,0.423250,2.21166,0.827060
20000812,0.930000,0.000000,0.000000,0.000000
20000819,22.8600,0.202000,1.26000,0.441627
20000826,30.4800,0.111000,0.942000,0.299043
20000902,29.2100,0.168000,1.08300,0.375215
20000909,17.7800,0.163000,1.05600,0.365229
20000916,0.000000,0.000000,0.000000,0.000000
20000923,90.1700,0.0650000,0.412000,0.143588
20000930,1.27000,0.140000,1.44400,0.434953
20001007,5.08000,0.380000,2.65600,0.895297
20001014,2.54000,0.168000,1.02900,0.363021
20001021,6.35000,0.0860000,0.477000,0.174599
20001028,6.35000,0.0710000,1.44100,0.380609
20001104,27.9400,0.120912,0.694436,0.251417
20001111,16.5100,0.140459,0.829714,0.298292
20001118,10.1600,0.165831,1.00806,0.358131
20001125,20.3200,0.131703,0.768922,0.277370
20001202,1.27000,0.214935,1.64845,0.524927
20001209,33.0200,0.0941625,0.629774,0.215803
20001216,54.6100,0.0590000,0.542000,0.168276
20001223,27.9400,0.0200000,0.470000,0.121685
20001230,12.9200,0.0600000,0.800000,0.227312
20010106,0.000000,0.000000,0.000000,0.000000
20010113,7.62000,0.180000,0.750000,0.309355
20010120,1.27000,0.214935,1.64845,0.524927
20010127,13.9700,0.170000,0.910000,0.337706
20010203,15.2400,0.116642,0.812354,0.275587
20010210,69.8500,0.0835540,0.544208,0.187361
20010217,11.4300,0.430000,1.02000,0.564767
20010224,32.7900,0.140000,0.580000,0.239857
20010303,8.89000,0.140000,0.880000,0.307599
20010310,35.5600,0.470000,1.04000,0.600394
20010317,31.7500,0.150000,1.45000,0.444086
20010324,21.5900,0.160000,0.750000,0.293799
20010331,22.3520,0.150000,0.570000,0.245376
20010407,13.9700,0.700000,1.72000,0.932832
20010414,34.2900,0.120000,0.670000,0.244624
20010421,52.0700,0.200000,0.390000,0.243620
20010428,2.54000,0.464601,1.79330,0.763757
20010505,80.0100,0.100000,0.620000,0.217778
20010512,1.27000,0.650000,2.79000,1.13556
20010519,20.3200,0.190000,0.980000,0.369068
20010526,10.1600,0.318014,1.15692,0.513400
20010602,1.27000,0.270000,1.29000,0.501290
20010609,6.35000,0.560716,2.30526,0.961479
20010616,5.08000,0.598840,2.48742,1.02998
20010623,3.81000,0.200000,1.34000,0.458136
20010630,11.4300,0.700000,2.09000,1.01638
20010707,12.4460,0.640000,2.57000,1.07810
20010714,19.5580,0.220000,1.21000,0.444337
20010721,3.33000,0.850000,7.34000,2.31853
20010728,15.2400,0.150000,1.00000,0.342473
20010804,36.0680,0.660000,1.38000,0.824946
20010811,52.0700,0.240000,1.36000,0.493763
20010818,41.9100,0.360000,0.970000,0.499032
20010825,14.2240,0.270000,1.49000,0.546452
20010901,3.81000,0.720000,2.47000,1.11774
20010908,41.9100,0.0200000,0.350000,0.0945878
20010915,34.2900,0.160000,0.780000,0.300573
20010922,1.65000,0.530000,1.57000,0.766738
20010929,1.27000,0.980000,3.98000,1.66093
20011006,7.62000,0.260000,1.26000,0.486738
20011013,37.0100,0.0900000,0.530000,0.189677
20011020,3.81000,0.250000,1.71000,0.580573
20011027,1.27000,0.287081,1.67049,0.588577
20011103,5.01000,0.140000,0.420000,0.203728
20011110,12.7000,0.150000,0.660000,0.265699
20011117,6.35000,0.220000,1.06000,0.410466
20011124,26.6700,0.0300000,0.300000,0.0910753
20011201,15.2400,0.0900000,0.390000,0.158065
20011208,30.7600,0.0200000,0.410000,0.108136
20011215,8.89000,0.167218,0.916237,0.338374
20011222,5.58000,0.194173,1.08967,0.396352
20011229,10.1600,0.159665,0.868185,0.321944
20020105,6.35000,0.186753,1.04165,0.380487
20020112,43.1800,0.106450,0.536768,0.203535
20020119,10.1600,0.220000,1.09000,0.417240
20020126,13.9700,0.142964,0.762867,0.285281
20020202,11.4300,0.100000,0.770000,0.251649
20020209,6.35000,0.240000,2.24000,0.692473
20020216,8.89000,0.0800000,0.520000,0.179642
20020223,16.5100,0.110000,0.760000,0.257168
20020302,31.7500,0.0900000,0.560000,0.196452
20020309,21.5900,0.0400000,0.370000,0.114659
20020316,21.5900,0.310000,0.850000,0.433047
20020323,5.08000,0.160000,0.780000,0.300573
20020330,3.81000,0.317860,1.50963,0.585915
20020406,1.27000,0.870000,5.48000,1.91409
20020413,15.2400,0.170000,0.470000,0.238351
20020420,15.2400,0.180000,1.23000,0.417742
20020427,16.5100,0.190000,0.780000,0.323907
20020504,3.81000,0.410000,3.47000,1.10244
20020511,25.4000,0.180000,0.870000,0.336452
20020518,15.2400,0.205509,0.909196,0.367728
20020525,25.4000,0.170000,0.720000,0.294803
20020601,16.5100,0.478335,1.64912,0.749907
20020608,1.27000,0.190000,0.570000,0.276487
20020615,0.000000,0.000000,0.000000,0.000000
20020622,5.08000,0.705462,2.59385,1.13988
20020629,6.35000,0.660550,2.40390,1.06406
20020706,13.9700,0.890000,2.14000,1.17545
20020713,3.81000,0.780000,1.81000,1.01538
20020720,15.2400,1.21000,2.21000,1.44014
20020727,6.35000,0.750000,1.97000,1.02817
20020803,24.1300,0.180000,1.18000,0.406452
20020810,3.81000,0.400000,2.66000,0.911756
20020817,5.08000,0.705462,2.59385,1.13988
20020824,6.35000,0.460000,1.90000,0.786810
20020831,7.62000,0.150000,1.37000,0.426022
20020907,8.89000,0.440000,1.39000,0.656093
20020914,26.6700,0.100000,0.460000,0.181649
20020921,10.1600,0.0200000,0.840000,0.205233
20020928,24.1300,0.440000,1.82000,0.753190
20021005,19.0500,0.250000,0.510000,0.309606
20021012,4.98000,0.000000,0.000000,0.000000
20021019,0.000000,0.000000,0.000000,0.000000
20021026,38.3540,0.100000,0.520000,0.195197
20021102,43.1800,0.120000,0.810000,0.276237
20021109,58.4200,0.0300000,0.260000,0.0820430
20021116,15.4100,0.390000,0.730000,0.468172
20021123,17.7800,0.0700000,0.470000,0.160573
20021130,5.20000,0.000000,0.000000,0.000000
20021207,3.81000,0.231714,1.17920,0.444167
20021214,8.89000,0.180435,0.882845,0.341581
20021221,10.7900,0.0300000,0.300000,0.0910753
20021228,8.89000,0.180435,0.882845,0.341581
20030104,36.4600,0.310000,0.610000,0.378853
20030111,5.08000,0.120000,0.480000,0.201720
20030118,12.7000,0.110000,1.36000,0.392652
20030125,28.7500,0.000000,0.000000,0.000000
20030201,25.4000,0.0600000,0.320000,0.118925
20030208,3.81000,0.0400000,1.15000,0.290789
20030215,24.8300,0.0700000,0.360000,0.135735
20030222,19.0500,0.140000,0.330000,0.183405
20030301,46.2400,0.0800000,0.650000,0.208996
20030308,44.4500,0.170000,0.610000,0.269964
20030318,218.080,0.173526,0.545905,0.253595
20030329,26.6700,0.222692,0.741402,0.340916
20030405,11.4300,0.140000,1.30000,0.402437
20030412,0.000000,0.000000,0.000000,0.000000
20030419,61.9400,0.150000,0.620000,0.256667
20030426,29.2100,0.120000,0.450000,0.194946
20030503,30.4800,0.0900000,0.600000,0.205484
20030510,59.6900,0.100000,0.660000,0.226810
20030517,3.81000,0.670000,1.80000,0.927563
20030524,6.35000,0.610000,1.83000,0.887670
20030531,7.62000,0.250000,0.460000,0.298315
20030607,7.62000,0.330000,0.810000,0.439570
20030614,29.2100,0.302545,1.10790,0.485458
20030621,13.9700,0.290000,1.07000,0.467168
20030628,4.57200,0.538999,2.17915,0.912948
20030705,0.000000,0.000000,0.000000,0.000000
20030712,1.27000,0.671929,2.80591,1.14373
20030719,25.4000,0.670000,1.86000,0.941111
20030726,29.0000,0.430000,1.24000,0.614444
20030802,15.2400,0.310000,1.07000,0.482724
20030809,15.2400,0.320000,1.51000,0.589857
20030816,36.8300,0.190000,0.820000,0.332939
20030823,8.89000,0.340000,1.50000,0.603154
20030830,16.5100,0.390000,0.930000,0.513333
20030906,27.9400,0.280000,1.32000,0.515842
20030913,13.9700,0.140000,0.800000,0.289534
20030920,13.9700,0.176928,0.847493,0.331293
20030927,0.000000,0.000000,0.000000,0.000000
20031004,8.89000,0.340000,1.43000,0.587348
20031011,13.9700,0.130000,1.04000,0.335950
20031018,2.77000,0.000000,0.000000,0.000000
20031025,0.000000,0.000000,0.000000,0.000000
20031101,31.7500,0.230000,0.390000,0.266953
20031108,49.5300,0.0400000,0.200000,0.0762724
20031115,35.5600,0.150000,0.530000,0.236344
20031122,19.0500,0.159997,0.752750,0.295992
20031129,13.9700,0.0900000,1.13000,0.325161
20031206,27.9400,0.0200000,0.280000,0.0787814
20031213,13.9700,0.0200000,1.09000,0.261685
20031220,7.62000,0.410000,0.890000,0.519857
20031227,11.4300,0.0500000,0.360000,0.120179
20040103,60.9600,0.0700000,0.300000,0.122186
20040110,6.35000,0.171825,0.917815,0.341147
20040117,7.13000,0.000000,0.000000,0.000000
20040124,10.1600,0.180000,1.15000,0.399677
20040131,21.5900,0.0800000,0.350000,0.141254
20040207,17.7800,0.0600000,0.760000,0.218280
20040214,10.1600,0.130000,0.320000,0.173369
20040221,6.35000,0.260000,1.53000,0.547706
20040228,11.9380,0.840000,1.52000,0.996559
20040306,33.9500,0.180000,0.910000,0.345484
20040313,8.89000,0.120000,0.350000,0.172366
20040320,0.000000,0.000000,0.000000,0.000000
20040327,29.0500,0.180000,0.800000,0.320645
20040403,67.3100,0.900000,1.14000,0.957419
20040410,83.1100,0.210000,0.420000,0.258172
20040417,7.62000,0.341226,1.10910,0.521027
20040424,54.6100,0.120000,0.510000,0.208495
20040501,13.9700,0.120000,1.12000,0.346237
20040508,0.000000,0.000000,0.000000,0.000000
20040515,38.1000,0.200000,1.04000,0.390394
20040522,15.2400,0.230000,1.01000,0.406953
20040529,17.7800,0.260000,0.980000,0.423513
20040605,5.08000,0.428361,1.82507,0.746763
20040612,7.64000,0.377972,1.57890,0.654703
20040619,77.4700,0.150000,1.02000,0.346989
20040626,23.1140,0.170000,0.730000,0.297061
20040703,24.1300,0.210000,0.640000,0.307849
20040710,2.03200,0.140000,1.24000,0.388889
20040717,48.2600,0.260000,1.00000,0.428029
20040724,26.6700,0.240000,1.26000,0.471183
20040731,13.7160,0.308971,1.24786,0.526297
20040807,3.81000,0.0900000,0.630000,0.212258
20040814,1.27000,0.870000,1.90000,1.10570
20040821,43.1800,0.0900000,0.460000,0.173871
20040828,22.8800,0.260000,1.58000,0.558996
20040904,13.9700,0.150000,0.970000,0.335699
20040911,8.89000,0.150000,1.27000,0.403441
20040918,27.9400,0.170000,0.680000,0.285771
20040925,30.4800,0.0600000,0.540000,0.168602
20041002,26.6700,0.180000,0.850000,0.331935
20041009,15.2400,0.290000,1.30000,0.519104
20041016,29.2100,0.0600000,0.410000,0.139247
20041023,18.5420,0.0500000,0.410000,0.131470
20041030,13.9700,0.0200000,0.200000,0.0607168
20041106,0.000000,0.000000,0.000000,0.000000
20041113,25.4000,0.480000,1.88000,0.797849
20041120,10.1600,0.100000,0.880000,0.276487
20041127,62.9800,0.0300000,0.240000,0.0775269
20041204,2.54000,0.169866,1.34804,0.427672
20041211,35.5600,0.0803756,0.561849,0.189655
20041218,0.690000,0.0240000,0.284000,0.0827957
20041225,5.08000,0.0430000,0.430000,0.130541
20050101,14.6600,0.0590000,0.272000,0.107308
20050108,57.1500,0.0160000,0.269000,0.0731864
20050115,21.5900,0.0930000,0.656000,0.220462
20050122,0.000000,0.000000,0.000000,0.000000
20050129,26.6700,0.164000,0.883000,0.326943
20050205,6.35000,0.0380000,0.397000,0.119201
20050212,20.3200,0.0240000,0.202000,0.0642796
20050219,21.5900,0.0240000,0.256000,0.0764731
20050226,7.62000,0.0670000,2.71100,0.664272
20050305,15.2400,0.399000,0.706000,0.469753
20050312,12.7000,0.196000,0.563000,0.279573
20050319,34.2900,0.0440000,0.243000,0.0890932
20050326,22.8600,0.0610000,0.454000,0.149961
20050402,10.1600,0.0540000,0.496000,0.154000
20050409,26.6700,0.0520000,0.520000,0.157864
20050416,0.000000,0.000000,0.000000,0.000000
20050423,44.4500,0.481000,1.04900,0.610982
20050430,57.1500,0.184000,0.484000,0.252401
20050507,31.7500,0.212000,0.891000,0.366082
20050514,30.4800,0.292000,0.652000,0.374337
20050521,0.508000,0.555635,1.82293,0.837523
20050528,35.5600,0.182000,0.648000,0.287878
20050604,50.8000,0.123000,0.605000,0.232280
20050611,20.3200,0.161000,1.10800,0.375416
20050618,1.27000,0.0450000,3.19900,0.757355
20050625,8.89000,0.173000,1.37300,0.444588
20050702,13.9700,0.0730000,0.989000,0.280100
20050709,1.28000,0.000000,0.000000,0.000000
20050716,46.9900,0.622000,1.35700,0.790197
20050723,45.7200,0.308000,0.967000,0.457910
20050730,17.7800,0.238000,1.11300,0.436434
20050806,44.4500,0.120000,0.561000,0.220011
20050813,27.9400,0.0980000,0.586000,0.208545
20050820,5.35000,0.379000,1.71700,0.682487
20050827,2.54000,0.360000,1.95200,0.720774
20050903,0.000000,0.000000,0.000000,0.000000
20050910,9.65200,0.127000,0.951000,0.313520
20050917,5.58800,0.182000,1.62000,0.507362
20050924,12.7000,0.0140000,0.404000,0.102115
20051001,23.6220,0.103000,0.367000,0.162982
20051008,57.0700,0.0650000,0.255000,0.108136
20051015,0.000000,0.000000,0.000000,0.000000
20051022,11.4300,0.345000,0.935000,0.479462
20051029,11.4300,0.00500000,0.122000,0.0314373
20051105,17.7800,0.0890000,0.545000,0.192287
20051112,66.0400,0.0830000,0.311000,0.134781
20051119,9.65200,0.0270000,0.451000,0.122839
20051126,8.05000,0.0150000,0.627000,0.153247
20051207,109.430,0.0536857,0.494878,0.153511
20051217,7.62000,0.0140000,0.202000,0.0565018
20051224,7.62000,0.0991674,1.02796,0.307617
20051231,11.4300,0.0862696,0.873906,0.264788
20060107,24.1300,0.0900000,0.999000,0.295581
20060114,10.6680,0.0710000,0.727000,0.219384
20060121,28.4480,0.0200000,0.451000,0.117394
20060128,20.3200,0.0340000,0.433000,0.124219
20060204,25.4000,0.123000,0.781000,0.272022
20060211,5.08000,0.0510000,0.773000,0.214215
20060218,26.6700,0.0440000,1.45900,0.363674
20060225,0.000000,0.000000,0.000000,0.000000
20060304,6.35000,0.0420000,0.251000,0.0893441
20060311,27.9400,0.0850000,0.575000,0.195950
20060318,34.2900,0.170000,0.738000,0.298867
20060325,19.4800,0.0260000,0.683000,0.174448
20060401,10.5700,0.0390000,0.680000,0.183882
20060408,12.1800,0.0440000,0.217000,0.0832222
20060415,13.6100,0.252978,0.831011,0.388001
20060422,21.9500,0.213000,0.839000,0.355118
20060429,31.8500,0.000000,0.000000,0.000000
20060506,43.1800,0.186695,0.578634,0.274108
20060513,0.000000,0.000000,0.000000,0.000000
20060520,43.1800,0.186695,0.578634,0.274108
20060527,15.2400,0.243499,0.794541,0.371898
20060603,5.76000,0.000000,0.000000,0.000000
20060610,7.62000,0.439061,1.67315,0.724879
20060617,1.51000,0.626192,2.51807,1.04654
20060624,1.77800,0.613840,2.46141,1.02564
20060701,14.7320,0.351000,1.26500,0.558645
20060708,45.7200,0.131000,0.408000,0.194018
20060715,10.1600,0.397991,1.49240,0.652462
20060722,17.9700,0.417000,1.47700,0.657849
20060729,10.1600,0.309000,1.26600,0.526204
20060805,2.69000,0.176000,0.931000,0.347115
20060812,1.27000,0.247000,3.74400,1.03753
20060819,20.8280,0.373000,2.31300,0.812401
20060826,13.4620,0.280000,1.17600,0.483326
20060902,2.03200,0.700000,4.12500,1.47590
20060909,31.7500,0.366000,0.881000,0.483602
20060916,13.9700,0.379000,1.84600,0.711617
20060923,26.4160,1.02400,2.72700,1.41222
20060930,0.000000,0.0840000,0.410000,0.157914
20061007,8.89000,0.122000,0.616000,0.233986
20061014,6.85800,0.281252,1.21554,0.495688
20061021,58.4200,0.156871,0.608944,0.257597
20061028,69.8500,0.153452,0.592594,0.250910
20061104,15.2400,0.240000,1.45200,0.514538
20061111,35.5600,0.170300,0.673159,0.283851
20061118,10.1600,0.246355,1.04196,0.430267
20061125,8.89000,0.258008,1.09963,0.452224
20061202,21.5900,0.0594841,0.630044,0.189407
20061209,8.89000,0.0798323,0.890085,0.262243
20061216,46.1400,0.0720000,0.544000,0.178839
20061223,75.6200,0.0470682,0.474509,0.143989
20061230,41.1400,0.0512543,0.526872,0.159330
20070106,38.1000,0.0519864,0.536032,0.162013
20070113,16.5100,0.0500000,0.698000,0.196502
20070120,11.4300,0.0731555,0.803846,0.238609
20070203,26.6700,0.0562166,0.589006,0.177493
20070210,16.5100,0.156000,1.27200,0.408559
20070217,46.4000,0.0950000,0.562000,0.200792
20070224,15.7100,0.0700000,0.769000,0.228090
20070303,33.8100,0.116000,0.429000,0.187093
20070310,15.2400,0.119000,0.637000,0.236394
20070317,0.000000,0.000000,0.000000,0.000000
20070324,38.9500,0.316000,0.760000,0.417391
20070331,22.8600,0.142000,0.601000,0.246154
20070407,31.7500,0.216000,0.795000,0.347516
20070414,32.2100,0.430000,0.456000,0.437412
20070421,33.0200,0.256000,0.876000,0.396918
20070428,1.27000,0.216000,0.780000,0.344129
20070505,30.4800,0.288000,0.944000,0.437161
20070512,5.17000,0.389352,1.32801,0.606583
20070519,6.35000,0.366362,1.23777,0.569147
20070526,17.7800,0.302000,1.08900,0.480792
20070602,15.9300,0.278000,0.743000,0.383996
20070609,15.2400,0.354253,1.26765,0.566266
20070616,1.01600,0.665762,2.63076,1.10024
20070623,5.33400,0.501946,1.90257,0.823897
20070630,1.52400,0.640314,2.51635,1.05779
20070707,13.2080,0.655000,1.55400,0.860348
20070714,3.81000,0.756000,1.66900,0.964871
20070721,5.08000,0.508909,1.93307,0.835811
20070728,15.2400,0.263000,0.929000,0.414330
20070804,21.5900,0.970000,2.02900,1.21261
20070811,12.4460,0.100000,0.633000,0.220713
20070818,35.3060,0.209000,1.05300,0.400330
20070825,12.1920,0.399000,1.36400,0.618333
20070901,14.2240,0.402000,1.67800,0.691570
20070908,34.2900,0.213000,0.856000,0.358957
20070915,36.0680,0.0730000,0.512000,0.172391
20070922,17.2720,0.0770000,0.280000,0.123115
20070929,36.0680,0.0910000,0.614000,0.209423
20071006,2.54000,0.00700000,0.415000,0.0991541
20071013,30.4800,0.0340000,0.453000,0.128735
20071020,22.8600,0.232765,0.934146,0.393316
20071027,0.000000,0.000000,0.000000,0.000000
20071103,5.08000,0.378625,1.65004,0.668113
20071110,0.508000,0.515869,2.35195,0.916176
20071117,3.81000,0.407649,1.79662,0.721224
20071124,18.5420,0.169000,0.556000,0.256993
20071201,29.2100,0.0200000,0.447000,0.116491
20071208,58.4200,0.0360000,0.392000,0.116516
20071215,16.5100,0.0675529,0.503348,0.167038
20071221,8.63600,0.0843603,0.652877,0.213032
20071228,40.1320,0.0538682,0.384117,0.128743
20080105,38.1000,0.0130000,0.116000,0.0363047
20080112,24.1300,0.0400000,0.224000,0.0816918
20080119,18.2880,0.0440000,0.947000,0.248061
20080126,46.9900,0.0524314,0.371661,0.124698
20080202,26.9240,0.0586808,0.425876,0.142274
20080209,48.2600,0.0522101,0.369743,0.124075
20080216,18.5420,0.0651167,0.481985,0.160269
20080223,25.4000,0.0440000,0.461000,0.138319
20080301,4.82600,0.0540000,0.594000,0.176129
20080308,10.6680,0.310538,0.936855,0.458195
20080315,36.3220,0.217432,0.614250,0.306379
20080322,9.39800,0.324540,0.986318,0.480562
20080329,71.8820,0.196119,0.541347,0.271123
20080405,53.8480,0.203411,0.566290,0.283188
20080412,29.2100,0.580000,1.55100,0.801337
20080419,19.5580,0.126000,0.753000,0.268032
20080426,9.39800,0.405000,1.21700,0.589806
20080503,30.7340,0.119000,0.504000,0.206362
20080510,66.8020,0.320000,0.656000,0.397018
20080517,6.09600,0.0970000,0.437000,0.174122
20080524,26.9240,0.232404,0.665523,0.331109
20080531,0.000000,0.000000,0.000000,0.000000
20080607,30.4800,0.100000,0.628000,0.219584
20080614,2.54000,0.525586,1.98650,0.854966
20080621,3.30200,0.499578,1.87415,0.811713
20080628,0.762000,0.599857,2.31026,0.977391
20080705,5.84200,0.431614,1.58347,0.697564
20080712,1.01600,0.587914,2.25792,0.957804
20080719,24.8920,0.614000,1.26300,0.762749
20080726,8.89000,0.457000,2.09200,0.827832
20080802,0.508000,0.612303,2.36489,0.997764
20080809,22.0980,0.311000,0.963000,0.459341
20080816,55.3720,0.0500000,0.350000,0.117921
20080823,14.2240,0.293000,1.53400,0.574276
20080830,4.31800,0.111000,0.545000,0.209398
20080906,5.08000,0.674000,3.03400,1.20932
20080913,42.6720,0.161000,0.671000,0.276738
20080920,18.7960,0.207000,0.983000,0.382968
20080927,0.000000,0.000000,0.000000,0.000000
20081004,6.60400,0.202000,1.33200,0.457885
20081011,6.35000,0.0410000,0.256000,0.0896953
20081018,5.84200,0.187000,1.07100,0.387283
20081025,10.9220,0.155000,0.585000,0.252652
20081101,6.09600,0.0810000,0.289000,0.128258
20081108,18.5420,0.0990000,0.876000,0.274806
20081115,13.9700,0.195000,0.480000,0.260054
20081122,0.508000,0.345955,1.84379,0.670418
20081129,29.2100,0.0950000,0.395000,0.163082
20081206,28.1940,0.0770000,0.372000,0.143889
20081213,17.4600,0.0657213,0.478438,0.159957
20081220,34.9300,0.0548067,0.385245,0.129822
20081227,27.1780,0.0579877,0.412306,0.138642
20090103,11.9380,0.0746728,0.555903,0.184313
20090110,68.3260,0.0210000,0.231000,0.0684946
20090117,0.762000,0.131718,1.07025,0.333250
20090124,87.8840,0.0150000,0.0890000,0.0317634
20090131,24.1300,0.0540000,0.221000,0.0919032
20090207,21.0820,0.208000,0.977000,0.382391
20090214,33.7820,0.0960000,0.510000,0.189828
20090221,27.4320,0.0700000,0.493000,0.165767
20090228,13.9700,0.253000,1.10000,0.445165
20090307,22.8600,0.184000,0.755000,0.313595
20090314,2.28600,0.365092,1.27890,0.571726
20090321,17.0180,0.205937,0.657867,0.310962
20090328,46.7360,0.0740000,0.243000,0.112427
20090404,39.8780,0.139000,0.345000,0.186014
20090411,18.0340,0.158000,0.426000,0.219082
20090418,158.242,0.143203,0.423611,0.203366
20090425,31.7500,0.173819,0.537607,0.256055
20090502,45.4660,0.162274,0.494609,0.236192
20090509,24.1300,0.185805,0.582328,0.276627
20090516,0.508000,0.417874,1.49199,0.655306
20090523,20.3200,0.194993,0.616723,0.292337
20090530,17.5260,0.142000,0.732000,0.275735
20090606,17.2720,0.228000,0.786000,0.354817
20090613,38.6080,0.138000,0.554000,0.232430
20090619,19.5580,0.200000,0.916000,0.362394
20090626,26.9240,0.0530000,0.518000,0.158190
20090704,39.1160,0.156000,0.595000,0.255688
20090711,10.4140,0.403000,1.29900,0.606767
20090718,1.27000,0.439133,1.85317,0.751586
20090725,18.0340,0.289000,1.00500,0.451713
20090801,13.7160,0.177000,0.509000,0.252602
20090807,2.03200,0.414960,1.73710,0.709707
20090814,6.35000,0.320555,1.29065,0.543672
20090822,7.62000,0.417000,1.49300,0.661462
20090829,3.30200,0.522000,2.07600,0.874774
20090901,0.000000,0.000000,0.000000,0.000000
20090905,3.30200,0.570000,1.56600,0.796946
20090912,8.12800,0.183351,0.831439,0.332273
20090919,16.5100,0.402000,0.921000,0.520634
20090926,1.44000,0.296000,1.36300,0.537996
20091003,27.1780,0.124656,0.528082,0.216512
20091010,27.1780,0.242000,1.09100,0.434577
20091017,19.0500,0.0830000,0.459000,0.168201
20091024,23.9900,0.204000,1.02900,0.391022
20091031,40.3860,0.0220000,0.254000,0.0744660
20091107,0.254000,0.295152,1.43705,0.542555
20091114,23.6220,0.158000,0.654000,0.270566
20091121,15.7480,0.0750000,0.900000,0.261559
20091128,0.000000,0.000000,0.000000,0.000000
20091205,33.7820,0.0657397,0.403595,0.142414
20091212,49.7840,0.0613061,0.370734,0.131169
20091219,6.09600,0.111457,0.750870,0.255343
20091226,27.6860,0.0687642,0.426036,0.150074
20100102,20.0660,0.0750146,0.472564,0.165843
20100109,14.2240,0.0837452,0.538101,0.187667
20100116,0.508000,0.160161,1.13820,0.370184
20100123,21.3360,0.0490000,0.452000,0.140176
20100130,12.9540,0.138000,0.871000,0.304011
20100206,8.89000,0.230000,1.33900,0.481244
20100213,26.9240,0.0890000,0.496000,0.181222
20100220,37.3380,0.0730000,0.473000,0.163584
20100227,8.63600,0.0470000,1.53800,0.383846
20100306,23.3680,0.116000,0.441000,0.189803
20100313,10.9220,0.854000,1.20200,0.935642
20100320,29.7180,0.105000,0.548000,0.205409
20100327,30.9880,0.162000,0.249000,0.182226
20100403,81.0260,0.109000,0.356000,0.165165
20100410,16.5100,0.151430,0.633370,0.262561
20100417,5.58800,0.143000,0.830000,0.298642
20100424,67.3100,0.111841,0.439972,0.184773
20100501,87.8840,0.108760,0.424979,0.178690
20100508,25.1460,0.133841,0.547102,0.228157
20100515,72.6440,0.0790000,0.431000,0.158767
20100522,16.0020,0.134000,1.34000,0.406803
20100529,0.000000,0.000000,0.000000,0.000000
20100605,2.03200,0.434068,1.89526,0.759070
20100612,55.1180,0.149000,0.420000,0.210728
20100619,0.000000,0.000000,0.000000,0.000000
20100626,2.03200,0.434068,1.89526,0.759070
20100703,9.39800,0.387000,1.33300,0.602000
20100710,31.7500,0.202000,0.852000,0.349498
20100717,11.6840,0.466000,1.32600,0.661864
20100724,12.1920,0.292000,1.28000,0.516143
20100731,70.8660,0.166000,0.636000,0.272724
20100807,32.2580,0.199000,0.840000,0.344455
20100810,0.000000,0.000000,0.000000,0.000000
20100814,7.87400,0.0690000,0.324000,0.126828
20100821,9.14400,0.0850000,0.395000,0.155305
20100828,5.84200,0.0910000,0.725000,0.234487
20100904,0.000000,0.000000,0.000000,0.000000
20100911,11.1760,0.0600000,0.198000,0.0913763
20100918,1.01600,0.425000,1.66400,0.706298
20100925,15.4940,0.0640000,0.300000,0.117520
20101002,0.000000,0.000000,0.000000,0.000000
20101009,32.0040,0.206000,0.469000,0.266125
20101016,14.2240,0.212000,0.685000,0.319566
20101023,86.5500,0.0360000,0.102000,0.0510323
20101030,25.9700,0.104217,0.443812,0.181636
20101106,3.81000,0.188788,0.888666,0.346272
20101113,43.6880,0.0933977,0.388824,0.159801
20101120,47.4980,0.0220000,0.135000,0.0475950
20101127,20.3200,0.0250000,0.370000,0.102993
20101204,35.5600,0.0880255,0.398778,0.158313
20101211,32.2580,0.0898378,0.408716,0.162133
20101218,122.428,0.0754375,0.329791,0.131754
20101225,17.0180,0.106807,0.502237,0.197699
20110101,20.4400,0.100956,0.469860,0.185492
20110108,14.7320,0.0800000,0.492000,0.173319
20110115,61.4680,0.0320000,0.114000,0.0506308
20110122,58.2500,0.0811161,0.360909,0.143737
20110129,5.58800,0.0680000,0.606000,0.189728
20110205,50.5800,0.0250000,0.204000,0.0655090
20110212,11.9380,0.120368,0.577958,0.225719
20110219,37.8460,0.0869550,0.392909,0.156055
20110226,67.3100,0.127000,0.885000,0.298616
20110305,33.2740,0.0940000,0.480000,0.181498
20110312,37.0840,0.130000,0.573000,0.230498
20110319,48.2600,0.0560000,0.436000,0.142007
20110326,54.8640,0.0580000,0.385000,0.132047
20110402,82.8040,0.138000,0.772000,0.281656
20110409,44.7040,0.134000,0.505000,0.218254
20110416,91.4500,0.229000,0.567000,0.306143
20110423,93.2700,0.120878,0.460855,0.195895
20110430,35.1900,0.0780000,0.370000,0.144215
20110507,34.5440,0.279000,2.19600,0.712871
20110514,52.8320,0.158000,0.276000,0.185211
20110521,88.5400,0.0580000,0.417000,0.139272
20110528,46.4820,0.131561,0.511643,0.216721
20110604,0.000000,0.000000,0.000000,0.000000
20110611,1.27000,0.546229,2.26299,0.925958
20110618,43.9420,0.191000,0.712000,0.309330
20110625,0.254000,0.266000,1.73100,0.597760
20110702,23.1140,0.260999,0.959302,0.420939
20110709,20.5740,0.222000,0.704000,0.331634
20110716,38.1000,0.333000,1.35700,0.565419
20110723,0.508000,0.425000,2.51800,0.899136
20110730,10.4140,0.353000,1.29900,0.567878
20110806,2.28600,0.272000,2.02200,0.668136
20110813,1.01600,0.224000,1.59200,0.533706
20110820,4.57200,0.364000,2.80600,0.916724
20110827,14.4780,0.349000,1.64600,0.643122
20110903,11.6840,0.342000,1.13000,0.521161
20110910,33.0200,0.0340000,0.278000,0.0892186
20110917,36.0680,0.0500000,0.315000,0.110018
20110924,1.52400,0.532000,1.16200,0.676165
20111001,3.04800,0.199050,0.858051,0.347122
20111008,23.1140,0.0810000,0.455000,0.165742
20111015,25.9080,0.0780000,0.777000,0.236118
20111022,1.52400,0.735000,3.21000,1.29651
20111029,23.6220,0.0530000,0.133000,0.0712545
20111105,37.3380,0.154000,0.529000,0.239229
20111112,39.3700,0.00800000,0.175000,0.0457384
20111119,34.0360,0.119000,0.499000,0.205233
20111126,10.9220,0.169000,0.280000,0.194670
20111203,30.4800,0.102000,0.652000,0.226559
20111210,1.77800,0.123000,0.370000,0.179215
20111217,1.01600,0.200924,0.955931,0.366271
20111224,23.6220,0.0520000,0.320000,0.112703
20111231,15.2400,0.103000,0.347000,0.158466
20120107,16.5100,0.0360000,0.229000,0.0797097
20120114,19.0500,0.101000,0.489000,0.188975
20120121,57.9120,0.0870000,0.293000,0.133828
20120128,12.1920,0.118000,0.376000,0.176681
20120204,33.5280,0.199000,0.216000,0.203552
20120211,36.5760,0.0740000,0.286000,0.122136
20120218,18.2880,0.109000,0.649000,0.231326
20120225,79.5020,0.148000,0.329000,0.189401
20120303,34.0360,0.0480000,0.375000,0.122011
20120310,0.000000,0.000000,0.000000,0.000000
20120317,11.4300,0.00900000,0.476000,0.114484
20120324,0.000000,0.000000,0.000000,0.000000
20120331,20.0660,0.585000,0.688000,0.610355
20120407,0.508000,0.0880000,0.254000,0.125799
20120414,36.0680,0.352000,0.787000,0.451487
20120421,11.9380,0.0540000,0.224000,0.0925806
20120428,15.2400,0.293000,2.14100,0.711340
20120505,25.9080,0.208321,0.652324,0.309674
20120512,8.89000,0.293682,0.977201,0.453694
20120519,13.9700,0.195000,1.20700,0.424215
20120526,27.4320,0.205373,0.641291,0.304609
20120602,8.89000,0.189000,0.764000,0.319516
20120609,0.000000,0.000000,0.000000,0.000000
20120616,0.508000,0.756850,2.63640,1.17304
20120623,0.000000,0.000000,0.000000,0.000000
20120630,8.38200,0.475160,1.54339,0.725567
20120707,38.1000,0.369000,1.01600,0.516419
20120714,7.11200,0.760000,2.33300,1.11792
20120721,4.57200,0.501000,2.19800,0.885989
20120728,44.1960,0.260000,0.876000,0.400029
20120804,7.62000,0.283000,1.41900,0.540530
20120811,1.52400,0.683000,1.83500,0.945577
20120818,0.000000,0.000000,0.000000,0.000000
20120825,10.4140,0.408000,1.20700,0.589882
20120901,18.7960,0.358000,1.48300,0.613315
20120908,5.58800,0.485000,1.64800,0.749351
20120915,30.2260,0.127000,0.526000,0.217552
20120922,6.09600,0.482000,1.41600,0.694631
20120929,38.1000,0.145000,0.336000,0.188649
20121006,1.77800,0.267000,1.48900,0.543893
20121013,22.6060,0.123000,0.302000,0.163860
20121020,11.1760,0.161235,0.657427,0.276163
20121027,22.3520,0.0860000,0.472000,0.173470
20121103,0.000000,0.000000,0.000000,0.000000
20121110,22.0980,0.0370000,0.190000,0.0716810
20121117,6.85800,0.104000,0.256000,0.138695
20121124,0.000000,0.000000,0.000000,0.000000
20121204,43.9420,0.0786879,0.311084,0.130856
20121215,37.3380,0.0580000,0.136000,0.0758208
20121222,28.4480,0.0900000,0.410000,0.162581
20121229,8.63600,0.0980000,1.83600,0.490803
20130105,0.762000,0.197383,0.910348,0.353253
20130112,16.0020,0.0560000,0.222000,0.0936846
20130119,0.000000,0.000000,0.000000,0.000000
20130126,17.7800,0.0560000,0.324000,0.116717
20130202,41.9100,0.0990000,0.308000,0.146548
20130209,16.5100,0.0390000,0.283000,0.0942366
20130216,20.5740,0.132000,0.505000,0.216699
20130223,17.5260,0.0760000,0.364000,0.141305
20130302,23.3680,0.0970000,0.225000,0.126251
20130309,27.6860,0.155000,0.455000,0.223297
20130316,20.0660,0.540000,2.03200,0.878839
20130323,34.5440,0.154000,0.351000,0.199036
20130330,21.8440,0.449000,1.40000,0.665351
20130406,45.2120,0.392000,0.649000,0.451437
20130416,214.376,0.216063,0.482032,0.270337
20130427,17.7800,0.310795,0.749676,0.414004
20130504,67.0560,0.235143,0.535803,0.299362
20130511,69.3420,0.607000,0.668000,0.622950
20130518,8.38200,0.401468,1.01179,0.548150
20130528,20.8280,0.296247,0.708314,0.392101
20130608,0.762000,0.597000,2.64600,1.06182
20130615,2.54000,0.580206,1.76943,0.853025
20130622,0.000000,0.000000,0.000000,0.000000
20130629,9.14400,0.675000,1.11500,0.776774
20130706,36.5760,0.282000,0.574000,0.348946
20130713,21.5900,0.434000,0.859000,0.531523
20130720,9.90600,0.254000,1.12300,0.451136
20130727,25.9080,0.211000,0.678000,0.317208
20130803,3.55600,0.542648,1.63862,0.796526
20130810,10.6680,0.637000,1.23100,0.773412
20130817,6.35000,1.14800,0.721000,1.05570
20130824,18.0340,0.193000,0.757000,0.321047
20130831,26.4160,0.287000,0.910000,0.428706
20130907,28.9560,0.448000,1.25800,0.632509
20130915,156.210,0.116719,0.406972,0.179939
20130922,31.4960,0.0630000,0.325000,0.122387
20130927,23.1140,0.0430000,0.165000,0.0707025
20131008,51.5620,0.129594,0.463459,0.203993
20131019,18.2880,0.200000,0.354000,0.235491
20131026,0.000000,0.000000,0.000000,0.000000
20131102,45.2120,0.0590000,0.586000,0.178211
20131109,1.52400,0.314306,1.30788,0.534668
20131116,42.6720,0.0880000,0.302000,0.136638
20131123,24.1300,0.0610000,0.194000,0.0912509
20131204,63.2460,0.0671533,0.297861,0.118710
20131214,2.03200,0.161318,0.833461,0.309653
20131221,32.7660,0.0580000,0.727000,0.209272
20131228,13.7160,0.0490000,0.430000,0.135208
20140104,57.6580,0.0670000,0.265000,0.111950
20140111,66.2940,0.0667695,0.295759,0.117901
20140118,3.55600,0.145576,0.740891,0.278812
20140125,28.9560,0.141000,0.586000,0.241989
20140201,58.9280,0.0450000,0.179000,0.0754194
20140208,124.580,0.0630000,0.296000,0.115839
20140215,84.5820,0.0650476,0.286329,0.114269
20140222,48.7680,0.0696314,0.311433,0.123937
20140301,52.3600,0.340000,0.953000,0.479638
20140308,39.6240,0.151000,0.342000,0.194670
20140315,17.5260,0.279409,0.692122,0.376392
20140322,23.1140,0.177000,1.14100,0.395312
20140329,61.4680,0.212699,0.498557,0.274250
20140405,32.2580,0.115000,0.283000,0.153348
20140412,44.9580,0.184000,0.312000,0.213563
20140419,4.57200,0.432192,1.15071,0.602137
20140426,28.9560,0.125000,0.358000,0.178061
20140503,4.06400,0.445298,1.19100,0.621038
20140510,71.6280,0.140000,0.338000,0.185211
20140517,14.9860,0.439000,1.43700,0.665928
20140524,39.1160,0.419000,0.677000,0.478760
20140531,14.7320,0.295720,0.739964,0.401064
20140607,6.35000,0.418377,1.22289,0.608013
20140614,5.08000,0.446824,1.31952,0.651333
20140621,3.55600,0.488743,1.46310,0.714646
20140628,4.57200,0.459755,1.36367,0.670927
20140705,6.35000,0.418377,1.22289,0.608013
20140712,8.89000,0.306000,0.848000,0.429484
20140719,13.9700,0.320278,0.895603,0.455875
20140726,29.9720,0.419000,0.861000,0.520308
20140802,74.1680,0.0440000,0.256000,0.0920287
20140809,14.2240,0.351000,0.907000,0.477806
20140816,11.6840,0.246000,0.684000,0.345785
20140823,20.8280,0.165000,0.612000,0.266527
20140830,22.0980,0.265000,0.925000,0.414982
20140906,15.4940,0.265000,0.862000,0.400756
20140913,27.4320,0.0660000,0.249000,0.107559
20140920,28.7020,0.115000,0.330000,0.163961
20140927,32.5120,0.134000,0.289000,0.169480
20141004,21.3360,0.0500000,0.171000,0.0775018
20141011,23.3680,0.175000,0.338000,0.212434
20141018,0.000000,0.000000,0.000000,0.000000
20141025,27.9400,0.180000,0.398000,0.229871
20141101,8.89000,0.214838,0.705204,0.329745
20141111,55.1180,0.131666,0.394361,0.189615
20141122,42.9260,0.0410000,0.150000,0.0657599
20141129,61.7220,0.280000,1.59100,0.577036
20141206,2.54000,0.173680,0.776559,0.308275
20141213,18.5420,0.126000,1.58800,0.456581
20141220,67.5640,0.0250000,0.132000,0.0492509
20141227,33.5280,0.0831828,0.328439,0.138661
20150103,23.6220,0.0440000,0.226000,0.0852545
20150110,4.82600,0.0620000,0.165000,0.0854803
20150117,14.9860,0.152000,0.662000,0.267706
20150124,14.2240,0.102000,0.356000,0.159720
20150131,30.9880,0.209000,0.938000,0.374362
20150207,56.1340,0.0630000,0.173000,0.0880645
20150214,17.5260,0.0590000,0.182000,0.0869857
20150221,31.7500,0.123000,0.276000,0.157989
20150228,57.9120,0.106000,0.310000,0.152444
20150307,13.7160,0.0800000,0.237000,0.115738
20150314,6.60400,0.0910000,0.488000,0.180971
20150321,20.8280,0.427000,0.917000,0.539176
20150328,10.9220,0.122000,0.240000,0.149082
20150404,14.7320,0.158000,0.686000,0.277792
20150411,5.33400,0.176000,0.603000,0.273050
20150418,126.492,0.158471,0.409437,0.211691
20150425,25.1460,0.196000,0.458000,0.255864
20150502,13.2080,0.432000,1.20600,0.608323
20150509,56.1340,0.0670000,0.335000,0.127756
20150516,43.6880,0.120000,0.452000,0.195398
20150523,46.9900,0.141000,0.708000,0.269538
20150530,11.6840,0.210000,0.750000,0.332688
20150606,3.30200,0.282000,0.996000,0.444237
20150613,17.0180,0.328000,1.00100,0.481143
20150620,3.04800,0.267000,1.32900,0.507763
20150627,1.52400,0.581025,1.79333,0.855773
20150704,22.8600,0.123000,0.478000,0.203602
20150711,36.3220,0.0710000,0.312000,0.125674
20150718,7.62000,0.300000,1.11300,0.484656
20150725,0.508000,0.139000,0.811000,0.291240
20150801,5.58800,1.07400,1.65700,1.20949
20150808,0.000000,0.000000,0.000000,0.000000
20150815,12.1920,0.400000,1.92000,0.744659
20150822,0.508000,0.629177,1.96368,0.927251
20150829,14.9860,0.202000,0.597000,0.291918
20150905,19.8120,0.0780000,0.309000,0.130441
20150912,6.60400,0.168000,0.425000,0.226634
20150919,8.63600,0.177000,0.436000,0.236118
20150926,1.52400,0.446000,1.70300,0.731437
20151003,5.58800,0.330000,0.981000,0.478183
20151010,7.87400,0.130000,0.418000,0.195498
20151017,2.54000,0.0550000,0.356000,0.123165
20151024,40.3860,0.0930000,0.192000,0.115688
20151031,14.7320,0.0950000,0.362000,0.155631
20151107,28.9560,0.0320000,0.140000,0.0565018
20151114,53.3400,0.431000,0.506000,0.449480
20151121,37.3380,0.0560000,0.135000,0.0740394
20151128,36.5760,0.150000,0.476000,0.224151
20151205,6.85800,0.159349,0.568080,0.254238
20151212,36.5760,0.117000,0.537000,0.212258
20151219,40.6400,0.0940576,0.305017,0.141289
20151226,42.4300,0.0933399,0.302186,0.140018
20160102,1.01600,0.228096,0.857950,0.367787
20160109,8.12800,0.130000,0.365000,0.183530
20160116,42.4180,0.0910000,0.314000,0.141681
20160123,13.2080,0.0790000,0.439000,0.160573
20160202,72.6440,0.0865604,0.275446,0.128017
20160213,47.4980,0.160000,0.177000,0.164412
20160220,28.4480,0.0920000,0.185000,0.113330
20160227,7.36600,0.247000,0.568000,0.320369
20160305,25.1460,0.0920000,0.238000,0.125297
20160312,32.7660,0.197000,0.485000,0.262738
20160319,39.6240,0.146000,0.335000,0.189201
20160326,35.3060,0.176000,0.270000,0.197857
20160402,14.2240,0.570000,1.07700,0.686527
20160409,9.90600,0.344000,0.681000,0.421330
20160416,73.9140,0.144294,0.340127,0.186099
20160423,24.6380,0.309000,0.976000,0.460720
20160430,35.3060,0.161379,0.390070,0.212480
20160507,61.9760,0.147305,0.348926,0.190748
20160514,28.4480,0.0830000,0.393000,0.153297
20160521,6.09600,0.158000,0.585000,0.254986
20160528,5.84200,0.347000,0.842000,0.460018
20160604,1.52400,0.755069,1.96666,1.03484
20160611,13.7160,0.371000,0.927000,0.497878
20160618,0.000000,0.000000,0.000000,0.000000
20160625,9.39800,0.204000,0.790000,0.337054
20160702,22.8600,0.206000,0.583000,0.291867
20160709,1.27000,0.769768,2.01042,1.05520
20160716,1.01600,0.374000,1.37200,0.600695
20160723,8.89000,0.412000,1.21300,0.594348
20160730,1.77800,0.421000,1.07500,0.570186
20160806,13.9700,0.735000,1.61800,0.937021
20160813,11.4300,0.235000,0.912000,0.388713
20160820,7.36600,0.484000,1.15800,0.637928
20160827,18.5420,0.820000,1.03700,0.871939
20160903,12.7000,0.126000,0.375000,0.182677
20160910,4.31800,0.697000,0.898000,0.744885
20160917,2.28600,0.273000,1.04600,0.448527
20160924,5.58800,0.0190000,0.229000,0.0664875
20161001,11.1760,0.112000,0.302000,0.155305
20161008,25.9080,0.196000,0.682000,0.306444
20161015,24.8920,0.196000,0.512000,0.268057
20161022,10.1600,0.148000,0.338000,0.191434
20161029,11.1760,0.117000,0.249000,0.147226
20161105,8.89000,0.166000,0.574000,0.258724
20161112,0.508000,0.387876,1.04205,0.536218
20161119,37.3380,0.156029,0.360593,0.201468
20161126,20.8280,0.100000,0.275000,0.139875
20161203,13.4620,0.134955,0.398993,0.197026
20161210,77.9780,0.0916014,0.250701,0.126045
20161217,97.7900,0.0896853,0.244189,0.122885
20161224,34.7980,0.103333,0.290574,0.145394
20161231,44.7040,0.0940000,0.260000,0.131821
20170110,221.590,0.0854719,0.229870,0.115934
20170121,35.0520,0.103180,0.290053,0.145141
20170128,17.0180,0.0920000,0.530000,0.191233
20170204,65.2780,0.138000,0.389000,0.195172
20170211,71.8820,0.0730000,0.238000,0.110520
20170218,8.38200,0.162000,0.385000,0.212935
20170225,97.2820,0.115000,0.314000,0.160348
20170304,46.2280,0.0710000,0.259000,0.113706
20170311,4.82600,0.332911,0.796326,0.444352
20170318,0.000000,0.000000,0.000000,0.000000
20170325,26.4160,0.156000,0.499000,0.234011
20170401,34.2900,0.199000,0.285000,0.219133
20170408,28.7020,0.0820000,0.240000,0.117971
20170415,0.000000,0.000000,0.000000,0.000000
20170422,52.3240,0.169922,0.360444,0.210894
20170429,51.3080,0.210000,0.238000,0.217075
20170506,16.5100,0.266000,0.516000,0.323405
20170513,14.7320,0.0810000,0.281000,0.126452
20170519,124.968,0.147000,0.252000,0.171237
20170526,37.5500,0.249000,0.360000,0.274957
20170603,4.80000,0.309000,0.820000,0.425495
20170610,2.79400,0.240000,0.646000,0.332538
20170617,0.000000,0.000000,0.000000,0.000000
20170624,0.254000,0.899158,2.16331,1.18877
20170701,2.54000,0.755805,1.77437,0.997449
20170708,5.84200,0.620671,1.41438,0.813814
20170715,6.09600,0.668000,1.29800,0.812652
20170722,23.3680,0.458000,0.918000,0.563513
20170729,32.2580,0.230000,0.548000,0.302631
20170805,40.8940,0.492000,0.722000,0.545699
20170812,47.4980,0.330000,0.678000,0.409763
20170819,1.52400,0.322000,0.748000,0.419348
20170826,7.62000,0.469000,1.11700,0.617004
20170902,3.04800,0.686000,1.53000,0.879039
20170909,11.1760,0.392000,0.757000,0.475824
20170916,18.0340,0.393000,0.964000,0.523344
20170923,23.8760,0.0580000,0.213000,0.0932079
20170930,79.7560,0.195000,0.562000,0.278570
20171007,17.0180,0.234000,0.201000,0.227387
20171014,1.01600,0.345358,1.01010,0.495817
20171021,5.08000,0.182000,0.502000,0.254910
20171028,8.89000,0.170000,0.682000,0.286222
20171104,72.4300,0.107000,0.219000,0.132674
20171111,0.000000,0.000000,0.000000,0.000000
20171118,43.4340,0.0770000,0.247000,0.115663
20171125,8.63600,0.119000,0.372000,0.176556
20171202,9.14400,0.203000,0.479000,0.266050
20171209,8.13000,0.000000,0.000000,0.000000
20171216,8.89000,0.241000,0.217000,0.236444
20171223,46.2280,0.145000,0.448000,0.213939
20171230,0.762000,0.228913,0.809582,0.357804
20180106,11.2700,0.0420000,0.151000,0.0667634
20180113,39.5800,0.0450000,0.0800000,0.0530645
20180120,21.8440,0.0710000,0.146000,0.0881900
20180127,8.89000,0.221000,1.16800,0.435631
20180206,73.9140,0.0849798,0.253435,0.121770
20180217,39.3700,0.0710000,0.101000,0.0780287
20180224,46.9900,0.105000,0.470000,0.187796
20180303,12.7000,0.251000,1.58200,0.552448
20180310,5.58800,0.150000,0.314000,0.187570
20180317,34.0360,0.412000,0.609000,0.457961
20180324,27.1780,0.0830000,0.203000,0.110394
20180331,21.8440,0.259000,0.724000,0.364928
20180407,81.2800,0.0750000,0.148000,0.0917527
20180414,23.8760,0.199000,0.812000,0.338133
20180421,22.6060,0.582000,0.878000,0.650925
20180428,2.03200,0.429000,0.736000,0.499860
20180505,29.4640,0.0730000,0.242000,0.111423
20180512,10.1600,0.220503,0.532405,0.295720
20180519,12.9540,0.292000,0.881000,0.426047
20180526,17.0180,0.610000,1.47500,0.807509
20180602,3.30200,0.636851,1.48323,0.839322
20180609,0.000000,0.000000,0.000000,0.000000
20180616,21.8440,0.104000,0.309000,0.150663
20180623,5.08000,0.572888,1.31304,0.752359
20180630,0.000000,0.000000,0.000000,0.000000
20180707,14.4780,0.405700,0.878629,0.519565
20180714,24.8920,0.404000,0.804000,0.495771
20180721,22.2500,0.392000,1.13000,0.560050
20180728,1.52400,0.837000,1.94700,1.09065
20180804,18.2880,0.267000,0.614000,0.346312
20180811,0.000000,0.000000,0.000000,0.000000
20180818,21.8440,0.532000,0.816000,0.598036
20180825,20.0660,0.189000,0.638000,0.291065
20180901,0.740000,1.86800,6.04500,2.81789
20180908,2.28600,0.963000,2.54000,1.32255
20180915,0.000000,0.000000,0.000000,0.000000
20180922,13.9700,0.496000,0.882000,0.584939
20180929,3.55600,0.394000,0.718000,0.468573
20181006,57.4040,0.0860000,0.269000,0.127631
20181013,60.0400,0.125000,0.210000,0.144642
20181020,0.254000,0.366441,1.14097,0.538815
20181027,5.08000,0.183000,0.705000,0.301527
20181103,54.8640,0.0780000,0.271000,0.121860
20181110,16.6500,0.162000,0.487000,0.235968
20181117,23.3300,0.0850000,0.437000,0.164789
20181124,16.2560,0.0180000,0.115000,0.0399677
20181201,14.5900,0.0610000,0.263000,0.106832
20181208,24.8200,0.153000,0.534000,0.239581
20181215,7.23000,0.153000,0.677000,0.271871
20190119,41.6560,0.0290000,0.132000,0.0523620
20190126,13.9700,0.0770000,0.285000,0.124244
20190202,10.1600,0.132000,0.540000,0.224602
20190209,2.54000,0.0890000,0.387000,0.156609
20190216,33.0200,0.0280000,0.188000,0.0642294
20190223,24.3840,0.182000,0.522000,0.259427
20190302,71.6280,0.0890000,0.273000,0.130867
20190309,61.7220,0.0410000,0.166000,0.0693728
20190316,37.8400,0.133000,0.248000,0.159444
20190323,12.4300,0.199000,0.495000,0.266552
20190330,9.90600,0.110000,0.202000,0.131168
20190406,16.0020,0.209000,0.597000,0.297362
20190413,97.7900,0.0890000,0.206000,0.115738
20190420,8.22000,0.264000,0.756000,0.376043
20190430,61.7220,0.148731,0.327496,0.186926
20190511,35.8140,0.114000,0.394000,0.177634
20190518,34.7980,0.237000,0.600000,0.319817
20190526,19.3040,0.165000,0.794000,0.307624
20190601,8.33000,0.238000,0.763000,0.357401
20190608,12.4600,0.493000,0.999000,0.609025
20190615,16.0020,0.230000,0.586000,0.311211
20190622,49.7840,0.196000,0.410000,0.245025
20190628,25.9800,0.341000,0.647000,0.411319
20190706,1.77800,0.837389,1.77745,1.06271
20190713,3.81000,0.420000,1.02600,0.558344
20190720,28.4480,0.294000,0.600000,0.364151
20190726,11.9380,0.513217,1.00910,0.635884
20190802,9.29000,0.265000,0.985000,0.428530
20190810,15.8500,0.530000,1.20200,0.683642
20190817,5.80000,0.652779,1.33492,0.822408
20190824,0.000000,0.000000,0.000000,0.000000
20190831,2.45000,0.000000,0.000000,0.000000
20190907,43.6880,0.286000,0.700000,0.380509
20190914,12.5100,0.207047,0.520421,0.281846
20190921,0.0300000,0.000000,0.000000,0.000000
20190928,21.5900,0.191000,0.571000,0.277491
20191005,0.000000,0.000000,0.000000,0.000000
20191012,26.1620,0.221000,0.424000,0.267631
20191019,46.2280,0.226000,0.355000,0.255939
20191026,65.2780,0.104000,0.365000,0.163308
20191102,5.33400,0.0340000,0.278000,0.0892186
20191109,0.762000,0.371205,1.02121,0.518763
20191116,0.000000,0.000000,0.000000,0.000000
20191122,17.2720,0.0470000,0.177000,0.0765233
20191129,95.5040,0.110000,0.600000,0.221039
20191207,34.0360,0.0170000,0.0870000,0.0328674
20191214,43.1800,0.0220000,0.159000,0.0530143
20191221,0.000000,0.000000,0.000000,0.000000
20191227,9.65200,0.0560000,0.226000,0.0945878
20200103,44.9580,0.0630000,0.261000,0.107935
20200111,22.6060,0.116000,0.354000,0.170158
20200118,25.1460,0.0700000,0.277000,0.116993
20200125,26.4160,0.0400000,0.310000,0.101111
20200201,26.4160,0.117000,0.219000,0.140452
20200208,23.1140,0.0600000,0.211000,0.0943118
20200215,42.4180,0.0880000,0.159000,0.104348
20200222,26.1620,0.314000,0.654000,0.391900
20200229,4.57200,0.318000,0.881000,0.446269
20200306,7.36600,0.245000,0.550000,0.314749
20200313,42.6720,0.124000,0.331000,0.171186
20200331,125.300,0.157757,0.268154,0.178742
20200418,95.5040,0.179000,0.219000,0.188674
20200425,23.4700,0.171000,0.335000,0.208645
20200502,11.1760,0.257981,0.483709,0.314601
20200509,10.6680,0.148000,0.298000,0.182401
20200516,10.4140,0.442000,0.720000,0.506358
20200523,19.3040,0.231000,0.436000,0.278118
20200530,6.60400,0.750000,0.736000,0.749527
20200606,25.1460,0.516000,0.686000,0.556237
20200613,0.000000,0.000000,0.000000,0.000000
20200620,11.6840,0.359000,0.733000,0.444738
20200627,11.1760,0.345000,0.777000,0.443785
20200703,4.82600,0.750837,1.41940,0.920041
20200710,1.01600,0.968501,1.90052,1.19348
20200718,5.84200,0.711021,1.33283,0.869208
20200725,24.8920,0.702000,0.854000,0.738839
20200801,2.79400,1.07600,1.93600,1.27405
20200808,0.000000,0.000000,0.000000,0.000000
20200815,0.000000,0.000000,0.000000,0.000000
20200822,0.762000,0.990000,2.29200,1.28755
20200829,24.6380,1.00200,1.30300,1.07356
20200905,39.8780,0.151000,0.147000,0.150638
20200912,18.0340,0.0960000,0.257000,0.132699
20200919,0.508000,1.10400,1.86000,1.27867
20200926,0.000000,0.000000,0.000000,0.000000
20201003,0.000000,0.000000,0.000000,0.000000
20201010,10.6680,0.796000,0.872000,0.816014
20201017,2.28600,0.000000,0.000000,0.000000
20201027,32.2580,0.422000,0.365000,0.410642
20201107,25.6540,0.106000,0.137000,0.113380
20201114,40.6400,0.0720000,0.352000,0.135484
20201121,19.8120,0.166000,0.321000,0.201595
20201128,4.57200,0.199000,0.634000,0.297939
20201205,1.01600,0.137000,0.225000,0.157362
20201212,11.9380,0.0710000,0.325000,0.128609
20201219,14.9860,0.100831,0.298452,0.147130
20201226,39.6240,0.0520000,0.251000,0.0971219
20210102,12.4460,0.0650000,0.221000,0.100459
20210109,7.11200,0.380000,0.822000,0.481168
20210116,37.5920,0.196000,0.330000,0.226961
20210123,23.1140,0.202000,0.577000,0.287401
20210130,7.11200,0.191000,0.424000,0.244297
20210206,73.9140,0.112000,0.193000,0.130692
20210213,48.7680,0.0540000,0.186000,0.0840000
20210220,38.1000,0.146000,0.219000,0.163007
20210227,28.9560,0.170000,0.240000,0.186416
20210306,10.4140,0.320000,0.319000,0.320921
20210316,116.586,0.189726,0.273059,0.203747
20210327,32.2580,0.225172,0.336961,0.249693
20210403,0.762000,0.532169,0.917366,0.628514
20210410,6.60400,0.982000,1.46300,1.09413
20210417,68.3260,0.350000,0.450000,0.373835
20210424,43.9420,0.544000,0.835000,0.611660
20210501,99.8220,0.107000,0.101000,0.106029
20210508,63.5000,0.226000,0.315000,0.246907
20210515,10.4140,0.316426,0.503799,0.366140
20210522,18.5420,0.506000,0.753000,0.563588
20210529,18.5420,0.213000,0.510000,0.280828
20210605,18.5420,0.507006,0.862311,0.593206
20210612,0.000000,0.000000,0.000000,0.000000
20210619,15.4940,0.446000,0.808000,0.529341
20210626,36.5760,0.363000,0.549000,0.406301
20210703,29.9720,0.510000,0.884000,0.596280
20210710,0.254000,1.07930,2.06766,1.31606
20210717,3.55600,1.12500,1.56600,1.22861
20210724,12.1920,0.940000,1.36200,1.03866
20210731,48.0060,0.357000,0.658000,0.426247
20210807,18.0340,0.136000,0.371000,0.189552
20210814,3.55600,1.37000,1.43100,1.38868
20210821,15.2400,0.340000,0.659000,0.413251
20210828,3.30200,0.272000,1.35500,0.517523
20210904,13.2080,0.341000,0.506000,0.379480
20210911,3.55600,0.682000,1.59500,0.890606
20210918,13.9700,0.259000,0.417000,0.295606
20210925,14.2240,0.242791,0.538555,0.313884
20211002,25.1460,0.331000,1.09300,0.504251
20211009,12.1920,0.135000,0.508000,0.219710
20211016,31.7500,0.319000,0.389000,0.335950
20211023,31.2420,0.193834,0.412240,0.242937
20211030,52.8320,0.223000,0.871000,0.370122
20211106,9.14400,0.119000,0.173000,0.131620
20211113,32.2580,0.0990000,0.225000,0.127806
20211120,11.1760,0.135000,0.607000,0.242065
20211127,6.09600,0.775000,0.874000,0.800133
20211204,3.55600,0.139627,0.460451,0.213343
20211211,48.5140,0.0500000,0.209000,0.0860824
20211218,26.9240,0.194000,1.21300,0.424792
20211225,139.700,0.0140000,0.0910000,0.0314373
20220101,60.9600,0.0290000,0.0780000,0.0401685
20220108,73.6800,0.0280000,0.186000,0.0637778
20220115,1.52400,0.160611,0.540565,0.246082
20220122,23.1140,0.0910000,0.176000,0.110520
20220129,7.87400,0.106000,0.443000,0.182477
20220205,8.89000,0.130000,0.323000,0.174047
20220212,12.4460,0.154000,0.196000,0.164036
20220219,35.8140,0.150000,0.328000,0.190731
20220226,19.8120,0.0250000,0.0860000,0.0388638
20220305,21.5900,0.158000,0.409000,0.215244
20220312,21.3360,0.100000,0.197000,0.122262
20220319,29.7180,0.199000,0.368000,0.237875
20220326,2.54000,0.491210,0.815711,0.575910
20220402,33.0200,0.236023,0.346348,0.260026
20220409,10.1600,0.336227,0.526243,0.387129
20220415,51.8160,0.217734,0.313979,0.236456
20220423,42.9260,0.174000,0.236000,0.188624
20220430,21.8440,0.261507,0.391567,0.292762
20220507,58.6740,0.213976,0.307330,0.231611
20220514,0.000000,0.000000,0.000000,0.000000
20220521,57.4040,0.230000,0.432000,0.276437
20220528,56.0200,0.185000,0.271000,0.205082
20220604,17.5260,0.279000,0.697000,0.374387
20220611,1.52400,0.910000,1.70300,1.09233
20220618,20.0660,0.433384,0.788154,0.517755
20220625,5.33400,0.341000,0.772000,0.439545
20220702,21.3360,0.271000,0.618000,0.350326
20220709,5.33400,0.203000,0.580000,0.288857
20220716,11.4300,0.230000,0.607000,0.315953
20220723,21.5900,0.364000,0.790000,0.461498
20220730,14.2240,0.434000,0.851000,0.529717
20220806,5.58800,0.660882,1.29054,0.819177
20220813,37.0840,0.262000,0.535000,0.324584
20220820,14.7320,0.756000,0.922000,0.796194
20220827,26.4160,0.429000,0.754000,0.503925
20220903,0.254000,0.661000,1.60100,0.875627
20220910,4.06400,0.353901,0.974198,0.499571
20220917,27.9400,0.102000,0.341000,0.156333
20220924,6.85800,0.243000,0.522000,0.306871
20221001,41.9100,0.136000,0.343000,0.183229
20221008,0.762000,0.439000,0.689000,0.497025
20221015,0.000000,0.000000,0.000000,0.000000
20221022,3.30200,0.0650000,0.0940000,0.0717814
20221029,11.1760,0.131000,0.176000,0.141631
20221105,46.7360,0.0840000,0.197000,0.109817
20221111,20.0660,0.257000,0.452000,0.301953
20221118,21.5900,0.131000,0.744000,0.269889
20221125,6.09600,0.192000,0.311000,0.219559
20221202,77.7240,0.0470000,0.167000,0.0742652
20221213,55.6260,0.0435986,0.169667,0.0717214
20221224,52.5780,0.0280000,0.189000,0.0644552
20221231,67.3100,0.0360000,0.153000,0.0625484
