date,weekofyear,waterYear,ppt_mm
1983-08-20,34,1983,13.21
1983-08-27,35,1983,6.35
1983-09-03,36,1983,23.37
1983-09-10,37,1983,3.56
1983-09-17,38,1983,14.73
1983-09-24,39,1983,5.08
1983-10-01,40,1984,14.73
1983-10-08,41,1984,24.38
1983-10-15,42,1984,25.4
1983-10-22,43,1984,12.94
1983-10-29,44,1984,0.1
1983-11-05,45,1984,6.83
1983-11-12,46,1984,52.07
1983-11-19,47,1984,41.4
1983-11-26,48,1984,46.23
1983-12-03,49,1984,33.53
1983-12-10,50,1984,93.15
1983-12-17,51,1984,40.16
1983-12-24,52,1984,95.87
1983-12-31,53,1984,18.29
1984-01-07,1,1984,1.27
1984-01-14,2,1984,14.73
1984-01-21,3,1984,2.79
1984-01-28,4,1984,7.87
1984-02-04,5,1984,0
1984-02-11,6,1984,11.68
1984-02-18,7,1984,6.86
1984-02-25,8,1984,17.02
1984-03-03,9,1984,7.62
1984-03-10,10,1984,17.78
1984-03-17,11,1984,23.37
1984-03-24,12,1984,37.85
1984-03-31,13,1984,24.38
1984-04-07,14,1984,13.72
1984-04-14,15,1984,33.53
1984-04-21,16,1984,73.91
1984-04-28,17,1984,42.16
1984-05-05,18,1984,52.58
1984-05-12,19,1984,1.78
1984-05-19,20,1984,2.29
1984-05-26,21,1984,29.46
1984-06-02,22,1984,25.15
1984-06-09,23,1984,60.96
1984-06-16,24,1984,9.91
1984-06-23,25,1984,1.02
1984-06-30,26,1984,13.97
1984-07-07,27,1984,19.05
1984-07-14,28,1984,11.94
1984-07-21,29,1984,38.61
1984-07-28,30,1984,40.13
1984-08-04,31,1984,12.95
1984-08-11,32,1984,8.64
1984-08-18,33,1984,24.89
1984-08-25,34,1984,24.64
1984-09-01,35,1984,34.8
1984-09-08,36,1984,14.22
1984-09-15,37,1984,26.92
1984-09-22,38,1984,20.04
1984-09-29,39,1984,21.85
1984-10-06,40,1985,46.48
1984-10-13,41,1985,57.15
1984-10-20,42,1985,35.81
1984-10-27,43,1985,19.56
1984-11-03,44,1985,9.65
1984-11-10,45,1985,10.92
1984-11-17,46,1985,6.1
1984-11-24,47,1985,4.57
1984-12-01,48,1985,24.13
1984-12-08,49,1985,8.38
1984-12-15,50,1985,42.42
1984-12-22,51,1985,12.95
1984-12-30,53,1985,14.73
1985-01-05,1,1985,7.37
1985-01-12,2,1985,8.89
1985-01-19,3,1985,41.66
1985-01-26,4,1985,7.62
1985-02-02,5,1985,21.59
1985-02-09,6,1985,26.67
1985-02-16,7,1985,7.37
1985-02-23,8,1985,22.86
1985-03-02,9,1985,24.64
1985-03-09,10,1985,25.4
1985-03-16,11,1985,16.26
1985-03-23,12,1985,16
1985-03-30,13,1985,62.74
1985-04-06,14,1985,31.24
1985-04-13,15,1985,4.57
1985-04-20,16,1985,40.89
1985-04-27,17,1985,31.5
1985-05-04,18,1985,20.07
1985-05-11,19,1985,21.59
1985-05-18,20,1985,15.24
1985-05-25,21,1985,9.91
1985-06-01,22,1985,6.35
1985-06-08,23,1985,9.91
1985-06-15,24,1985,9.65
1985-06-22,25,1985,18.8
1985-06-29,26,1985,20.83
1985-07-06,27,1985,2.54
1985-07-13,28,1985,11.68
1985-07-20,29,1985,32.77
1985-07-27,30,1985,16.51
1985-08-03,31,1985,5.08
1985-08-10,32,1985,14.73
1985-08-17,33,1985,4.06
1985-08-24,34,1985,7.62
1985-08-31,35,1985,19.81
1985-09-07,36,1985,24.64
1985-09-14,37,1985,18.29
1985-09-21,38,1985,22.35
1985-09-28,39,1985,40.39
1985-10-05,40,1986,18.44
1985-10-12,41,1986,31.75
1985-10-19,42,1986,3.3
1985-10-26,43,1986,0.51
1985-11-02,44,1986,7.37
1985-11-09,45,1986,88.14
1985-11-16,46,1986,35.56
1985-11-23,47,1986,59.69
1985-11-30,48,1986,36.32
1985-12-07,49,1986,35.31
1985-12-14,50,1986,10.16
1985-12-21,51,1986,14.73
1985-12-28,52,1986,10.16
1986-01-04,1,1986,7.37
1986-01-11,2,1986,1.27
1986-01-18,3,1986,9.91
1986-01-25,4,1986,8.89
1986-02-01,5,1986,11.68
1986-02-08,6,1986,18.54
1986-02-15,7,1986,134.87
1986-02-22,8,1986,116.26
1986-03-01,9,1986,0
1986-03-08,10,1986,18.54
1986-03-15,11,1986,26.67
1986-03-22,12,1986,7.87
1986-03-29,13,1986,4.83
1986-04-05,14,1986,110.74
1986-04-12,15,1986,32
1986-04-19,16,1986,26.42
1986-04-26,17,1986,12.7
1986-05-03,18,1986,0.76
1986-05-10,19,1986,25.91
1986-05-17,20,1986,46.74
1986-05-24,21,1986,0
1986-05-31,22,1986,12.7
1986-06-07,23,1986,37.85
1986-06-14,24,1986,2.29
1986-06-21,25,1986,6.87
1986-06-28,26,1986,18.29
1986-07-05,27,1986,13.21
1986-07-12,28,1986,11.68
1986-07-19,29,1986,22.1
1986-07-26,30,1986,5.84
1986-08-02,31,1986,8.64
1986-08-09,32,1986,15.49
1986-08-16,33,1986,13.21
1986-08-23,34,1986,18.29
1986-08-30,35,1986,17.78
1986-09-06,36,1986,28.96
1986-09-13,37,1986,7.87
1986-09-20,38,1986,13.72
1986-09-27,39,1986,52.07
1986-10-04,40,1987,31.75
1986-10-11,41,1987,19.81
1986-10-18,42,1987,17.19
1986-10-25,43,1987,24.13
1986-11-01,44,1987,35.56
1986-11-08,45,1987,45.47
1986-11-15,46,1987,34.04
1986-11-22,47,1987,21.59
1986-11-29,48,1987,9.4
1986-12-06,49,1987,22.86
1986-12-13,50,1987,2.03
1986-12-20,51,1987,2.03
1986-12-27,52,1987,0
1987-01-03,1,1987,19.56
1987-01-10,2,1987,6.6
1987-01-17,3,1987,14.73
1987-01-24,4,1987,43.69
1987-01-31,5,1987,17.67
1987-02-07,6,1987,5.33
1987-02-14,7,1987,15.49
1987-02-21,8,1987,24.89
1987-02-28,9,1987,16.51
1987-03-07,10,1987,10.41
1987-03-14,11,1987,26.67
1987-03-21,12,1987,33.53
1987-03-28,13,1987,13.46
1987-04-04,14,1987,8.38
1987-04-11,15,1987,29.72
1987-04-18,16,1987,27.69
1987-04-25,17,1987,11.94
1987-05-02,18,1987,29.72
1987-05-09,19,1987,10.16
1987-05-16,20,1987,3.03
1987-05-23,21,1987,54.1
1987-05-30,22,1987,4.32
1987-06-06,23,1987,13.72
1987-06-13,24,1987,22.86
1987-06-20,25,1987,0
1987-06-27,26,1987,16.26
1987-07-04,27,1987,17.53
1987-07-11,28,1987,43.43
1987-07-18,29,1987,1.27
1987-07-25,30,1987,24.38
1987-08-01,31,1987,40.64
1987-08-08,32,1987,12.67
1987-08-15,33,1987,12.95
1987-08-22,34,1987,22.85
1987-08-29,35,1987,7.11
1987-09-05,36,1987,7.37
1987-09-12,37,1987,22.86
1987-09-19,38,1987,10.16
1987-09-26,39,1987,0
1987-10-03,40,1988,0
1987-10-10,41,1988,0
1987-10-17,42,1988,19.81
1987-10-24,43,1988,10.41
1987-10-31,44,1988,27.43
1987-11-07,45,1988,11.43
1987-11-14,46,1988,43.94
1987-11-21,47,1988,9.91
1987-11-28,48,1988,8.38
1987-12-05,49,1988,10.16
1987-12-12,50,1988,43.18
1987-12-19,51,1988,19.3
1987-12-26,52,1988,69.34
1988-01-02,1,1988,27.32
1988-01-09,2,1988,46.74
1988-01-16,3,1988,12.7
1988-01-23,4,1988,22.35
1988-01-30,5,1988,34.8
1988-02-06,6,1988,15.24
1988-02-13,7,1988,67.06
1988-02-20,8,1988,13.21
1988-02-27,9,1988,9.14
1988-03-05,10,1988,37.85
1988-03-12,11,1988,27.43
1988-03-19,12,1988,14.35
1988-03-26,13,1988,37.59
1988-04-02,14,1988,36.32
1988-04-09,15,1988,35.05
1988-04-16,16,1988,19.58
1988-04-23,17,1988,54.48
1988-04-30,18,1988,3.02
1988-05-07,19,1988,18.96
1988-05-14,20,1988,1.78
1988-05-21,21,1988,48.01
1988-05-28,22,1988,3.3
1988-06-04,23,1988,7.11
1988-06-11,24,1988,17.78
1988-06-18,25,1988,3.81
1988-06-25,26,1988,26.16
1988-07-02,27,1988,35.56
1988-07-09,28,1988,27.94
1988-07-16,29,1988,7.37
1988-07-23,30,1988,8.38
1988-07-30,31,1988,18.03
1988-08-06,32,1988,8.89
1988-08-13,33,1988,0.51
1988-08-20,34,1988,9.14
1988-08-27,35,1988,7.87
1988-09-03,36,1988,0.76
1988-09-10,37,1988,16
1988-09-17,38,1988,10.67
1988-09-24,39,1988,5.33
1988-10-01,40,1989,3.81
1988-10-08,41,1989,13.72
1988-10-15,42,1989,1.27
1988-10-22,43,1989,4.32
1988-10-29,44,1989,1.27
1988-11-05,45,1989,22.1
1988-11-12,46,1989,43.11
1988-11-19,47,1989,16.51
1988-11-26,48,1989,29.89
1988-12-03,49,1989,0
1988-12-10,50,1989,27.69
1988-12-17,51,1989,32
1988-12-24,52,1989,45.33
1988-12-31,53,1989,13.72
1989-01-07,1,1989,30.48
1989-01-14,2,1989,23.62
1989-01-21,3,1989,0
1989-01-28,4,1989,28.45
1989-02-04,5,1989,68.5
1989-02-11,6,1989,23.11
1989-02-18,7,1989,18.29
1989-02-25,8,1989,16.26
1989-03-04,9,1989,39.12
1989-03-11,10,1989,9.14
1989-03-18,11,1989,20.83
1989-03-25,12,1989,1.78
1989-04-01,13,1989,79.76
1989-04-08,14,1989,28.19
1989-04-15,15,1989,8.64
1989-04-22,16,1989,0
1989-04-29,17,1989,39.37
1989-05-06,18,1989,29.97
1989-05-13,19,1989,46.23
1989-05-20,20,1989,4.06
1989-05-27,21,1989,2.79
1989-06-03,22,1989,10.16
1989-06-10,23,1989,19.81
1989-06-17,24,1989,3.3
1989-06-24,25,1989,3.56
1989-07-01,26,1989,0
1989-07-08,27,1989,0
1989-07-15,28,1989,5.08
1989-07-22,29,1989,18.03
1989-07-29,30,1989,61.32
1989-08-05,31,1989,17.02
1989-08-12,32,1989,56.39
1989-08-19,33,1989,14.48
1989-08-26,34,1989,0.76
1989-09-02,35,1989,0
1989-09-09,36,1989,23.37
1989-09-16,37,1989,12.95
1989-09-23,38,1989,10.41
1989-09-30,39,1989,3.81
1989-10-07,40,1990,3.81
1989-10-14,41,1990,36.07
1989-10-21,42,1990,2.79
1989-10-28,43,1990,19.05
1989-11-04,44,1990,50.04
1989-11-11,45,1990,9.4
1989-11-18,46,1990,5.33
1989-11-25,47,1990,45.47
1989-12-02,48,1990,0
1989-12-09,49,1990,32.51
1989-12-16,50,1990,70.28
1989-12-23,51,1990,9.91
1989-12-30,52,1990,4.57
1990-01-06,1,1990,25.15
1990-01-13,2,1990,16.26
1990-01-20,3,1990,10.16
1990-01-27,4,1990,43.94
1990-02-03,5,1990,2.79
1990-02-10,6,1990,32
1990-02-17,7,1990,36.83
1990-02-24,8,1990,1.02
1990-03-06,10,1990,127
1990-03-17,11,1990,47.24
1990-03-24,12,1990,17.02
1990-03-31,13,1990,40.39
1990-04-07,14,1990,29.46
1990-04-14,15,1990,13.72
1990-04-21,16,1990,25.65
1990-04-28,17,1990,67.56
1990-05-05,18,1990,15.16
1990-05-12,19,1990,46.48
1990-05-19,20,1990,17.02
1990-05-26,21,1990,14.48
1990-06-02,22,1990,30.48
1990-06-09,23,1990,11.94
1990-06-16,24,1990,4.83
1990-06-23,25,1990,0
1990-06-30,26,1990,0.25
1990-07-07,27,1990,49.78
1990-07-14,28,1990,13.72
1990-07-21,29,1990,21.08
1990-07-28,30,1990,16.26
1990-08-04,31,1990,9.65
1990-08-11,32,1990,21.34
1990-08-18,33,1990,22.35
1990-08-25,34,1990,11.43
1990-09-01,35,1990,15.75
1990-09-08,36,1990,2.24
1990-09-15,37,1990,9.4
1990-09-22,38,1990,4.32
1990-09-29,39,1990,20.07
1990-10-06,40,1991,39.12
1990-10-13,41,1991,0
1990-10-20,42,1991,42.67
1990-10-27,43,1991,0
1990-11-03,44,1991,35.81
1990-11-10,45,1991,8.89
1990-11-17,46,1991,0
1990-11-24,47,1991,12.7
1990-12-01,48,1991,12.19
1990-12-08,49,1991,0.51
1990-12-15,50,1991,38.1
1990-12-22,51,1991,38.61
1990-12-30,52,1991,9.91
1991-01-05,1,1991,13.72
1991-01-12,2,1991,18.03
1991-01-19,3,1991,19.56
1991-01-26,4,1991,20.57
1991-02-02,5,1991,0
1991-02-09,6,1991,0
1991-02-16,7,1991,43.18
1991-02-23,8,1991,12.45
1991-03-02,9,1991,39.88
1991-03-09,10,1991,46.99
1991-03-16,11,1991,13.46
1991-03-23,12,1991,22.86
1991-03-30,13,1991,30.99
1991-04-06,14,1991,10.16
1991-04-13,15,1991,53.09
1991-04-20,16,1991,15.49
1991-04-27,17,1991,35
1991-05-04,18,1991,12.95
1991-05-11,19,1991,1.52
1991-05-18,20,1991,53.85
1991-05-25,21,1991,14.73
1991-06-01,22,1991,73.41
1991-06-08,23,1991,23.88
1991-06-15,24,1991,13.97
1991-06-22,25,1991,0
1991-06-29,26,1991,7.01
1991-07-06,27,1991,10.16
1991-07-13,28,1991,7.87
1991-07-20,29,1991,25.15
1991-07-27,30,1991,28.19
1991-08-03,31,1991,32.26
1991-08-10,32,1991,24.13
1991-08-17,33,1991,24.38
1991-08-24,34,1991,4.32
1991-08-31,35,1991,9.14
1991-09-07,36,1991,13.46
1991-09-14,37,1991,15.49
1991-09-21,38,1991,0.51
1991-09-28,39,1991,3.56
1991-10-05,40,1992,0
1991-10-12,41,1992,0
1991-10-19,42,1992,0
1991-10-26,43,1992,33.78
1991-11-02,44,1992,23.88
1991-11-09,45,1992,39.88
1991-11-16,46,1992,38.86
1991-11-23,47,1992,42.67
1991-11-30,48,1992,19.3
1991-12-07,49,1992,0
1991-12-14,50,1992,15.24
1991-12-21,51,1992,4.83
1991-12-28,52,1992,0
1992-01-04,1,1992,16
1992-01-11,2,1992,15.75
1992-01-18,3,1992,5.33
1992-01-25,4,1992,7.37
1992-02-01,5,1992,0
1992-02-08,6,1992,6.1
1992-02-15,7,1992,18.8
1992-02-22,8,1992,8.13
1992-02-29,9,1992,0
1992-03-07,10,1992,99.06
1992-03-14,11,1992,3.81
1992-03-21,12,1992,36.58
1992-03-28,13,1992,30.99
1992-04-04,14,1992,7.62
1992-04-11,15,1992,4.32
1992-04-17,16,1992,54.61
1992-04-24,17,1992,11.94
1992-05-02,18,1992,2.03
1992-05-09,19,1992,14.22
1992-05-16,20,1992,7.11
1992-05-23,21,1992,25.4
1992-05-30,22,1992,51.31
1992-06-06,23,1992,15.75
1992-06-13,24,1992,13.46
1992-06-20,25,1992,5.33
1992-06-27,26,1992,23.62
1992-07-04,27,1992,5.08
1992-07-11,28,1992,27.94
1992-07-18,29,1992,22.61
1992-07-25,30,1992,5.59
1992-08-01,31,1992,2.29
1992-08-08,32,1992,9.14
1992-08-15,33,1992,4.06
1992-08-22,34,1992,35.31
1992-08-29,35,1992,22.35
1992-09-05,36,1992,26.42
1992-09-12,37,1992,1.78
1992-09-19,38,1992,29.46
1992-09-26,39,1992,11.94
1992-10-03,40,1993,0
1992-10-10,41,1993,2.54
1992-10-17,42,1993,0
1992-10-24,43,1993,16.26
1992-10-31,44,1993,65.53
1992-11-07,45,1993,23.37
1992-11-14,46,1993,22.61
1992-11-21,47,1993,39.62
1992-11-28,48,1993,11.94
1992-12-05,49,1993,20.07
1992-12-12,50,1993,20.57
1992-12-19,51,1993,24.89
1992-12-26,52,1993,3.05
1993-01-02,1,1993,32.26
1993-01-09,2,1993,22.86
1993-01-16,3,1993,31.5
1993-01-23,4,1993,32.51
1993-01-30,5,1993,7.62
1993-02-06,6,1993,20.07
1993-02-13,7,1993,39.37
1993-02-20,8,1993,90.75
1993-02-27,9,1993,40.89
1993-03-06,10,1993,3.3
1993-03-13,11,1993,52.07
1993-03-20,12,1993,26.67
1993-03-27,13,1993,38.61
1993-04-03,14,1993,33.53
1993-04-10,15,1993,58.17
1993-04-17,16,1993,53.34
1993-04-24,17,1993,24.64
1993-05-01,18,1993,9.65
1993-05-08,19,1993,17.78
1993-05-15,20,1993,28.19
1993-05-22,21,1993,17.02
1993-05-29,22,1993,18.8
1993-06-05,23,1993,45.47
1993-06-12,24,1993,6.86
1993-06-19,25,1993,34.04
1993-06-26,26,1993,0
1993-07-03,27,1993,24.64
1993-07-10,28,1993,2.03
1993-07-17,29,1993,2.54
1993-07-24,30,1993,11.94
1993-07-31,31,1993,0
1993-08-07,32,1993,13.72
1993-08-14,33,1993,19.81
1993-08-21,34,1993,13.27
1993-08-28,35,1993,6.99
1993-09-04,36,1993,34.04
1993-09-11,37,1993,54.36
1993-09-18,38,1993,20.57
1993-09-25,39,1993,2.29
1993-10-02,40,1994,0
1993-10-09,41,1994,37.85
1993-10-16,42,1994,58.93
1993-10-23,43,1994,7.37
1993-10-30,44,1994,25.65
1993-11-06,45,1994,18.22
1993-11-13,46,1994,40.64
1993-11-20,47,1994,19.81
1993-11-27,48,1994,38.1
1993-12-04,49,1994,20.32
1993-12-11,50,1994,7.87
1993-12-18,51,1994,20.07
1993-12-25,52,1994,13.21
1994-01-01,1,1994,29.21
1994-01-08,2,1994,37.08
1994-01-15,3,1994,28.45
1994-01-22,4,1994,0
1994-01-29,5,1994,26.42
1994-02-05,6,1994,25.4
1994-02-12,7,1994,54.1
1994-02-19,8,1994,9.91
1994-02-26,9,1994,43.94
1994-03-05,10,1994,12.95
1994-03-12,11,1994,19.81
1994-03-19,12,1994,17.02
1994-03-26,13,1994,60.45
1994-04-02,14,1994,22.1
1994-04-09,15,1994,35.05
1994-04-16,16,1994,9.91
1994-04-23,17,1994,36.83
1994-04-30,18,1994,45.21
1994-05-07,19,1994,9.4
1994-05-14,20,1994,11.94
1994-05-21,21,1994,0.25
1994-05-28,22,1994,18.03
1994-06-04,23,1994,13.72
1994-06-11,24,1994,0.76
1994-06-18,25,1994,14.73
1994-06-25,26,1994,13.46
1994-07-02,27,1994,12.19
1994-07-09,28,1994,3.05
1994-07-16,29,1994,2.54
1994-07-23,30,1994,6.35
1994-07-30,31,1994,12.19
1994-08-06,32,1994,11.94
1994-08-13,33,1994,25.4
1994-08-20,34,1994,33.02
1994-08-27,35,1994,67.31
1994-09-03,36,1994,41.91
1994-09-10,37,1994,2.54
1994-09-17,38,1994,35.56
1994-09-24,39,1994,15.24
1994-10-01,40,1995,17.78
1994-10-08,41,1995,55.88
1994-10-15,42,1995,29.97
1994-10-22,43,1995,6.95
1994-10-29,44,1995,6.86
1994-11-05,45,1995,22.1
1994-11-12,46,1995,26.92
1994-11-19,47,1995,22.86
1994-11-26,48,1995,25.91
1994-12-06,49,1995,38.35
1994-12-17,51,1995,11.68
1994-12-24,52,1995,0
1994-12-31,53,1995,75.69
1995-01-07,1,1995,44.96
1995-01-14,2,1995,16.26
1995-01-21,3,1995,14.72
1995-01-28,4,1995,9.14
1995-02-04,5,1995,17.02
1995-02-11,6,1995,54.86
1995-02-18,7,1995,38.1
1995-02-25,8,1995,20.32
1995-03-04,9,1995,50.8
1995-03-11,10,1995,8.89
1995-03-18,11,1995,24.13
1995-03-25,12,1995,29.21
1995-04-01,13,1995,11.43
1995-04-08,14,1995,38.1
1995-04-15,15,1995,46.99
1995-04-22,16,1995,60.96
1995-04-29,17,1995,74.93
1995-05-06,18,1995,53.34
1995-05-13,19,1995,38.1
1995-05-20,20,1995,67.65
1995-05-27,21,1995,71.12
1995-06-03,22,1995,34.29
1995-06-10,23,1995,25.4
1995-06-17,24,1995,31.75
1995-06-24,25,1995,1.27
1995-07-01,26,1995,49.53
1995-07-08,27,1995,7.62
1995-07-15,28,1995,16.51
1995-07-22,29,1995,31.75
1995-07-29,30,1995,3.81
1995-08-05,31,1995,11.43
1995-08-12,32,1995,5.84
1995-08-19,33,1995,10.47
1995-08-26,34,1995,13.97
1995-09-02,35,1995,5.08
1995-09-09,36,1995,19.05
1995-09-16,37,1995,16.51
1995-09-23,38,1995,44.7
1995-09-30,39,1995,12.7
1995-10-07,40,1996,38.72
1995-10-14,41,1996,11.43
1995-10-21,42,1996,15.24
1995-10-28,43,1996,6.35
1995-11-04,44,1996,35.56
1995-11-11,45,1996,108.82
1995-11-18,46,1996,0
1995-11-25,47,1996,33.02
1995-12-02,48,1996,29.21
1995-12-09,49,1996,57.15
1995-12-26,52,1996,92.2
1996-01-13,2,1996,17.78
1996-01-20,3,1996,40.64
1996-01-30,5,1996,131.57
1996-02-10,6,1996,0
1996-02-17,7,1996,63.5
1996-02-24,8,1996,58.42
1996-03-02,9,1996,22.86
1996-03-09,10,1996,12.7
1996-03-16,11,1996,46.45
1996-03-23,12,1996,25.4
1996-03-30,13,1996,5.08
1996-04-06,14,1996,8.89
1996-04-13,15,1996,29.21
1996-04-20,16,1996,45.72
1996-04-27,17,1996,12.7
1996-05-04,18,1996,30.48
1996-05-11,19,1996,1.27
1996-05-18,20,1996,8.89
1996-05-25,21,1996,58.42
1996-06-01,22,1996,8.89
1996-06-08,23,1996,0.12
1996-06-15,24,1996,20.32
1996-06-22,25,1996,13.97
1996-06-29,26,1996,8.89
1996-07-06,27,1996,27.94
1996-07-13,28,1996,2.54
1996-07-20,29,1996,20.32
1996-07-27,30,1996,33.02
1996-08-03,31,1996,8.89
1996-08-10,32,1996,1.37
1996-08-17,33,1996,11.43
1996-08-24,34,1996,10.16
1996-08-31,35,1996,5.41
1996-09-07,36,1996,36.83
1996-09-17,38,1996,71.37
1996-09-28,39,1996,44.45
1996-10-05,40,1997,10.16
1996-10-12,41,1997,0
1996-10-19,42,1997,17.78
1996-10-26,43,1997,52.07
1996-11-02,44,1997,11.43
1996-11-09,45,1997,17.78
1996-11-16,46,1997,50.8
1996-11-23,47,1997,11.43
1996-11-30,48,1997,43.18
1996-12-07,49,1997,45.72
1996-12-14,50,1997,76.2
1996-12-20,51,1997,73.91
1996-12-27,52,1997,50.8
1997-01-04,1,1997,19.05
1997-01-11,2,1997,73.66
1997-01-18,3,1997,8.89
1997-01-25,4,1997,62.23
1997-02-01,5,1997,19.05
1997-02-08,6,1997,8.89
1997-02-15,7,1997,23.91
1997-02-22,8,1997,16.51
1997-03-01,9,1997,27.94
1997-03-08,10,1997,5.08
1997-03-15,11,1997,22.86
1997-03-22,12,1997,16.51
1997-03-29,13,1997,15.24
1997-04-05,14,1997,50.8
1997-04-12,15,1997,46.99
1997-04-19,16,1997,22.86
1997-04-26,17,1997,95.5
1997-05-03,18,1997,58.42
1997-05-10,19,1997,8.38
1997-05-17,20,1997,7.62
1997-05-24,21,1997,45.72
1997-05-31,22,1997,49.53
1997-06-07,23,1997,21.59
1997-06-14,24,1997,16.51
1997-06-21,25,1997,6.35
1997-06-28,26,1997,1.27
1997-07-05,27,1997,0
1997-07-12,28,1997,2.54
1997-07-19,29,1997,10.16
1997-07-26,30,1997,21.59
1997-08-02,31,1997,30.48
1997-08-09,32,1997,100.33
1997-08-16,33,1997,21.59
1997-08-23,34,1997,6.35
1997-08-30,35,1997,3.81
1997-09-06,36,1997,11.43
1997-09-13,37,1997,11.43
1997-09-20,38,1997,53.34
1997-09-27,39,1997,12.7
1997-10-04,40,1998,6.35
1997-10-11,41,1998,25.4
1997-10-18,42,1998,5.08
1997-10-25,43,1998,53.34
1997-11-01,44,1998,34.29
1997-11-08,45,1998,26.67
1997-11-15,46,1998,19.05
1997-11-22,47,1998,15.24
1997-11-29,48,1998,13.97
1997-12-06,49,1998,15.24
1997-12-13,50,1998,2.54
1997-12-20,51,1998,0
1997-12-27,52,1998,21.59
1998-01-03,1,1998,13.97
1998-01-10,2,1998,20.32
1998-01-17,3,1998,49.529
1998-01-24,4,1998,19.049
1998-01-31,5,1998,5.81
1998-02-07,6,1998,17.779
1998-02-14,7,1998,13.97
1998-02-21,8,1998,20.9
1998-02-28,9,1998,22.16
1998-03-07,10,1998,29.209
1998-03-14,11,1998,2.54
1998-03-21,12,1998,41.909
1998-03-28,13,1998,24.129
1998-04-04,14,1998,48.259
1998-04-11,15,1998,24.13
1998-04-18,16,1998,40.64
1998-04-25,17,1998,30.48
1998-05-02,18,1998,2.54
1998-05-09,19,1998,34.29
1998-05-16,20,1998,16.51
1998-05-23,21,1998,4.318
1998-05-30,22,1998,0
1998-06-06,23,1998,25.4
1998-06-13,24,1998,38.1
1998-06-20,25,1998,24.13
1998-06-27,26,1998,0
1998-07-04,27,1998,8.89
1998-07-11,28,1998,17.78
1998-07-18,29,1998,0
1998-07-25,30,1998,61.214
1998-08-01,31,1998,29.78
1998-08-08,32,1998,35.56
1998-08-15,33,1998,11.684
1998-08-22,34,1998,19.812
1998-08-29,35,1998,12.7
1998-09-05,36,1998,0
1998-09-12,37,1998,31.75
1998-09-19,38,1998,1.524
1998-09-26,39,1998,12.7
1998-10-03,40,1999,42.164
1998-10-10,41,1999,0
1998-10-17,42,1999,7.62
1998-10-24,43,1999,11.55
1998-10-31,44,1999,44.45
1998-11-07,45,1999,22.86
1998-11-14,46,1999,8.89
1998-11-21,47,1999,17.78
1998-11-28,48,1999,2.54
1998-12-05,49,1999,6.35
1998-12-12,50,1999,7.62
1998-12-19,51,1999,22.606
1998-12-26,52,1999,46.99
1999-01-02,1,1999,29.21
1999-01-09,2,1999,51.43
1999-01-16,3,1999,49.53
1999-01-23,4,1999,58.42
1999-01-30,5,1999,0
1999-02-06,6,1999,19.05
1999-02-13,7,1999,7.62
1999-02-20,8,1999,24.13
1999-02-27,9,1999,6.35
1999-03-06,10,1999,19.05
1999-03-13,11,1999,11.43
1999-03-20,12,1999,0
1999-03-27,13,1999,17.78
1999-04-03,14,1999,22.86
1999-04-10,15,1999,30.48
1999-04-17,16,1999,21.59
1999-04-24,17,1999,95.25
1999-05-01,18,1999,105.41
1999-05-08,19,1999,21.59
1999-05-15,20,1999,22.86
1999-05-22,21,1999,13.97
1999-05-29,22,1999,15.24
1999-06-05,23,1999,24.13
1999-06-12,24,1999,18.796
1999-06-19,25,1999,21.336
1999-06-26,26,1999,0
1999-07-03,27,1999,1.27
1999-07-10,28,1999,11.43
1999-07-17,29,1999,15.24
1999-07-24,30,1999,20.32
1999-07-31,31,1999,25.4
1999-08-07,32,1999,35.56
1999-08-14,33,1999,19.05
1999-08-21,34,1999,11.43
1999-08-28,35,1999,10.16
1999-09-04,36,1999,10.16
1999-09-11,37,1999,8.89
1999-09-18,38,1999,22.86
1999-09-25,39,1999,10.16
1999-10-02,40,2000,2.54
1999-10-09,41,2000,12.7
1999-10-16,42,2000,17.78
1999-10-23,43,2000,0
1999-10-30,44,2000,7.62
1999-11-06,45,2000,0
1999-11-13,46,2000,0
1999-11-20,47,2000,31.75
1999-11-27,48,2000,6.35
1999-12-04,49,2000,11.43
1999-12-11,50,2000,11.43
1999-12-18,51,2000,12.7
1999-12-25,52,2000,2.54
2000-01-01,1,2000,2.54
2000-01-08,2,2000,17.78
2000-01-15,3,2000,11.43
2000-01-22,4,2000,30.48
2000-01-29,5,2000,17.78
2000-02-05,6,2000,0
2000-02-12,7,2000,65.49
2000-02-19,8,2000,46.7
2000-02-26,9,2000,20.32
2000-03-04,10,2000,10.16
2000-03-11,11,2000,22.86
2000-03-18,12,2000,55.88
2000-03-25,13,2000,12.7
2000-04-01,14,2000,40.64
2000-04-08,15,2000,5.08
2000-04-15,16,2000,19.05
2000-04-22,17,2000,74.93
2000-04-29,18,2000,6.35
2000-05-06,19,2000,24.13
2000-05-13,20,2000,13.97
2000-05-20,21,2000,26.162
2000-05-27,22,2000,30.48
2000-06-03,23,2000,0
2000-06-10,24,2000,2.54
2000-06-17,25,2000,57.15
2000-06-24,26,2000,10.922
2000-07-01,27,2000,6.35
2000-07-08,28,2000,7.62
2000-07-15,29,2000,35.56
2000-07-22,30,2000,0
2000-07-29,31,2000,0.762
2000-08-05,32,2000,5.08
2000-08-12,33,2000,0.93
2000-08-19,34,2000,22.86
2000-08-26,35,2000,30.48
2000-09-02,36,2000,29.21
2000-09-09,37,2000,17.78
2000-09-16,38,2000,0
2000-09-23,39,2000,90.17
2000-09-30,40,2000,1.27
2000-10-07,41,2001,5.08
2000-10-14,42,2001,2.54
2000-10-21,43,2001,6.35
2000-10-28,44,2001,6.35
2000-11-04,45,2001,27.94
2000-11-11,46,2001,16.51
2000-11-18,47,2001,10.16
2000-11-25,48,2001,20.32
2000-12-02,49,2001,1.27
2000-12-09,50,2001,33.02
2000-12-16,51,2001,54.61
2000-12-23,52,2001,27.94
2000-12-30,53,2001,12.92
2001-01-06,1,2001,0
2001-01-13,2,2001,7.62
2001-01-20,3,2001,1.27
2001-01-27,4,2001,13.97
2001-02-03,5,2001,15.24
2001-02-10,6,2001,69.85
2001-02-17,7,2001,11.43
2001-02-24,8,2001,32.79
2001-03-03,9,2001,8.89
2001-03-10,10,2001,35.56
2001-03-17,11,2001,31.75
2001-03-24,12,2001,21.59
2001-03-31,13,2001,22.352
2001-04-07,14,2001,13.97
2001-04-14,15,2001,34.29
2001-04-21,16,2001,52.07
2001-04-28,17,2001,2.54
2001-05-05,18,2001,80.01
2001-05-12,19,2001,1.27
2001-05-19,20,2001,20.32
2001-05-26,21,2001,10.16
2001-06-02,22,2001,1.27
2001-06-09,23,2001,6.35
2001-06-16,24,2001,5.08
2001-06-23,25,2001,3.81
2001-06-30,26,2001,11.43
2001-07-07,27,2001,12.446
2001-07-14,28,2001,19.558
2001-07-21,29,2001,3.33
2001-07-28,30,2001,15.24
2001-08-04,31,2001,36.068
2001-08-11,32,2001,52.07
2001-08-18,33,2001,41.91
2001-08-25,34,2001,14.224
2001-09-01,35,2001,3.81
2001-09-08,36,2001,41.91
2001-09-15,37,2001,34.29
2001-09-22,38,2001,1.65
2001-09-29,39,2001,1.27
2001-10-06,40,2002,7.62
2001-10-13,41,2002,37.01
2001-10-20,42,2002,3.81
2001-10-27,43,2002,1.27
2001-11-03,44,2002,5.01
2001-11-10,45,2002,12.7
2001-11-17,46,2002,6.35
2001-11-24,47,2002,26.67
2001-12-01,48,2002,15.24
2001-12-08,49,2002,30.76
2001-12-15,50,2002,8.89
2001-12-22,51,2002,5.58
2001-12-29,52,2002,10.16
2002-01-05,1,2002,6.35
2002-01-12,2,2002,43.18
2002-01-19,3,2002,10.16
2002-01-26,4,2002,13.97
2002-02-02,5,2002,11.43
2002-02-09,6,2002,6.35
2002-02-16,7,2002,8.89
2002-02-23,8,2002,16.51
2002-03-02,9,2002,31.75
2002-03-09,10,2002,21.59
2002-03-16,11,2002,21.59
2002-03-23,12,2002,5.08
2002-03-30,13,2002,3.81
2002-04-06,14,2002,1.27
2002-04-13,15,2002,15.24
2002-04-20,16,2002,15.24
2002-04-27,17,2002,16.51
2002-05-04,18,2002,3.81
2002-05-11,19,2002,25.4
2002-05-18,20,2002,15.24
2002-05-25,21,2002,25.4
2002-06-01,22,2002,16.51
2002-06-08,23,2002,1.27
2002-06-15,24,2002,0
2002-06-22,25,2002,5.08
2002-06-29,26,2002,6.35
2002-07-06,27,2002,13.97
2002-07-13,28,2002,3.81
2002-07-20,29,2002,15.24
2002-07-27,30,2002,6.35
2002-08-03,31,2002,24.13
2002-08-10,32,2002,3.81
2002-08-17,33,2002,5.08
2002-08-24,34,2002,6.35
2002-08-31,35,2002,7.62
2002-09-07,36,2002,8.89
2002-09-14,37,2002,26.67
2002-09-21,38,2002,10.16
2002-09-28,39,2002,24.13
2002-10-05,40,2003,19.05
2002-10-12,41,2003,4.98
2002-10-19,42,2003,0
2002-10-26,43,2003,38.354
2002-11-02,44,2003,43.18
2002-11-09,45,2003,58.42
2002-11-16,46,2003,15.41
2002-11-23,47,2003,17.78
2002-11-30,48,2003,5.2
2002-12-07,49,2003,3.81
2002-12-14,50,2003,8.89
2002-12-21,51,2003,10.79
2002-12-28,52,2003,8.89
2003-01-04,1,2003,36.46
2003-01-11,2,2003,5.08
2003-01-18,3,2003,12.7
2003-01-25,4,2003,28.75
2003-02-01,5,2003,25.4
2003-02-08,6,2003,3.81
2003-02-15,7,2003,24.83
2003-02-22,8,2003,19.05
2003-03-01,9,2003,46.24
2003-03-08,10,2003,44.45
2003-03-18,11,2003,218.08
2003-03-29,13,2003,26.67
2003-04-05,14,2003,11.43
2003-04-12,15,2003,0
2003-04-19,16,2003,61.94
2003-04-26,17,2003,29.21
2003-05-03,18,2003,30.48
2003-05-10,19,2003,59.69
2003-05-17,20,2003,3.81
2003-05-24,21,2003,6.35
2003-05-31,22,2003,7.62
2003-06-07,23,2003,7.62
2003-06-14,24,2003,29.21
2003-06-21,25,2003,13.97
2003-06-28,26,2003,4.572
2003-07-05,27,2003,0
2003-07-12,28,2003,1.27
2003-07-19,29,2003,25.4
2003-07-26,30,2003,29
2003-08-02,31,2003,15.24
2003-08-09,32,2003,15.24
2003-08-16,33,2003,36.83
2003-08-23,34,2003,8.89
2003-08-30,35,2003,16.51
2003-09-06,36,2003,27.94
2003-09-13,37,2003,13.97
2003-09-20,38,2003,13.97
2003-09-27,39,2003,0
2003-10-04,40,2004,8.89
2003-10-11,41,2004,13.97
2003-10-18,42,2004,2.77
2003-10-25,43,2004,0
2003-11-01,44,2004,31.75
2003-11-08,45,2004,49.53
2003-11-15,46,2004,35.56
2003-11-22,47,2004,19.05
2003-11-29,48,2004,13.97
2003-12-06,49,2004,27.94
2003-12-13,50,2004,13.97
2003-12-20,51,2004,7.62
2003-12-27,52,2004,11.43
2004-01-03,1,2004,60.96
2004-01-10,2,2004,6.35
2004-01-17,3,2004,7.13
2004-01-24,4,2004,10.16
2004-01-31,5,2004,21.59
2004-02-07,6,2004,17.78
2004-02-14,7,2004,10.16
2004-02-21,8,2004,6.35
2004-02-28,9,2004,11.938
2004-03-06,10,2004,33.95
2004-03-13,11,2004,8.89
2004-03-20,12,2004,0
2004-03-27,13,2004,29.05
2004-04-03,14,2004,67.31
2004-04-10,15,2004,83.11
2004-04-17,16,2004,7.62
2004-04-24,17,2004,54.61
2004-05-01,18,2004,13.97
2004-05-08,19,2004,0
2004-05-15,20,2004,38.1
2004-05-22,21,2004,15.24
2004-05-29,22,2004,17.78
2004-06-05,23,2004,5.08
2004-06-12,24,2004,7.64
2004-06-19,25,2004,77.47
2004-06-26,26,2004,23.114
2004-07-03,27,2004,24.13
2004-07-10,28,2004,2.032
2004-07-17,29,2004,48.26
2004-07-24,30,2004,26.67
2004-07-31,31,2004,13.716
2004-08-07,32,2004,3.81
2004-08-14,33,2004,1.27
2004-08-21,34,2004,43.18
2004-08-28,35,2004,22.88
2004-09-04,36,2004,13.97
2004-09-11,37,2004,8.89
2004-09-18,38,2004,27.94
2004-09-25,39,2004,30.48
2004-10-02,40,2005,26.67
2004-10-09,41,2005,15.24
2004-10-16,42,2005,29.21
2004-10-23,43,2005,18.542
2004-10-30,44,2005,13.97
2004-11-06,45,2005,0
2004-11-13,46,2005,25.4
2004-11-20,47,2005,10.16
2004-11-27,48,2005,62.98
2004-12-04,49,2005,2.54
2004-12-11,50,2005,35.56
2004-12-18,51,2005,0.69
2004-12-25,52,2005,5.08
2005-01-01,1,2005,14.66
2005-01-08,2,2005,57.15
2005-01-15,3,2005,21.59
2005-01-22,4,2005,0
2005-01-29,5,2005,26.67
2005-02-05,6,2005,6.35
2005-02-12,7,2005,20.32
2005-02-19,8,2005,21.59
2005-02-26,9,2005,7.62
2005-03-05,10,2005,15.24
2005-03-12,11,2005,12.7
2005-03-19,12,2005,34.29
2005-03-26,13,2005,22.86
2005-04-02,14,2005,10.16
2005-04-09,15,2005,26.67
2005-04-16,16,2005,0
2005-04-23,17,2005,44.45
2005-04-30,18,2005,57.15
2005-05-07,19,2005,31.75
2005-05-14,20,2005,30.48
2005-05-21,21,2005,0.508
2005-05-28,22,2005,35.56
2005-06-04,23,2005,50.8
2005-06-11,24,2005,20.32
2005-06-18,25,2005,1.27
2005-06-25,26,2005,8.89
2005-07-02,27,2005,13.97
2005-07-09,28,2005,1.28
2005-07-16,29,2005,46.99
2005-07-23,30,2005,45.72
2005-07-30,31,2005,17.78
2005-08-06,32,2005,44.45
2005-08-13,33,2005,27.94
2005-08-20,34,2005,5.35
2005-08-27,35,2005,2.54
2005-09-03,36,2005,0
2005-09-10,37,2005,9.652
2005-09-17,38,2005,5.588
2005-09-24,39,2005,12.7
2005-10-01,40,2006,23.622
2005-10-08,41,2006,57.07
2005-10-15,42,2006,0
2005-10-22,43,2006,11.43
2005-10-29,44,2006,11.43
2005-11-05,45,2006,17.78
2005-11-12,46,2006,66.04
2005-11-19,47,2006,9.652
2005-11-26,48,2006,8.05
2005-12-07,49,2006,109.43
2005-12-17,51,2006,7.62
2005-12-24,52,2006,7.62
2005-12-31,53,2006,11.43
2006-01-07,1,2006,24.13
2006-01-14,2,2006,10.668
2006-01-21,3,2006,28.448
2006-01-28,4,2006,20.32
2006-02-04,5,2006,25.4
2006-02-11,6,2006,5.08
2006-02-18,7,2006,26.67
2006-02-25,8,2006,0
2006-03-04,9,2006,6.35
2006-03-11,10,2006,27.94
2006-03-18,11,2006,34.29
2006-03-25,12,2006,19.48
2006-04-01,13,2006,10.57
2006-04-08,14,2006,12.18
2006-04-15,15,2006,13.61
2006-04-22,16,2006,21.95
2006-04-29,17,2006,31.85
2006-05-06,18,2006,43.18
2006-05-13,19,2006,0
2006-05-20,20,2006,43.18
2006-05-27,21,2006,15.24
2006-06-03,22,2006,5.76
2006-06-10,23,2006,7.62
2006-06-17,24,2006,1.51
2006-06-24,25,2006,1.778
2006-07-01,26,2006,14.732
2006-07-08,27,2006,45.72
2006-07-15,28,2006,10.16
2006-07-22,29,2006,17.97
2006-07-29,30,2006,10.16
2006-08-05,31,2006,2.69
2006-08-12,32,2006,1.27
2006-08-19,33,2006,20.828
2006-08-26,34,2006,13.462
2006-09-02,35,2006,2.032
2006-09-09,36,2006,31.75
2006-09-16,37,2006,13.97
2006-09-23,38,2006,26.416
2006-09-30,39,2006,0
2006-10-07,40,2007,8.89
2006-10-14,41,2007,6.858
2006-10-21,42,2007,58.42
2006-10-28,43,2007,69.85
2006-11-04,44,2007,15.24
2006-11-11,45,2007,35.56
2006-11-18,46,2007,10.16
2006-11-25,47,2007,8.89
2006-12-02,48,2007,21.59
2006-12-09,49,2007,8.89
2006-12-16,50,2007,46.14
2006-12-23,51,2007,75.62
2006-12-30,52,2007,41.14
2007-01-06,1,2007,38.1
2007-01-13,2,2007,16.51
2007-01-20,3,2007,11.43
2007-02-03,5,2007,26.67
2007-02-10,6,2007,16.51
2007-02-17,7,2007,46.4
2007-02-24,8,2007,15.71
2007-03-03,9,2007,33.81
2007-03-10,10,2007,15.24
2007-03-17,11,2007,0
2007-03-24,12,2007,38.95
2007-03-31,13,2007,22.86
2007-04-07,14,2007,31.75
2007-04-14,15,2007,32.21
2007-04-21,16,2007,33.02
2007-04-28,17,2007,1.27
2007-05-05,18,2007,30.48
2007-05-12,19,2007,5.17
2007-05-19,20,2007,6.35
2007-05-26,21,2007,17.78
2007-06-02,22,2007,15.93
2007-06-09,23,2007,15.24
2007-06-16,24,2007,1.016
2007-06-23,25,2007,5.334
2007-06-30,26,2007,1.524
2007-07-07,27,2007,13.208
2007-07-14,28,2007,3.81
2007-07-21,29,2007,5.08
2007-07-28,30,2007,15.24
2007-08-04,31,2007,21.59
2007-08-11,32,2007,12.446
2007-08-18,33,2007,35.306
2007-08-25,34,2007,12.192
2007-09-01,35,2007,14.224
2007-09-08,36,2007,34.29
2007-09-15,37,2007,36.068
2007-09-22,38,2007,17.272
2007-09-29,39,2007,36.068
2007-10-06,40,2008,2.54
2007-10-13,41,2008,30.48
2007-10-20,42,2008,22.86
2007-10-27,43,2008,0
2007-11-03,44,2008,5.08
2007-11-10,45,2008,0.508
2007-11-17,46,2008,3.81
2007-11-24,47,2008,18.542
2007-12-01,48,2008,29.21
2007-12-08,49,2008,58.42
2007-12-15,50,2008,16.51
2007-12-21,51,2008,8.636
2007-12-28,52,2008,40.132
2008-01-05,1,2008,38.1
2008-01-12,2,2008,24.13
2008-01-19,3,2008,18.288
2008-01-26,4,2008,46.99
2008-02-02,5,2008,26.924
2008-02-09,6,2008,48.26
2008-02-16,7,2008,18.542
2008-02-23,8,2008,25.4
2008-03-01,9,2008,4.826
2008-03-08,10,2008,10.668
2008-03-15,11,2008,36.322
2008-03-22,12,2008,9.398
2008-03-29,13,2008,71.882
2008-04-05,14,2008,53.848
2008-04-12,15,2008,29.21
2008-04-19,16,2008,19.558
2008-04-26,17,2008,9.398
2008-05-03,18,2008,30.734
2008-05-10,19,2008,66.802
2008-05-17,20,2008,6.096
2008-05-24,21,2008,26.924
2008-05-31,22,2008,0
2008-06-07,23,2008,30.48
2008-06-14,24,2008,2.54
2008-06-21,25,2008,3.302
2008-06-28,26,2008,0.762
2008-07-05,27,2008,5.842
2008-07-12,28,2008,1.016
2008-07-19,29,2008,24.892
2008-07-26,30,2008,8.89
2008-08-02,31,2008,0.508
2008-08-09,32,2008,22.098
2008-08-16,33,2008,55.372
2008-08-23,34,2008,14.224
2008-08-30,35,2008,4.318
2008-09-06,36,2008,5.08
2008-09-13,37,2008,42.672
2008-09-20,38,2008,18.796
2008-09-27,39,2008,0
2008-10-04,40,2009,6.604
2008-10-11,41,2009,6.35
2008-10-18,42,2009,5.842
2008-10-25,43,2009,10.922
2008-11-01,44,2009,6.096
2008-11-08,45,2009,18.542
2008-11-15,46,2009,13.97
2008-11-22,47,2009,0.508
2008-11-29,48,2009,29.21
2008-12-06,49,2009,28.194
2008-12-13,50,2009,17.46
2008-12-20,51,2009,34.93
2008-12-27,52,2009,27.178
2009-01-03,1,2009,11.938
2009-01-10,2,2009,68.326
2009-01-17,3,2009,0.762
2009-01-24,4,2009,87.884
2009-01-31,5,2009,24.13
2009-02-07,6,2009,21.082
2009-02-14,7,2009,33.782
2009-02-21,8,2009,27.432
2009-02-28,9,2009,13.97
2009-03-07,10,2009,22.86
2009-03-14,11,2009,2.286
2009-03-21,12,2009,17.018
2009-03-28,13,2009,46.736
2009-04-04,14,2009,39.878
2009-04-11,15,2009,18.034
2009-04-18,16,2009,158.242
2009-04-25,17,2009,31.75
2009-05-02,18,2009,45.466
2009-05-09,19,2009,24.13
2009-05-16,20,2009,0.508
2009-05-23,21,2009,20.32
2009-05-30,22,2009,17.526
2009-06-06,23,2009,17.272
2009-06-13,24,2009,38.608
2009-06-19,25,2009,19.558
2009-06-26,26,2009,26.924
2009-07-04,27,2009,39.116
2009-07-11,28,2009,10.414
2009-07-18,29,2009,1.27
2009-07-25,30,2009,18.034
2009-08-01,31,2009,13.716
2009-08-07,32,2009,2.032
2009-08-14,33,2009,6.35
2009-08-22,34,2009,7.62
2009-08-29,35,2009,3.302
2009-09-01,35,2009,0
2009-09-05,36,2009,3.302
2009-09-05,36,2009,3.302
2009-09-12,37,2009,8.128
2009-09-19,38,2009,16.51
2009-09-26,39,2009,1.44
2009-10-03,40,2010,27.178
2009-10-10,41,2010,27.178
2009-10-17,42,2010,19.05
2009-10-24,43,2010,23.99
2009-10-31,44,2010,40.386
2009-11-07,45,2010,0.254
2009-11-14,46,2010,23.622
2009-11-21,47,2010,15.748
2009-11-28,48,2010,0
2009-12-05,49,2010,33.782
2009-12-12,50,2010,49.784
2009-12-19,51,2010,6.096
2009-12-26,52,2010,27.686
2010-01-02,1,2010,20.066
2010-01-09,2,2010,14.224
2010-01-16,3,2010,0.508
2010-01-23,4,2010,21.336
2010-01-30,5,2010,12.954
2010-02-06,6,2010,8.89
2010-02-13,7,2010,26.924
2010-02-20,8,2010,37.338
2010-02-27,9,2010,8.636
2010-03-06,10,2010,23.368
2010-03-13,11,2010,10.922
2010-03-20,12,2010,29.718
2010-03-27,13,2010,30.988
2010-04-03,14,2010,81.026
2010-04-10,15,2010,16.51
2010-04-17,16,2010,5.588
2010-04-24,17,2010,67.31
2010-05-01,18,2010,87.884
2010-05-08,19,2010,25.146
2010-05-15,20,2010,72.644
2010-05-22,21,2010,16.002
2010-05-29,22,2010,0
2010-06-05,23,2010,2.032
2010-06-12,24,2010,55.118
2010-06-19,25,2010,0
2010-06-26,26,2010,2.032
2010-07-03,27,2010,9.398
2010-07-10,28,2010,31.75
2010-07-17,29,2010,11.684
2010-07-24,30,2010,12.192
2010-07-31,31,2010,70.866
2010-08-07,32,2010,32.258
2010-08-10,32,2010,0
2010-08-14,33,2010,7.874
2010-08-14,33,2010,7.874
2010-08-21,34,2010,9.144
2010-08-28,35,2010,5.842
2010-09-04,36,2010,0
2010-09-11,37,2010,11.176
2010-09-18,38,2010,1.016
2010-09-25,39,2010,15.494
2010-10-02,40,2011,0
2010-10-09,41,2011,32.004
2010-10-16,42,2011,14.224
2010-10-23,43,2011,86.55
2010-10-30,44,2011,25.97
2010-11-06,45,2011,3.81
2010-11-13,46,2011,43.688
2010-11-20,47,2011,47.498
2010-11-27,48,2011,20.32
2010-12-04,49,2011,35.56
2010-12-11,50,2011,32.258
2010-12-18,51,2011,122.428
2010-12-25,52,2011,17.018
2011-01-01,1,2011,20.44
2011-01-08,2,2011,14.732
2011-01-15,3,2011,61.468
2011-01-22,4,2011,58.25
2011-01-29,5,2011,5.588
2011-02-05,6,2011,50.58
2011-02-12,7,2011,11.938
2011-02-19,8,2011,37.846
2011-02-26,9,2011,67.31
2011-03-05,10,2011,33.274
2011-03-12,11,2011,37.084
2011-03-19,12,2011,48.26
2011-03-26,13,2011,54.864
2011-04-02,14,2011,82.804
2011-04-09,15,2011,44.704
2011-04-16,16,2011,91.45
2011-04-23,17,2011,93.27
2011-04-30,18,2011,35.19
2011-05-07,19,2011,34.544
2011-05-14,20,2011,52.832
2011-05-21,21,2011,88.54
2011-05-28,22,2011,46.482
2011-06-04,23,2011,0
2011-06-11,24,2011,1.27
2011-06-18,25,2011,43.942
2011-06-25,26,2011,0.254
2011-07-02,27,2011,23.114
2011-07-09,28,2011,20.574
2011-07-16,29,2011,38.1
2011-07-23,30,2011,0.508
2011-07-30,31,2011,10.414
2011-08-06,32,2011,2.286
2011-08-13,33,2011,1.016
2011-08-20,34,2011,4.572
2011-08-27,35,2011,14.478
2011-09-03,36,2011,11.684
2011-09-10,37,2011,33.02
2011-09-17,38,2011,36.068
2011-09-24,39,2011,1.524
2011-10-01,40,2012,3.048
2011-10-08,41,2012,23.114
2011-10-15,42,2012,25.908
2011-10-22,43,2012,1.524
2011-10-29,44,2012,23.622
2011-11-05,45,2012,37.338
2011-11-12,46,2012,39.37
2011-11-19,47,2012,34.036
2011-11-26,48,2012,10.922
2011-12-03,49,2012,30.48
2011-12-10,50,2012,1.778
2011-12-17,51,2012,1.016
2011-12-24,52,2012,23.622
2011-12-31,53,2012,15.24
2012-01-07,1,2012,16.51
2012-01-14,2,2012,19.05
2012-01-21,3,2012,57.912
2012-01-28,4,2012,12.192
2012-02-04,5,2012,33.528
2012-02-11,6,2012,36.576
2012-02-18,7,2012,18.288
2012-02-25,8,2012,79.502
2012-03-03,9,2012,34.036
2012-03-10,10,2012,0
2012-03-17,11,2012,11.43
2012-03-24,12,2012,0
2012-03-31,13,2012,20.066
2012-04-07,14,2012,0.508
2012-04-14,15,2012,36.068
2012-04-21,16,2012,11.938
2012-04-28,17,2012,15.24
2012-05-05,18,2012,25.908
2012-05-12,19,2012,8.89
2012-05-19,20,2012,13.97
2012-05-26,21,2012,27.432
2012-06-02,22,2012,8.89
2012-06-09,23,2012,0
2012-06-16,24,2012,0.508
2012-06-23,25,2012,0
2012-06-30,26,2012,8.382
2012-07-07,27,2012,38.1
2012-07-14,28,2012,7.112
2012-07-21,29,2012,4.572
2012-07-28,30,2012,44.196
2012-08-04,31,2012,7.62
2012-08-11,32,2012,1.524
2012-08-18,33,2012,0
2012-08-25,34,2012,10.414
2012-09-01,35,2012,18.796
2012-09-08,36,2012,5.588
2012-09-15,37,2012,30.226
2012-09-22,38,2012,6.096
2012-09-29,39,2012,38.1
2012-10-06,40,2013,1.778
2012-10-13,41,2013,22.606
2012-10-20,42,2013,11.176
2012-10-27,43,2013,22.352
2012-11-03,44,2013,0
2012-11-10,45,2013,22.098
2012-11-17,46,2013,6.858
2012-11-24,47,2013,0
2012-12-04,49,2013,43.942
2012-12-15,50,2013,37.338
2012-12-22,51,2013,28.448
2012-12-29,52,2013,8.636
2013-01-05,1,2013,0.762
2013-01-12,2,2013,16.002
2013-01-19,3,2013,0
2013-01-26,4,2013,17.78
2013-02-02,5,2013,41.91
2013-02-09,6,2013,16.51
2013-02-16,7,2013,20.574
2013-02-23,8,2013,17.526
2013-03-02,9,2013,23.368
2013-03-09,10,2013,27.686
2013-03-16,11,2013,20.066
2013-03-23,12,2013,34.544
2013-03-30,13,2013,21.844
2013-04-06,14,2013,45.212
2013-04-16,16,2013,214.376
2013-04-27,17,2013,17.78
2013-05-04,18,2013,67.056
2013-05-11,19,2013,69.342
2013-05-18,20,2013,8.382
2013-05-28,22,2013,20.828
2013-06-08,23,2013,0.762
2013-06-15,24,2013,2.54
2013-06-22,25,2013,0
2013-06-29,26,2013,9.144
2013-07-06,27,2013,36.576
2013-07-13,28,2013,21.59
2013-07-20,29,2013,9.906
2013-07-27,30,2013,25.908
2013-08-03,31,2013,3.556
2013-08-10,32,2013,10.668
2013-08-17,33,2013,6.35
2013-08-24,34,2013,18.034
2013-08-31,35,2013,26.416
2013-09-07,36,2013,28.956
2013-09-15,37,2013,156.21
2013-09-22,38,2013,31.496
2013-09-27,39,2013,23.114
2013-10-08,41,2014,51.562
2013-10-19,42,2014,18.288
2013-10-26,43,2014,0
2013-11-02,44,2014,45.212
2013-11-09,45,2014,1.524
2013-11-16,46,2014,42.672
2013-11-23,47,2014,24.13
2013-12-04,49,2014,63.246
2013-12-14,50,2014,2.032
2013-12-21,51,2014,32.766
2013-12-28,52,2014,13.716
2014-01-04,1,2014,57.658
2014-01-11,2,2014,66.294
2014-01-18,3,2014,3.556
2014-01-25,4,2014,28.956
2014-02-01,5,2014,58.928
2014-02-08,6,2014,124.58
2014-02-15,7,2014,84.582
2014-02-22,8,2014,48.768
2014-03-01,9,2014,52.36
2014-03-08,10,2014,39.624
2014-03-15,11,2014,17.526
2014-03-22,12,2014,23.114
2014-03-29,13,2014,61.468
2014-04-05,14,2014,32.258
2014-04-12,15,2014,44.958
2014-04-19,16,2014,4.572
2014-04-26,17,2014,28.956
2014-05-03,18,2014,4.064
2014-05-10,19,2014,71.628
2014-05-17,20,2014,14.986
2014-05-24,21,2014,39.116
2014-05-31,22,2014,14.732
2014-06-07,23,2014,6.35
2014-06-14,24,2014,5.08
2014-06-21,25,2014,3.556
2014-06-28,26,2014,4.572
2014-07-05,27,2014,6.35
2014-07-12,28,2014,8.89
2014-07-19,29,2014,13.97
2014-07-26,30,2014,29.972
2014-08-02,31,2014,74.168
2014-08-09,32,2014,14.224
2014-08-16,33,2014,11.684
2014-08-23,34,2014,20.828
2014-08-30,35,2014,22.098
2014-09-06,36,2014,15.494
2014-09-13,37,2014,27.432
2014-09-20,38,2014,28.702
2014-09-27,39,2014,32.512
2014-10-04,40,2015,21.336
2014-10-11,41,2015,23.368
2014-10-18,42,2015,0
2014-10-25,43,2015,27.94
2014-11-01,44,2015,8.89
2014-11-11,45,2015,55.118
2014-11-22,47,2015,42.926
2014-11-29,48,2015,61.722
2014-12-06,49,2015,2.54
2014-12-13,50,2015,18.542
2014-12-20,51,2015,67.564
2014-12-27,52,2015,33.528
2015-01-03,1,2015,23.622
2015-01-10,2,2015,4.826
2015-01-17,3,2015,14.986
2015-01-24,4,2015,14.224
2015-01-31,5,2015,30.988
2015-02-07,6,2015,56.134
2015-02-14,7,2015,17.526
2015-02-21,8,2015,31.75
2015-02-28,9,2015,57.912
2015-03-07,10,2015,13.716
2015-03-14,11,2015,6.604
2015-03-21,12,2015,20.828
2015-03-28,13,2015,10.922
2015-04-04,14,2015,14.732
2015-04-11,15,2015,5.334
2015-04-18,16,2015,126.492
2015-04-25,17,2015,25.146
2015-05-02,18,2015,13.208
2015-05-09,19,2015,56.134
2015-05-16,20,2015,43.688
2015-05-23,21,2015,46.99
2015-05-30,22,2015,11.684
2015-06-06,23,2015,3.302
2015-06-13,24,2015,17.018
2015-06-20,25,2015,3.048
2015-06-27,26,2015,1.524
2015-07-04,27,2015,22.86
2015-07-11,28,2015,36.322
2015-07-18,29,2015,7.62
2015-07-25,30,2015,0.508
2015-08-01,31,2015,5.588
2015-08-08,32,2015,0
2015-08-15,33,2015,12.192
2015-08-22,34,2015,0.508
2015-08-29,35,2015,14.986
2015-09-05,36,2015,19.812
2015-09-12,37,2015,6.604
2015-09-19,38,2015,8.636
2015-09-26,39,2015,1.524
2015-10-03,40,2016,5.588
2015-10-10,41,2016,7.874
2015-10-17,42,2016,2.54
2015-10-24,43,2016,40.386
2015-10-31,44,2016,14.732
2015-11-07,45,2016,28.956
2015-11-14,46,2016,53.34
2015-11-21,47,2016,37.338
2015-11-28,48,2016,36.576
2015-12-05,49,2016,6.858
2015-12-12,50,2016,36.576
2015-12-19,51,2016,40.64
2015-12-26,52,2016,42.43
2016-01-02,1,2016,1.016
2016-01-09,2,2016,8.128
2016-01-16,3,2016,42.418
2016-01-23,4,2016,13.208
2016-02-02,5,2016,72.644
2016-02-13,7,2016,47.498
2016-02-20,8,2016,28.448
2016-02-27,9,2016,7.366
2016-03-05,10,2016,25.146
2016-03-12,11,2016,32.766
2016-03-19,12,2016,39.624
2016-03-26,13,2016,35.306
2016-04-02,14,2016,14.224
2016-04-09,15,2016,9.906
2016-04-16,16,2016,73.914
2016-04-23,17,2016,24.638
2016-04-30,18,2016,35.306
2016-05-07,19,2016,61.976
2016-05-14,20,2016,28.448
2016-05-21,21,2016,6.096
2016-05-28,22,2016,5.842
2016-06-04,23,2016,1.524
2016-06-11,24,2016,13.716
2016-06-18,25,2016,0
2016-06-25,26,2016,9.398
2016-07-02,27,2016,22.86
2016-07-09,28,2016,1.27
2016-07-16,29,2016,1.016
2016-07-23,30,2016,8.89
2016-07-30,31,2016,1.778
2016-08-06,32,2016,13.97
2016-08-13,33,2016,11.43
2016-08-20,34,2016,7.366
2016-08-27,35,2016,18.542
2016-09-03,36,2016,12.7
2016-09-10,37,2016,4.318
2016-09-17,38,2016,2.286
2016-09-24,39,2016,5.588
2016-10-01,40,2017,11.176
2016-10-08,41,2017,25.908
2016-10-15,42,2017,24.892
2016-10-22,43,2017,10.16
2016-10-29,44,2017,11.176
2016-11-05,45,2017,8.89
2016-11-12,46,2017,0.508
2016-11-19,47,2017,37.338
2016-11-26,48,2017,20.828
2016-12-03,49,2017,13.462
2016-12-10,50,2017,77.978
2016-12-17,51,2017,97.79
2016-12-24,52,2017,34.798
2016-12-31,53,2017,44.704
2017-01-10,2,2017,221.59
2017-01-21,3,2017,35.052
2017-01-28,4,2017,17.018
2017-02-04,5,2017,65.278
2017-02-11,6,2017,71.882
2017-02-18,7,2017,8.382
2017-02-25,8,2017,97.282
2017-03-04,9,2017,46.228
2017-03-11,10,2017,4.826
2017-03-18,11,2017,0
2017-03-25,12,2017,26.416
2017-04-01,13,2017,34.29
2017-04-08,14,2017,28.702
2017-04-15,15,2017,0
2017-04-22,16,2017,52.324
2017-04-29,17,2017,51.308
2017-05-06,18,2017,16.51
2017-05-13,19,2017,14.732
2017-05-19,20,2017,124.968
2017-05-26,21,2017,37.55
2017-06-03,22,2017,4.8
2017-06-10,23,2017,2.794
2017-06-17,24,2017,0
2017-06-24,25,2017,0.254
2017-07-01,26,2017,2.54
2017-07-08,27,2017,5.842
2017-07-15,28,2017,6.096
2017-07-22,29,2017,23.368
2017-07-29,30,2017,32.258
2017-08-05,31,2017,40.894
2017-08-12,32,2017,47.498
2017-08-19,33,2017,1.524
2017-08-26,34,2017,7.62
2017-09-02,35,2017,3.048
2017-09-09,36,2017,11.176
2017-09-16,37,2017,18.034
2017-09-23,38,2017,23.876
2017-09-30,39,2017,79.756
2017-10-07,40,2018,17.018
2017-10-14,41,2018,1.016
2017-10-21,42,2018,5.08
2017-10-28,43,2018,8.89
2017-11-04,44,2018,72.43
2017-11-11,45,2018,0
2017-11-18,46,2018,43.434
2017-11-25,47,2018,8.636
2017-12-02,48,2018,9.144
2017-12-09,49,2018,8.13
2017-12-16,50,2018,8.89
2017-12-23,51,2018,46.228
2017-12-30,52,2018,0.762
2018-01-06,1,2018,11.27
2018-01-13,2,2018,39.58
2018-01-20,3,2018,21.844
2018-01-27,4,2018,8.89
2018-02-06,6,2018,73.914
2018-02-17,7,2018,39.37
2018-02-24,8,2018,46.99
2018-03-03,9,2018,12.7
2018-03-10,10,2018,5.588
2018-03-17,11,2018,34.036
2018-03-24,12,2018,27.178
2018-03-31,13,2018,21.844
2018-04-07,14,2018,81.28
2018-04-14,15,2018,23.876
2018-04-21,16,2018,22.606
2018-04-28,17,2018,2.032
2018-05-05,18,2018,29.464
2018-05-12,19,2018,10.16
2018-05-19,20,2018,12.954
2018-05-26,21,2018,17.018
2018-06-02,22,2018,3.302
2018-06-09,23,2018,0
2018-06-16,24,2018,21.844
2018-06-23,25,2018,5.08
2018-06-30,26,2018,0
2018-07-07,27,2018,14.478
2018-07-14,28,2018,24.892
2018-07-21,29,2018,22.25
2018-07-28,30,2018,1.524
2018-08-04,31,2018,18.288
2018-08-11,32,2018,0
2018-08-18,33,2018,21.844
2018-08-25,34,2018,20.066
2018-09-01,35,2018,0.74
2018-09-08,36,2018,2.286
2018-09-15,37,2018,0
2018-09-22,38,2018,13.97
2018-09-29,39,2018,3.556
2018-10-06,40,2019,57.404
2018-10-13,41,2019,60.04
2018-10-20,42,2019,0.254
2018-10-27,43,2019,5.08
2018-11-03,44,2019,54.864
2018-11-10,45,2019,16.65
2018-11-17,46,2019,23.33
2018-11-24,47,2019,16.256
2018-12-01,48,2019,14.59
2018-12-08,49,2019,24.82
2018-12-15,50,2019,7.23
2019-01-19,3,2019,41.656
2019-01-26,4,2019,13.97
2019-02-02,5,2019,10.16
2019-02-09,6,2019,2.54
2019-02-16,7,2019,33.02
2019-02-23,8,2019,24.384
2019-03-02,9,2019,71.628
2019-03-09,10,2019,61.722
2019-03-16,11,2019,37.84
2019-03-23,12,2019,12.43
2019-03-30,13,2019,9.906
2019-04-06,14,2019,16.002
2019-04-13,15,2019,97.79
2019-04-20,16,2019,8.22
2019-04-30,18,2019,61.722
2019-05-11,19,2019,35.814
2019-05-18,20,2019,34.798
2019-05-26,21,2019,19.304
2019-06-01,22,2019,8.33
2019-06-08,23,2019,12.46
2019-06-15,24,2019,16.002
2019-06-22,25,2019,49.784
2019-06-28,26,2019,25.98
2019-07-06,27,2019,1.778
2019-07-13,28,2019,3.81
2019-07-20,29,2019,28.448
2019-07-26,30,2019,11.938
2019-08-02,31,2019,9.29
2019-08-10,32,2019,15.85
2019-08-17,33,2019,5.8
2019-08-24,34,2019,0
2019-08-31,35,2019,2.45
2019-09-07,36,2019,43.688
2019-09-14,37,2019,12.51
2019-09-21,38,2019,0.03
2019-09-28,39,2019,21.59
2019-10-05,40,2020,0
2019-10-12,41,2020,26.162
2019-10-19,42,2020,46.228
2019-10-26,43,2020,65.278
2019-11-02,44,2020,5.334
2019-11-09,45,2020,0.762
2019-11-16,46,2020,0
2019-11-22,47,2020,17.272
2019-11-29,48,2020,95.504
2019-12-07,49,2020,34.036
2019-12-14,50,2020,43.18
2019-12-21,51,2020,0
2019-12-27,52,2020,9.652
2020-01-03,1,2020,44.958
2020-01-11,2,2020,22.606
2020-01-18,3,2020,25.146
2020-01-25,4,2020,26.416
2020-02-01,5,2020,26.416
2020-02-08,6,2020,23.114
2020-02-15,7,2020,42.418
2020-02-22,8,2020,26.162
2020-02-29,9,2020,4.572
2020-03-06,10,2020,7.366
2020-03-13,11,2020,42.672
2020-03-31,13,2020,125.3
2020-04-18,16,2020,95.504
2020-04-25,17,2020,23.47
2020-05-02,18,2020,11.176
2020-05-09,19,2020,10.668
2020-05-16,20,2020,10.414
2020-05-23,21,2020,19.304
2020-05-30,22,2020,6.604
2020-06-06,23,2020,25.146
2020-06-13,24,2020,0
2020-06-20,25,2020,11.684
2020-06-27,26,2020,11.176
2020-07-03,27,2020,4.826
2020-07-10,28,2020,1.016
2020-07-18,29,2020,5.842
2020-07-25,30,2020,24.892
2020-08-01,31,2020,2.794
2020-08-08,32,2020,0
2020-08-15,33,2020,0
2020-08-22,34,2020,0.762
2020-08-29,35,2020,24.638
2020-09-05,36,2020,39.878
2020-09-12,37,2020,18.034
2020-09-19,38,2020,0.508
2020-09-26,39,2020,0
2020-10-03,40,2021,0
2020-10-10,41,2021,10.668
2020-10-17,42,2021,2.286
2020-10-27,43,2021,32.258
2020-11-07,45,2021,25.654
2020-11-14,46,2021,40.64
2020-11-21,47,2021,19.812
2020-11-28,48,2021,4.572
2020-12-05,49,2021,1.016
2020-12-12,50,2021,11.938
2020-12-19,51,2021,14.986
2020-12-26,52,2021,39.624
2021-01-02,1,2021,12.446
2021-01-09,2,2021,7.112
2021-01-16,3,2021,37.592
2021-01-23,4,2021,23.114
2021-01-30,5,2021,7.112
2021-02-06,6,2021,73.914
2021-02-13,7,2021,48.768
2021-02-20,8,2021,38.1
2021-02-27,9,2021,28.956
2021-03-06,10,2021,10.414
2021-03-16,11,2021,116.586
2021-03-27,13,2021,32.258
2021-04-03,14,2021,0.762
2021-04-10,15,2021,6.604
2021-04-17,16,2021,68.326
2021-04-24,17,2021,43.942
2021-05-01,18,2021,99.822
2021-05-08,19,2021,63.5
2021-05-15,20,2021,10.414
2021-05-22,21,2021,18.542
2021-05-29,22,2021,18.542
2021-06-05,23,2021,18.542
2021-06-12,24,2021,0
2021-06-19,25,2021,15.494
2021-06-26,26,2021,36.576
2021-07-03,27,2021,29.972
2021-07-10,28,2021,0.254
2021-07-17,29,2021,3.556
2021-07-24,30,2021,12.192
2021-07-31,31,2021,48.006
2021-08-07,32,2021,18.034
2021-08-14,33,2021,3.556
2021-08-21,34,2021,15.24
2021-08-28,35,2021,3.302
2021-09-04,36,2021,13.208
2021-09-11,37,2021,3.556
2021-09-18,38,2021,13.97
2021-09-25,39,2021,14.224
2021-10-02,40,2022,25.146
2021-10-09,41,2022,12.192
2021-10-16,42,2022,31.75
2021-10-23,43,2022,31.242
2021-10-30,44,2022,52.832
2021-11-06,45,2022,9.144
2021-11-13,46,2022,32.258
2021-11-20,47,2022,11.176
2021-11-27,48,2022,6.096
2021-12-04,49,2022,3.556
2021-12-11,50,2022,48.514
2021-12-18,51,2022,26.924
2021-12-25,52,2022,139.7
2022-01-01,1,2022,60.96
2022-01-08,2,2022,73.68
2022-01-15,3,2022,1.524
2022-01-22,4,2022,23.114
2022-01-29,5,2022,7.874
2022-02-05,6,2022,8.89
2022-02-12,7,2022,12.446
2022-02-19,8,2022,35.814
2022-02-26,9,2022,19.812
2022-03-05,10,2022,21.59
2022-03-12,11,2022,21.336
2022-03-19,12,2022,29.718
2022-03-26,13,2022,2.54
2022-04-02,14,2022,33.02
2022-04-09,15,2022,10.16
2022-04-15,15,2022,51.816
2022-04-23,17,2022,42.926
2022-04-30,18,2022,21.844
2022-05-07,19,2022,58.674
2022-05-14,20,2022,0
2022-05-21,21,2022,57.404
2022-05-28,22,2022,56.02
2022-06-04,23,2022,17.526
2022-06-11,24,2022,1.524
2022-06-18,25,2022,20.066
2022-06-25,26,2022,5.334
2022-07-02,27,2022,21.336
2022-07-09,28,2022,5.334
2022-07-16,29,2022,11.43
2022-07-23,30,2022,21.59
2022-07-30,31,2022,14.224
2022-08-06,32,2022,5.588
2022-08-13,33,2022,37.084
2022-08-20,34,2022,14.732
2022-08-27,35,2022,26.416
2022-09-03,36,2022,0.254
2022-09-10,37,2022,4.064
2022-09-17,38,2022,27.94
2022-09-24,39,2022,6.858
2022-10-01,40,2023,41.91
2022-10-08,41,2023,0.762
2022-10-15,42,2023,0
2022-10-22,43,2023,3.302
2022-10-29,44,2023,11.176
2022-11-05,45,2023,46.736
2022-11-11,45,2023,20.066
2022-11-18,46,2023,21.59
2022-11-25,47,2023,6.096
2022-12-02,48,2023,77.724
2022-12-13,50,2023,55.626
2022-12-24,52,2023,52.578
2022-12-31,53,2023,67.31
